ISO-10303-21;
HEADER;
/* Generated by software containing ST-Developer
 * from STEP Tools, Inc. (www.steptools.com) 
 */

FILE_DESCRIPTION(
/* description */ (''),
/* implementation_level */ '2;1');

FILE_NAME(
/* name */ 'UselessBoxCardboard v14.step',
/* time_stamp */ '2025-09-09T17:13:29-04:00',
/* author */ (''),
/* organization */ (''),
/* preprocessor_version */ 'ST-DEVELOPER v20.1',
/* originating_system */ 'Autodesk Translation Framework v14.10.0.0',
/* authorisation */ '');

FILE_SCHEMA (('AUTOMOTIVE_DESIGN { 1 0 10303 214 3 1 1 }'));
ENDSEC;

DATA;
#10=MECHANICAL_DESIGN_GEOMETRIC_PRESENTATION_REPRESENTATION('',(#50,#51,
#52,#53,#54,#55,#56),#3735);
#11=CONTEXT_DEPENDENT_OVER_RIDING_STYLED_ITEM('',(#3801),#3764,#56,(#23));
#12=MAPPED_ITEM('',#13,#2497);
#13=REPRESENTATION_MAP(#2497,#3760);
#14=ITEM_DEFINED_TRANSFORMATION($,$,#2369,#2491);
#15=ITEM_DEFINED_TRANSFORMATION($,$,#2376,#2492);
#16=ITEM_DEFINED_TRANSFORMATION($,$,#2403,#2493);
#17=ITEM_DEFINED_TRANSFORMATION($,$,#2430,#2494);
#18=ITEM_DEFINED_TRANSFORMATION($,$,#2457,#2495);
#19=ITEM_DEFINED_TRANSFORMATION($,$,#2484,#2496);
#20=(
REPRESENTATION_RELATIONSHIP($,$,#3761,#3760)
REPRESENTATION_RELATIONSHIP_WITH_TRANSFORMATION(#14)
SHAPE_REPRESENTATION_RELATIONSHIP()
);
#21=(
REPRESENTATION_RELATIONSHIP($,$,#3762,#3760)
REPRESENTATION_RELATIONSHIP_WITH_TRANSFORMATION(#15)
SHAPE_REPRESENTATION_RELATIONSHIP()
);
#22=(
REPRESENTATION_RELATIONSHIP($,$,#3763,#3760)
REPRESENTATION_RELATIONSHIP_WITH_TRANSFORMATION(#16)
SHAPE_REPRESENTATION_RELATIONSHIP()
);
#23=(
REPRESENTATION_RELATIONSHIP($,$,#3764,#3760)
REPRESENTATION_RELATIONSHIP_WITH_TRANSFORMATION(#17)
SHAPE_REPRESENTATION_RELATIONSHIP()
);
#24=(
REPRESENTATION_RELATIONSHIP($,$,#3765,#3760)
REPRESENTATION_RELATIONSHIP_WITH_TRANSFORMATION(#18)
SHAPE_REPRESENTATION_RELATIONSHIP()
);
#25=(
REPRESENTATION_RELATIONSHIP($,$,#3766,#3760)
REPRESENTATION_RELATIONSHIP_WITH_TRANSFORMATION(#19)
SHAPE_REPRESENTATION_RELATIONSHIP()
);
#26=CONTEXT_DEPENDENT_SHAPE_REPRESENTATION(#20,#3754);
#27=CONTEXT_DEPENDENT_SHAPE_REPRESENTATION(#21,#3755);
#28=CONTEXT_DEPENDENT_SHAPE_REPRESENTATION(#22,#3756);
#29=CONTEXT_DEPENDENT_SHAPE_REPRESENTATION(#23,#3757);
#30=CONTEXT_DEPENDENT_SHAPE_REPRESENTATION(#24,#3758);
#31=CONTEXT_DEPENDENT_SHAPE_REPRESENTATION(#25,#3759);
#32=NEXT_ASSEMBLY_USAGE_OCCURRENCE('bottom panel:1','bottom panel:1',
'bottom panel:1',#3768,#3769,'bottom panel:1');
#33=NEXT_ASSEMBLY_USAGE_OCCURRENCE('front panel:1','front panel:1',
'front panel:1',#3768,#3770,'front panel:1');
#34=NEXT_ASSEMBLY_USAGE_OCCURRENCE('left panel:1','left panel:1',
'left panel:1',#3768,#3771,'left panel:1');
#35=NEXT_ASSEMBLY_USAGE_OCCURRENCE('right panel:1','right panel:1',
'right panel:1',#3768,#3772,'right panel:1');
#36=NEXT_ASSEMBLY_USAGE_OCCURRENCE('back panel:1','back panel:1',
'back panel:1',#3768,#3773,'back panel:1');
#37=NEXT_ASSEMBLY_USAGE_OCCURRENCE('lid:1','lid:1','lid:1',#3768,#3774,
'lid:1');
#38=SHAPE_REPRESENTATION_RELATIONSHIP('SRR','None',#3761,#44);
#39=SHAPE_REPRESENTATION_RELATIONSHIP('SRR','None',#3762,#45);
#40=SHAPE_REPRESENTATION_RELATIONSHIP('SRR','None',#3763,#46);
#41=SHAPE_REPRESENTATION_RELATIONSHIP('SRR','None',#3764,#47);
#42=SHAPE_REPRESENTATION_RELATIONSHIP('SRR','None',#3765,#48);
#43=SHAPE_REPRESENTATION_RELATIONSHIP('SRR','None',#3766,#49);
#44=ADVANCED_BREP_SHAPE_REPRESENTATION('',(#57),#3729);
#45=ADVANCED_BREP_SHAPE_REPRESENTATION('',(#58),#3730);
#46=ADVANCED_BREP_SHAPE_REPRESENTATION('',(#59),#3731);
#47=ADVANCED_BREP_SHAPE_REPRESENTATION('',(#60),#3732);
#48=ADVANCED_BREP_SHAPE_REPRESENTATION('',(#61),#3733);
#49=ADVANCED_BREP_SHAPE_REPRESENTATION('',(#62),#3734);
#50=STYLED_ITEM('',(#3802),#57);
#51=STYLED_ITEM('',(#3803),#58);
#52=STYLED_ITEM('',(#3799),#59);
#53=STYLED_ITEM('',(#3799),#60);
#54=STYLED_ITEM('',(#3803),#61);
#55=STYLED_ITEM('',(#3804),#62);
#56=STYLED_ITEM('',(#3805),#12);
#57=MANIFOLD_SOLID_BREP('Body1',#2295);
#58=MANIFOLD_SOLID_BREP('Body1',#2296);
#59=MANIFOLD_SOLID_BREP('Body1',#2297);
#60=MANIFOLD_SOLID_BREP('Body1',#2298);
#61=MANIFOLD_SOLID_BREP('Body1',#2299);
#62=MANIFOLD_SOLID_BREP('Body1',#2300);
#63=FACE_OUTER_BOUND('',#179,.T.);
#64=FACE_OUTER_BOUND('',#180,.T.);
#65=FACE_OUTER_BOUND('',#181,.T.);
#66=FACE_OUTER_BOUND('',#182,.T.);
#67=FACE_OUTER_BOUND('',#183,.T.);
#68=FACE_OUTER_BOUND('',#184,.T.);
#69=FACE_OUTER_BOUND('',#185,.T.);
#70=FACE_OUTER_BOUND('',#186,.T.);
#71=FACE_OUTER_BOUND('',#187,.T.);
#72=FACE_OUTER_BOUND('',#188,.T.);
#73=FACE_OUTER_BOUND('',#189,.T.);
#74=FACE_OUTER_BOUND('',#190,.T.);
#75=FACE_OUTER_BOUND('',#191,.T.);
#76=FACE_OUTER_BOUND('',#192,.T.);
#77=FACE_OUTER_BOUND('',#193,.T.);
#78=FACE_OUTER_BOUND('',#194,.T.);
#79=FACE_OUTER_BOUND('',#195,.T.);
#80=FACE_OUTER_BOUND('',#196,.T.);
#81=FACE_OUTER_BOUND('',#197,.T.);
#82=FACE_OUTER_BOUND('',#198,.T.);
#83=FACE_OUTER_BOUND('',#199,.T.);
#84=FACE_OUTER_BOUND('',#200,.T.);
#85=FACE_OUTER_BOUND('',#201,.T.);
#86=FACE_OUTER_BOUND('',#202,.T.);
#87=FACE_OUTER_BOUND('',#203,.T.);
#88=FACE_OUTER_BOUND('',#204,.T.);
#89=FACE_OUTER_BOUND('',#205,.T.);
#90=FACE_OUTER_BOUND('',#206,.T.);
#91=FACE_OUTER_BOUND('',#207,.T.);
#92=FACE_OUTER_BOUND('',#208,.T.);
#93=FACE_OUTER_BOUND('',#209,.T.);
#94=FACE_OUTER_BOUND('',#210,.T.);
#95=FACE_OUTER_BOUND('',#211,.T.);
#96=FACE_OUTER_BOUND('',#212,.T.);
#97=FACE_OUTER_BOUND('',#213,.T.);
#98=FACE_OUTER_BOUND('',#214,.T.);
#99=FACE_OUTER_BOUND('',#215,.T.);
#100=FACE_OUTER_BOUND('',#216,.T.);
#101=FACE_OUTER_BOUND('',#217,.T.);
#102=FACE_OUTER_BOUND('',#218,.T.);
#103=FACE_OUTER_BOUND('',#219,.T.);
#104=FACE_OUTER_BOUND('',#220,.T.);
#105=FACE_OUTER_BOUND('',#221,.T.);
#106=FACE_OUTER_BOUND('',#222,.T.);
#107=FACE_OUTER_BOUND('',#223,.T.);
#108=FACE_OUTER_BOUND('',#224,.T.);
#109=FACE_OUTER_BOUND('',#225,.T.);
#110=FACE_OUTER_BOUND('',#226,.T.);
#111=FACE_OUTER_BOUND('',#227,.T.);
#112=FACE_OUTER_BOUND('',#228,.T.);
#113=FACE_OUTER_BOUND('',#229,.T.);
#114=FACE_OUTER_BOUND('',#230,.T.);
#115=FACE_OUTER_BOUND('',#231,.T.);
#116=FACE_OUTER_BOUND('',#232,.T.);
#117=FACE_OUTER_BOUND('',#233,.T.);
#118=FACE_OUTER_BOUND('',#234,.T.);
#119=FACE_OUTER_BOUND('',#235,.T.);
#120=FACE_OUTER_BOUND('',#236,.T.);
#121=FACE_OUTER_BOUND('',#237,.T.);
#122=FACE_OUTER_BOUND('',#238,.T.);
#123=FACE_OUTER_BOUND('',#239,.T.);
#124=FACE_OUTER_BOUND('',#240,.T.);
#125=FACE_OUTER_BOUND('',#241,.T.);
#126=FACE_OUTER_BOUND('',#242,.T.);
#127=FACE_OUTER_BOUND('',#243,.T.);
#128=FACE_OUTER_BOUND('',#244,.T.);
#129=FACE_OUTER_BOUND('',#245,.T.);
#130=FACE_OUTER_BOUND('',#246,.T.);
#131=FACE_OUTER_BOUND('',#247,.T.);
#132=FACE_OUTER_BOUND('',#248,.T.);
#133=FACE_OUTER_BOUND('',#249,.T.);
#134=FACE_OUTER_BOUND('',#250,.T.);
#135=FACE_OUTER_BOUND('',#251,.T.);
#136=FACE_OUTER_BOUND('',#252,.T.);
#137=FACE_OUTER_BOUND('',#253,.T.);
#138=FACE_OUTER_BOUND('',#254,.T.);
#139=FACE_OUTER_BOUND('',#255,.T.);
#140=FACE_OUTER_BOUND('',#256,.T.);
#141=FACE_OUTER_BOUND('',#257,.T.);
#142=FACE_OUTER_BOUND('',#258,.T.);
#143=FACE_OUTER_BOUND('',#259,.T.);
#144=FACE_OUTER_BOUND('',#260,.T.);
#145=FACE_OUTER_BOUND('',#261,.T.);
#146=FACE_OUTER_BOUND('',#262,.T.);
#147=FACE_OUTER_BOUND('',#263,.T.);
#148=FACE_OUTER_BOUND('',#264,.T.);
#149=FACE_OUTER_BOUND('',#265,.T.);
#150=FACE_OUTER_BOUND('',#266,.T.);
#151=FACE_OUTER_BOUND('',#267,.T.);
#152=FACE_OUTER_BOUND('',#268,.T.);
#153=FACE_OUTER_BOUND('',#269,.T.);
#154=FACE_OUTER_BOUND('',#270,.T.);
#155=FACE_OUTER_BOUND('',#271,.T.);
#156=FACE_OUTER_BOUND('',#272,.T.);
#157=FACE_OUTER_BOUND('',#273,.T.);
#158=FACE_OUTER_BOUND('',#274,.T.);
#159=FACE_OUTER_BOUND('',#275,.T.);
#160=FACE_OUTER_BOUND('',#276,.T.);
#161=FACE_OUTER_BOUND('',#277,.T.);
#162=FACE_OUTER_BOUND('',#278,.T.);
#163=FACE_OUTER_BOUND('',#279,.T.);
#164=FACE_OUTER_BOUND('',#280,.T.);
#165=FACE_OUTER_BOUND('',#281,.T.);
#166=FACE_OUTER_BOUND('',#282,.T.);
#167=FACE_OUTER_BOUND('',#283,.T.);
#168=FACE_OUTER_BOUND('',#284,.T.);
#169=FACE_OUTER_BOUND('',#285,.T.);
#170=FACE_OUTER_BOUND('',#286,.T.);
#171=FACE_OUTER_BOUND('',#287,.T.);
#172=FACE_OUTER_BOUND('',#288,.T.);
#173=FACE_OUTER_BOUND('',#289,.T.);
#174=FACE_OUTER_BOUND('',#290,.T.);
#175=FACE_OUTER_BOUND('',#291,.T.);
#176=FACE_OUTER_BOUND('',#292,.T.);
#177=FACE_OUTER_BOUND('',#293,.T.);
#178=FACE_OUTER_BOUND('',#294,.T.);
#179=EDGE_LOOP('',(#1439,#1440,#1441,#1442));
#180=EDGE_LOOP('',(#1443,#1444,#1445,#1446));
#181=EDGE_LOOP('',(#1447,#1448,#1449,#1450));
#182=EDGE_LOOP('',(#1451,#1452,#1453,#1454));
#183=EDGE_LOOP('',(#1455,#1456,#1457,#1458));
#184=EDGE_LOOP('',(#1459,#1460,#1461,#1462));
#185=EDGE_LOOP('',(#1463,#1464,#1465,#1466));
#186=EDGE_LOOP('',(#1467,#1468,#1469,#1470));
#187=EDGE_LOOP('',(#1471,#1472,#1473,#1474));
#188=EDGE_LOOP('',(#1475,#1476,#1477,#1478));
#189=EDGE_LOOP('',(#1479,#1480,#1481,#1482));
#190=EDGE_LOOP('',(#1483,#1484,#1485,#1486));
#191=EDGE_LOOP('',(#1487,#1488,#1489,#1490));
#192=EDGE_LOOP('',(#1491,#1492,#1493,#1494));
#193=EDGE_LOOP('',(#1495,#1496,#1497,#1498));
#194=EDGE_LOOP('',(#1499,#1500,#1501,#1502));
#195=EDGE_LOOP('',(#1503,#1504,#1505,#1506));
#196=EDGE_LOOP('',(#1507,#1508,#1509,#1510));
#197=EDGE_LOOP('',(#1511,#1512,#1513,#1514));
#198=EDGE_LOOP('',(#1515,#1516,#1517,#1518));
#199=EDGE_LOOP('',(#1519,#1520,#1521,#1522));
#200=EDGE_LOOP('',(#1523,#1524,#1525,#1526));
#201=EDGE_LOOP('',(#1527,#1528,#1529,#1530));
#202=EDGE_LOOP('',(#1531,#1532,#1533,#1534));
#203=EDGE_LOOP('',(#1535,#1536,#1537,#1538));
#204=EDGE_LOOP('',(#1539,#1540,#1541,#1542));
#205=EDGE_LOOP('',(#1543,#1544,#1545,#1546));
#206=EDGE_LOOP('',(#1547,#1548,#1549,#1550));
#207=EDGE_LOOP('',(#1551,#1552,#1553,#1554));
#208=EDGE_LOOP('',(#1555,#1556,#1557,#1558));
#209=EDGE_LOOP('',(#1559,#1560,#1561,#1562,#1563,#1564,#1565,#1566,#1567,
#1568,#1569,#1570,#1571,#1572,#1573,#1574,#1575,#1576,#1577,#1578,#1579,
#1580,#1581,#1582));
#210=EDGE_LOOP('',(#1583,#1584,#1585,#1586,#1587,#1588,#1589,#1590,#1591,
#1592,#1593,#1594,#1595,#1596,#1597,#1598,#1599,#1600,#1601,#1602,#1603,
#1604,#1605,#1606));
#211=EDGE_LOOP('',(#1607,#1608,#1609,#1610));
#212=EDGE_LOOP('',(#1611,#1612,#1613,#1614));
#213=EDGE_LOOP('',(#1615,#1616,#1617,#1618));
#214=EDGE_LOOP('',(#1619,#1620,#1621,#1622));
#215=EDGE_LOOP('',(#1623,#1624,#1625,#1626));
#216=EDGE_LOOP('',(#1627,#1628,#1629,#1630));
#217=EDGE_LOOP('',(#1631,#1632,#1633,#1634));
#218=EDGE_LOOP('',(#1635,#1636,#1637,#1638));
#219=EDGE_LOOP('',(#1639,#1640,#1641,#1642));
#220=EDGE_LOOP('',(#1643,#1644,#1645,#1646));
#221=EDGE_LOOP('',(#1647,#1648,#1649,#1650));
#222=EDGE_LOOP('',(#1651,#1652,#1653,#1654));
#223=EDGE_LOOP('',(#1655,#1656,#1657,#1658));
#224=EDGE_LOOP('',(#1659,#1660,#1661,#1662));
#225=EDGE_LOOP('',(#1663,#1664,#1665,#1666));
#226=EDGE_LOOP('',(#1667,#1668,#1669,#1670));
#227=EDGE_LOOP('',(#1671,#1672,#1673,#1674));
#228=EDGE_LOOP('',(#1675,#1676,#1677,#1678));
#229=EDGE_LOOP('',(#1679,#1680,#1681,#1682));
#230=EDGE_LOOP('',(#1683,#1684,#1685,#1686));
#231=EDGE_LOOP('',(#1687,#1688,#1689,#1690));
#232=EDGE_LOOP('',(#1691,#1692,#1693,#1694));
#233=EDGE_LOOP('',(#1695,#1696,#1697,#1698));
#234=EDGE_LOOP('',(#1699,#1700,#1701,#1702));
#235=EDGE_LOOP('',(#1703,#1704,#1705,#1706,#1707,#1708,#1709,#1710,#1711,
#1712,#1713,#1714,#1715,#1716,#1717,#1718,#1719,#1720,#1721,#1722,#1723,
#1724,#1725,#1726));
#236=EDGE_LOOP('',(#1727,#1728,#1729,#1730,#1731,#1732,#1733,#1734,#1735,
#1736,#1737,#1738,#1739,#1740,#1741,#1742,#1743,#1744,#1745,#1746,#1747,
#1748,#1749,#1750));
#237=EDGE_LOOP('',(#1751,#1752,#1753,#1754));
#238=EDGE_LOOP('',(#1755,#1756,#1757,#1758));
#239=EDGE_LOOP('',(#1759,#1760,#1761,#1762));
#240=EDGE_LOOP('',(#1763,#1764,#1765,#1766));
#241=EDGE_LOOP('',(#1767,#1768,#1769,#1770));
#242=EDGE_LOOP('',(#1771,#1772,#1773,#1774));
#243=EDGE_LOOP('',(#1775,#1776,#1777,#1778));
#244=EDGE_LOOP('',(#1779,#1780,#1781,#1782));
#245=EDGE_LOOP('',(#1783,#1784,#1785,#1786));
#246=EDGE_LOOP('',(#1787,#1788,#1789,#1790));
#247=EDGE_LOOP('',(#1791,#1792,#1793,#1794));
#248=EDGE_LOOP('',(#1795,#1796,#1797,#1798));
#249=EDGE_LOOP('',(#1799,#1800,#1801,#1802));
#250=EDGE_LOOP('',(#1803,#1804,#1805,#1806));
#251=EDGE_LOOP('',(#1807,#1808,#1809,#1810));
#252=EDGE_LOOP('',(#1811,#1812,#1813,#1814));
#253=EDGE_LOOP('',(#1815,#1816,#1817,#1818));
#254=EDGE_LOOP('',(#1819,#1820,#1821,#1822));
#255=EDGE_LOOP('',(#1823,#1824,#1825,#1826));
#256=EDGE_LOOP('',(#1827,#1828,#1829,#1830));
#257=EDGE_LOOP('',(#1831,#1832,#1833,#1834));
#258=EDGE_LOOP('',(#1835,#1836,#1837,#1838));
#259=EDGE_LOOP('',(#1839,#1840,#1841,#1842));
#260=EDGE_LOOP('',(#1843,#1844,#1845,#1846));
#261=EDGE_LOOP('',(#1847,#1848,#1849,#1850,#1851,#1852,#1853,#1854,#1855,
#1856,#1857,#1858,#1859,#1860,#1861,#1862,#1863,#1864,#1865,#1866,#1867,
#1868,#1869,#1870));
#262=EDGE_LOOP('',(#1871,#1872,#1873,#1874,#1875,#1876,#1877,#1878,#1879,
#1880,#1881,#1882,#1883,#1884,#1885,#1886,#1887,#1888,#1889,#1890,#1891,
#1892,#1893,#1894));
#263=EDGE_LOOP('',(#1895,#1896,#1897,#1898));
#264=EDGE_LOOP('',(#1899,#1900,#1901,#1902));
#265=EDGE_LOOP('',(#1903,#1904,#1905,#1906));
#266=EDGE_LOOP('',(#1907,#1908,#1909,#1910));
#267=EDGE_LOOP('',(#1911,#1912,#1913,#1914));
#268=EDGE_LOOP('',(#1915,#1916,#1917,#1918));
#269=EDGE_LOOP('',(#1919,#1920,#1921,#1922));
#270=EDGE_LOOP('',(#1923,#1924,#1925,#1926));
#271=EDGE_LOOP('',(#1927,#1928,#1929,#1930));
#272=EDGE_LOOP('',(#1931,#1932,#1933,#1934));
#273=EDGE_LOOP('',(#1935,#1936,#1937,#1938));
#274=EDGE_LOOP('',(#1939,#1940,#1941,#1942));
#275=EDGE_LOOP('',(#1943,#1944,#1945,#1946));
#276=EDGE_LOOP('',(#1947,#1948,#1949,#1950));
#277=EDGE_LOOP('',(#1951,#1952,#1953,#1954));
#278=EDGE_LOOP('',(#1955,#1956,#1957,#1958));
#279=EDGE_LOOP('',(#1959,#1960,#1961,#1962));
#280=EDGE_LOOP('',(#1963,#1964,#1965,#1966));
#281=EDGE_LOOP('',(#1967,#1968,#1969,#1970));
#282=EDGE_LOOP('',(#1971,#1972,#1973,#1974));
#283=EDGE_LOOP('',(#1975,#1976,#1977,#1978));
#284=EDGE_LOOP('',(#1979,#1980,#1981,#1982));
#285=EDGE_LOOP('',(#1983,#1984,#1985,#1986));
#286=EDGE_LOOP('',(#1987,#1988,#1989,#1990));
#287=EDGE_LOOP('',(#1991,#1992,#1993,#1994,#1995,#1996,#1997,#1998,#1999,
#2000,#2001,#2002,#2003,#2004,#2005,#2006,#2007,#2008,#2009,#2010,#2011,
#2012,#2013,#2014));
#288=EDGE_LOOP('',(#2015,#2016,#2017,#2018,#2019,#2020,#2021,#2022,#2023,
#2024,#2025,#2026,#2027,#2028,#2029,#2030,#2031,#2032,#2033,#2034,#2035,
#2036,#2037,#2038));
#289=EDGE_LOOP('',(#2039,#2040,#2041,#2042));
#290=EDGE_LOOP('',(#2043,#2044,#2045,#2046));
#291=EDGE_LOOP('',(#2047,#2048,#2049,#2050));
#292=EDGE_LOOP('',(#2051,#2052,#2053,#2054));
#293=EDGE_LOOP('',(#2055,#2056,#2057,#2058));
#294=EDGE_LOOP('',(#2059,#2060,#2061,#2062));
#295=LINE('',#3075,#607);
#296=LINE('',#3077,#608);
#297=LINE('',#3079,#609);
#298=LINE('',#3080,#610);
#299=LINE('',#3083,#611);
#300=LINE('',#3085,#612);
#301=LINE('',#3086,#613);
#302=LINE('',#3089,#614);
#303=LINE('',#3091,#615);
#304=LINE('',#3092,#616);
#305=LINE('',#3094,#617);
#306=LINE('',#3095,#618);
#307=LINE('',#3102,#619);
#308=LINE('',#3104,#620);
#309=LINE('',#3106,#621);
#310=LINE('',#3107,#622);
#311=LINE('',#3110,#623);
#312=LINE('',#3112,#624);
#313=LINE('',#3113,#625);
#314=LINE('',#3116,#626);
#315=LINE('',#3118,#627);
#316=LINE('',#3119,#628);
#317=LINE('',#3122,#629);
#318=LINE('',#3124,#630);
#319=LINE('',#3125,#631);
#320=LINE('',#3128,#632);
#321=LINE('',#3130,#633);
#322=LINE('',#3131,#634);
#323=LINE('',#3134,#635);
#324=LINE('',#3136,#636);
#325=LINE('',#3137,#637);
#326=LINE('',#3140,#638);
#327=LINE('',#3142,#639);
#328=LINE('',#3143,#640);
#329=LINE('',#3146,#641);
#330=LINE('',#3148,#642);
#331=LINE('',#3149,#643);
#332=LINE('',#3152,#644);
#333=LINE('',#3154,#645);
#334=LINE('',#3155,#646);
#335=LINE('',#3158,#647);
#336=LINE('',#3160,#648);
#337=LINE('',#3161,#649);
#338=LINE('',#3164,#650);
#339=LINE('',#3166,#651);
#340=LINE('',#3167,#652);
#341=LINE('',#3170,#653);
#342=LINE('',#3172,#654);
#343=LINE('',#3173,#655);
#344=LINE('',#3176,#656);
#345=LINE('',#3178,#657);
#346=LINE('',#3179,#658);
#347=LINE('',#3182,#659);
#348=LINE('',#3184,#660);
#349=LINE('',#3185,#661);
#350=LINE('',#3188,#662);
#351=LINE('',#3190,#663);
#352=LINE('',#3191,#664);
#353=LINE('',#3194,#665);
#354=LINE('',#3196,#666);
#355=LINE('',#3197,#667);
#356=LINE('',#3200,#668);
#357=LINE('',#3202,#669);
#358=LINE('',#3203,#670);
#359=LINE('',#3206,#671);
#360=LINE('',#3208,#672);
#361=LINE('',#3209,#673);
#362=LINE('',#3212,#674);
#363=LINE('',#3214,#675);
#364=LINE('',#3215,#676);
#365=LINE('',#3218,#677);
#366=LINE('',#3220,#678);
#367=LINE('',#3221,#679);
#368=LINE('',#3224,#680);
#369=LINE('',#3226,#681);
#370=LINE('',#3227,#682);
#371=LINE('',#3230,#683);
#372=LINE('',#3232,#684);
#373=LINE('',#3233,#685);
#374=LINE('',#3236,#686);
#375=LINE('',#3238,#687);
#376=LINE('',#3239,#688);
#377=LINE('',#3241,#689);
#378=LINE('',#3242,#690);
#379=LINE('',#3249,#691);
#380=LINE('',#3251,#692);
#381=LINE('',#3253,#693);
#382=LINE('',#3254,#694);
#383=LINE('',#3257,#695);
#384=LINE('',#3259,#696);
#385=LINE('',#3260,#697);
#386=LINE('',#3263,#698);
#387=LINE('',#3265,#699);
#388=LINE('',#3266,#700);
#389=LINE('',#3269,#701);
#390=LINE('',#3271,#702);
#391=LINE('',#3272,#703);
#392=LINE('',#3275,#704);
#393=LINE('',#3277,#705);
#394=LINE('',#3278,#706);
#395=LINE('',#3281,#707);
#396=LINE('',#3283,#708);
#397=LINE('',#3284,#709);
#398=LINE('',#3287,#710);
#399=LINE('',#3289,#711);
#400=LINE('',#3290,#712);
#401=LINE('',#3293,#713);
#402=LINE('',#3295,#714);
#403=LINE('',#3296,#715);
#404=LINE('',#3299,#716);
#405=LINE('',#3301,#717);
#406=LINE('',#3302,#718);
#407=LINE('',#3305,#719);
#408=LINE('',#3307,#720);
#409=LINE('',#3308,#721);
#410=LINE('',#3311,#722);
#411=LINE('',#3313,#723);
#412=LINE('',#3314,#724);
#413=LINE('',#3317,#725);
#414=LINE('',#3319,#726);
#415=LINE('',#3320,#727);
#416=LINE('',#3323,#728);
#417=LINE('',#3325,#729);
#418=LINE('',#3326,#730);
#419=LINE('',#3329,#731);
#420=LINE('',#3331,#732);
#421=LINE('',#3332,#733);
#422=LINE('',#3335,#734);
#423=LINE('',#3337,#735);
#424=LINE('',#3338,#736);
#425=LINE('',#3341,#737);
#426=LINE('',#3343,#738);
#427=LINE('',#3344,#739);
#428=LINE('',#3347,#740);
#429=LINE('',#3349,#741);
#430=LINE('',#3350,#742);
#431=LINE('',#3353,#743);
#432=LINE('',#3355,#744);
#433=LINE('',#3356,#745);
#434=LINE('',#3359,#746);
#435=LINE('',#3361,#747);
#436=LINE('',#3362,#748);
#437=LINE('',#3365,#749);
#438=LINE('',#3367,#750);
#439=LINE('',#3368,#751);
#440=LINE('',#3371,#752);
#441=LINE('',#3373,#753);
#442=LINE('',#3374,#754);
#443=LINE('',#3377,#755);
#444=LINE('',#3379,#756);
#445=LINE('',#3380,#757);
#446=LINE('',#3383,#758);
#447=LINE('',#3385,#759);
#448=LINE('',#3386,#760);
#449=LINE('',#3388,#761);
#450=LINE('',#3389,#762);
#451=LINE('',#3396,#763);
#452=LINE('',#3398,#764);
#453=LINE('',#3400,#765);
#454=LINE('',#3401,#766);
#455=LINE('',#3404,#767);
#456=LINE('',#3406,#768);
#457=LINE('',#3407,#769);
#458=LINE('',#3410,#770);
#459=LINE('',#3412,#771);
#460=LINE('',#3413,#772);
#461=LINE('',#3416,#773);
#462=LINE('',#3418,#774);
#463=LINE('',#3419,#775);
#464=LINE('',#3422,#776);
#465=LINE('',#3424,#777);
#466=LINE('',#3425,#778);
#467=LINE('',#3428,#779);
#468=LINE('',#3430,#780);
#469=LINE('',#3431,#781);
#470=LINE('',#3434,#782);
#471=LINE('',#3436,#783);
#472=LINE('',#3437,#784);
#473=LINE('',#3440,#785);
#474=LINE('',#3442,#786);
#475=LINE('',#3443,#787);
#476=LINE('',#3446,#788);
#477=LINE('',#3448,#789);
#478=LINE('',#3449,#790);
#479=LINE('',#3452,#791);
#480=LINE('',#3454,#792);
#481=LINE('',#3455,#793);
#482=LINE('',#3458,#794);
#483=LINE('',#3460,#795);
#484=LINE('',#3461,#796);
#485=LINE('',#3464,#797);
#486=LINE('',#3466,#798);
#487=LINE('',#3467,#799);
#488=LINE('',#3470,#800);
#489=LINE('',#3472,#801);
#490=LINE('',#3473,#802);
#491=LINE('',#3476,#803);
#492=LINE('',#3478,#804);
#493=LINE('',#3479,#805);
#494=LINE('',#3482,#806);
#495=LINE('',#3484,#807);
#496=LINE('',#3485,#808);
#497=LINE('',#3488,#809);
#498=LINE('',#3490,#810);
#499=LINE('',#3491,#811);
#500=LINE('',#3494,#812);
#501=LINE('',#3496,#813);
#502=LINE('',#3497,#814);
#503=LINE('',#3500,#815);
#504=LINE('',#3502,#816);
#505=LINE('',#3503,#817);
#506=LINE('',#3506,#818);
#507=LINE('',#3508,#819);
#508=LINE('',#3509,#820);
#509=LINE('',#3512,#821);
#510=LINE('',#3514,#822);
#511=LINE('',#3515,#823);
#512=LINE('',#3518,#824);
#513=LINE('',#3520,#825);
#514=LINE('',#3521,#826);
#515=LINE('',#3524,#827);
#516=LINE('',#3526,#828);
#517=LINE('',#3527,#829);
#518=LINE('',#3530,#830);
#519=LINE('',#3532,#831);
#520=LINE('',#3533,#832);
#521=LINE('',#3535,#833);
#522=LINE('',#3536,#834);
#523=LINE('',#3543,#835);
#524=LINE('',#3545,#836);
#525=LINE('',#3547,#837);
#526=LINE('',#3548,#838);
#527=LINE('',#3551,#839);
#528=LINE('',#3553,#840);
#529=LINE('',#3554,#841);
#530=LINE('',#3557,#842);
#531=LINE('',#3559,#843);
#532=LINE('',#3560,#844);
#533=LINE('',#3563,#845);
#534=LINE('',#3565,#846);
#535=LINE('',#3566,#847);
#536=LINE('',#3569,#848);
#537=LINE('',#3571,#849);
#538=LINE('',#3572,#850);
#539=LINE('',#3575,#851);
#540=LINE('',#3577,#852);
#541=LINE('',#3578,#853);
#542=LINE('',#3581,#854);
#543=LINE('',#3583,#855);
#544=LINE('',#3584,#856);
#545=LINE('',#3587,#857);
#546=LINE('',#3589,#858);
#547=LINE('',#3590,#859);
#548=LINE('',#3593,#860);
#549=LINE('',#3595,#861);
#550=LINE('',#3596,#862);
#551=LINE('',#3599,#863);
#552=LINE('',#3601,#864);
#553=LINE('',#3602,#865);
#554=LINE('',#3605,#866);
#555=LINE('',#3607,#867);
#556=LINE('',#3608,#868);
#557=LINE('',#3611,#869);
#558=LINE('',#3613,#870);
#559=LINE('',#3614,#871);
#560=LINE('',#3617,#872);
#561=LINE('',#3619,#873);
#562=LINE('',#3620,#874);
#563=LINE('',#3623,#875);
#564=LINE('',#3625,#876);
#565=LINE('',#3626,#877);
#566=LINE('',#3629,#878);
#567=LINE('',#3631,#879);
#568=LINE('',#3632,#880);
#569=LINE('',#3635,#881);
#570=LINE('',#3637,#882);
#571=LINE('',#3638,#883);
#572=LINE('',#3641,#884);
#573=LINE('',#3643,#885);
#574=LINE('',#3644,#886);
#575=LINE('',#3647,#887);
#576=LINE('',#3649,#888);
#577=LINE('',#3650,#889);
#578=LINE('',#3653,#890);
#579=LINE('',#3655,#891);
#580=LINE('',#3656,#892);
#581=LINE('',#3659,#893);
#582=LINE('',#3661,#894);
#583=LINE('',#3662,#895);
#584=LINE('',#3665,#896);
#585=LINE('',#3667,#897);
#586=LINE('',#3668,#898);
#587=LINE('',#3671,#899);
#588=LINE('',#3673,#900);
#589=LINE('',#3674,#901);
#590=LINE('',#3677,#902);
#591=LINE('',#3679,#903);
#592=LINE('',#3680,#904);
#593=LINE('',#3682,#905);
#594=LINE('',#3683,#906);
#595=LINE('',#3690,#907);
#596=LINE('',#3692,#908);
#597=LINE('',#3694,#909);
#598=LINE('',#3695,#910);
#599=LINE('',#3698,#911);
#600=LINE('',#3700,#912);
#601=LINE('',#3701,#913);
#602=LINE('',#3704,#914);
#603=LINE('',#3706,#915);
#604=LINE('',#3707,#916);
#605=LINE('',#3709,#917);
#606=LINE('',#3710,#918);
#607=VECTOR('',#2504,10.);
#608=VECTOR('',#2505,10.);
#609=VECTOR('',#2506,10.);
#610=VECTOR('',#2507,10.);
#611=VECTOR('',#2510,10.);
#612=VECTOR('',#2511,10.);
#613=VECTOR('',#2512,10.);
#614=VECTOR('',#2515,10.);
#615=VECTOR('',#2516,10.);
#616=VECTOR('',#2517,10.);
#617=VECTOR('',#2520,10.);
#618=VECTOR('',#2521,10.);
#619=VECTOR('',#2530,10.);
#620=VECTOR('',#2531,10.);
#621=VECTOR('',#2532,10.);
#622=VECTOR('',#2533,10.);
#623=VECTOR('',#2536,10.);
#624=VECTOR('',#2537,10.);
#625=VECTOR('',#2538,10.);
#626=VECTOR('',#2541,10.);
#627=VECTOR('',#2542,10.);
#628=VECTOR('',#2543,10.);
#629=VECTOR('',#2546,10.);
#630=VECTOR('',#2547,10.);
#631=VECTOR('',#2548,10.);
#632=VECTOR('',#2551,10.);
#633=VECTOR('',#2552,10.);
#634=VECTOR('',#2553,10.);
#635=VECTOR('',#2556,10.);
#636=VECTOR('',#2557,10.);
#637=VECTOR('',#2558,10.);
#638=VECTOR('',#2561,10.);
#639=VECTOR('',#2562,10.);
#640=VECTOR('',#2563,10.);
#641=VECTOR('',#2566,10.);
#642=VECTOR('',#2567,10.);
#643=VECTOR('',#2568,10.);
#644=VECTOR('',#2571,10.);
#645=VECTOR('',#2572,10.);
#646=VECTOR('',#2573,10.);
#647=VECTOR('',#2576,10.);
#648=VECTOR('',#2577,10.);
#649=VECTOR('',#2578,10.);
#650=VECTOR('',#2581,10.);
#651=VECTOR('',#2582,10.);
#652=VECTOR('',#2583,10.);
#653=VECTOR('',#2586,10.);
#654=VECTOR('',#2587,10.);
#655=VECTOR('',#2588,10.);
#656=VECTOR('',#2591,10.);
#657=VECTOR('',#2592,10.);
#658=VECTOR('',#2593,10.);
#659=VECTOR('',#2596,10.);
#660=VECTOR('',#2597,10.);
#661=VECTOR('',#2598,10.);
#662=VECTOR('',#2601,10.);
#663=VECTOR('',#2602,10.);
#664=VECTOR('',#2603,10.);
#665=VECTOR('',#2606,10.);
#666=VECTOR('',#2607,10.);
#667=VECTOR('',#2608,10.);
#668=VECTOR('',#2611,10.);
#669=VECTOR('',#2612,10.);
#670=VECTOR('',#2613,10.);
#671=VECTOR('',#2616,10.);
#672=VECTOR('',#2617,10.);
#673=VECTOR('',#2618,10.);
#674=VECTOR('',#2621,10.);
#675=VECTOR('',#2622,10.);
#676=VECTOR('',#2623,10.);
#677=VECTOR('',#2626,10.);
#678=VECTOR('',#2627,10.);
#679=VECTOR('',#2628,10.);
#680=VECTOR('',#2631,10.);
#681=VECTOR('',#2632,10.);
#682=VECTOR('',#2633,10.);
#683=VECTOR('',#2636,10.);
#684=VECTOR('',#2637,10.);
#685=VECTOR('',#2638,10.);
#686=VECTOR('',#2641,10.);
#687=VECTOR('',#2642,10.);
#688=VECTOR('',#2643,10.);
#689=VECTOR('',#2646,10.);
#690=VECTOR('',#2647,10.);
#691=VECTOR('',#2656,10.);
#692=VECTOR('',#2657,10.);
#693=VECTOR('',#2658,10.);
#694=VECTOR('',#2659,10.);
#695=VECTOR('',#2662,10.);
#696=VECTOR('',#2663,10.);
#697=VECTOR('',#2664,10.);
#698=VECTOR('',#2667,10.);
#699=VECTOR('',#2668,10.);
#700=VECTOR('',#2669,10.);
#701=VECTOR('',#2672,10.);
#702=VECTOR('',#2673,10.);
#703=VECTOR('',#2674,10.);
#704=VECTOR('',#2677,10.);
#705=VECTOR('',#2678,10.);
#706=VECTOR('',#2679,10.);
#707=VECTOR('',#2682,10.);
#708=VECTOR('',#2683,10.);
#709=VECTOR('',#2684,10.);
#710=VECTOR('',#2687,10.);
#711=VECTOR('',#2688,10.);
#712=VECTOR('',#2689,10.);
#713=VECTOR('',#2692,10.);
#714=VECTOR('',#2693,10.);
#715=VECTOR('',#2694,10.);
#716=VECTOR('',#2697,10.);
#717=VECTOR('',#2698,10.);
#718=VECTOR('',#2699,10.);
#719=VECTOR('',#2702,10.);
#720=VECTOR('',#2703,10.);
#721=VECTOR('',#2704,10.);
#722=VECTOR('',#2707,10.);
#723=VECTOR('',#2708,10.);
#724=VECTOR('',#2709,10.);
#725=VECTOR('',#2712,10.);
#726=VECTOR('',#2713,10.);
#727=VECTOR('',#2714,10.);
#728=VECTOR('',#2717,10.);
#729=VECTOR('',#2718,10.);
#730=VECTOR('',#2719,10.);
#731=VECTOR('',#2722,10.);
#732=VECTOR('',#2723,10.);
#733=VECTOR('',#2724,10.);
#734=VECTOR('',#2727,10.);
#735=VECTOR('',#2728,10.);
#736=VECTOR('',#2729,10.);
#737=VECTOR('',#2732,10.);
#738=VECTOR('',#2733,10.);
#739=VECTOR('',#2734,10.);
#740=VECTOR('',#2737,10.);
#741=VECTOR('',#2738,10.);
#742=VECTOR('',#2739,10.);
#743=VECTOR('',#2742,10.);
#744=VECTOR('',#2743,10.);
#745=VECTOR('',#2744,10.);
#746=VECTOR('',#2747,10.);
#747=VECTOR('',#2748,10.);
#748=VECTOR('',#2749,10.);
#749=VECTOR('',#2752,10.);
#750=VECTOR('',#2753,10.);
#751=VECTOR('',#2754,10.);
#752=VECTOR('',#2757,10.);
#753=VECTOR('',#2758,10.);
#754=VECTOR('',#2759,10.);
#755=VECTOR('',#2762,10.);
#756=VECTOR('',#2763,10.);
#757=VECTOR('',#2764,10.);
#758=VECTOR('',#2767,10.);
#759=VECTOR('',#2768,10.);
#760=VECTOR('',#2769,10.);
#761=VECTOR('',#2772,10.);
#762=VECTOR('',#2773,10.);
#763=VECTOR('',#2782,10.);
#764=VECTOR('',#2783,10.);
#765=VECTOR('',#2784,10.);
#766=VECTOR('',#2785,10.);
#767=VECTOR('',#2788,10.);
#768=VECTOR('',#2789,10.);
#769=VECTOR('',#2790,10.);
#770=VECTOR('',#2793,10.);
#771=VECTOR('',#2794,10.);
#772=VECTOR('',#2795,10.);
#773=VECTOR('',#2798,10.);
#774=VECTOR('',#2799,10.);
#775=VECTOR('',#2800,10.);
#776=VECTOR('',#2803,10.);
#777=VECTOR('',#2804,10.);
#778=VECTOR('',#2805,10.);
#779=VECTOR('',#2808,10.);
#780=VECTOR('',#2809,10.);
#781=VECTOR('',#2810,10.);
#782=VECTOR('',#2813,10.);
#783=VECTOR('',#2814,10.);
#784=VECTOR('',#2815,10.);
#785=VECTOR('',#2818,10.);
#786=VECTOR('',#2819,10.);
#787=VECTOR('',#2820,10.);
#788=VECTOR('',#2823,10.);
#789=VECTOR('',#2824,10.);
#790=VECTOR('',#2825,10.);
#791=VECTOR('',#2828,10.);
#792=VECTOR('',#2829,10.);
#793=VECTOR('',#2830,10.);
#794=VECTOR('',#2833,10.);
#795=VECTOR('',#2834,10.);
#796=VECTOR('',#2835,10.);
#797=VECTOR('',#2838,10.);
#798=VECTOR('',#2839,10.);
#799=VECTOR('',#2840,10.);
#800=VECTOR('',#2843,10.);
#801=VECTOR('',#2844,10.);
#802=VECTOR('',#2845,10.);
#803=VECTOR('',#2848,10.);
#804=VECTOR('',#2849,10.);
#805=VECTOR('',#2850,10.);
#806=VECTOR('',#2853,10.);
#807=VECTOR('',#2854,10.);
#808=VECTOR('',#2855,10.);
#809=VECTOR('',#2858,10.);
#810=VECTOR('',#2859,10.);
#811=VECTOR('',#2860,10.);
#812=VECTOR('',#2863,10.);
#813=VECTOR('',#2864,10.);
#814=VECTOR('',#2865,10.);
#815=VECTOR('',#2868,10.);
#816=VECTOR('',#2869,10.);
#817=VECTOR('',#2870,10.);
#818=VECTOR('',#2873,10.);
#819=VECTOR('',#2874,10.);
#820=VECTOR('',#2875,10.);
#821=VECTOR('',#2878,10.);
#822=VECTOR('',#2879,10.);
#823=VECTOR('',#2880,10.);
#824=VECTOR('',#2883,10.);
#825=VECTOR('',#2884,10.);
#826=VECTOR('',#2885,10.);
#827=VECTOR('',#2888,10.);
#828=VECTOR('',#2889,10.);
#829=VECTOR('',#2890,10.);
#830=VECTOR('',#2893,10.);
#831=VECTOR('',#2894,10.);
#832=VECTOR('',#2895,10.);
#833=VECTOR('',#2898,10.);
#834=VECTOR('',#2899,10.);
#835=VECTOR('',#2908,10.);
#836=VECTOR('',#2909,10.);
#837=VECTOR('',#2910,10.);
#838=VECTOR('',#2911,10.);
#839=VECTOR('',#2914,10.);
#840=VECTOR('',#2915,10.);
#841=VECTOR('',#2916,10.);
#842=VECTOR('',#2919,10.);
#843=VECTOR('',#2920,10.);
#844=VECTOR('',#2921,10.);
#845=VECTOR('',#2924,10.);
#846=VECTOR('',#2925,10.);
#847=VECTOR('',#2926,10.);
#848=VECTOR('',#2929,10.);
#849=VECTOR('',#2930,10.);
#850=VECTOR('',#2931,10.);
#851=VECTOR('',#2934,10.);
#852=VECTOR('',#2935,10.);
#853=VECTOR('',#2936,10.);
#854=VECTOR('',#2939,10.);
#855=VECTOR('',#2940,10.);
#856=VECTOR('',#2941,10.);
#857=VECTOR('',#2944,10.);
#858=VECTOR('',#2945,10.);
#859=VECTOR('',#2946,10.);
#860=VECTOR('',#2949,10.);
#861=VECTOR('',#2950,10.);
#862=VECTOR('',#2951,10.);
#863=VECTOR('',#2954,10.);
#864=VECTOR('',#2955,10.);
#865=VECTOR('',#2956,10.);
#866=VECTOR('',#2959,10.);
#867=VECTOR('',#2960,10.);
#868=VECTOR('',#2961,10.);
#869=VECTOR('',#2964,10.);
#870=VECTOR('',#2965,10.);
#871=VECTOR('',#2966,10.);
#872=VECTOR('',#2969,10.);
#873=VECTOR('',#2970,10.);
#874=VECTOR('',#2971,10.);
#875=VECTOR('',#2974,10.);
#876=VECTOR('',#2975,10.);
#877=VECTOR('',#2976,10.);
#878=VECTOR('',#2979,10.);
#879=VECTOR('',#2980,10.);
#880=VECTOR('',#2981,10.);
#881=VECTOR('',#2984,10.);
#882=VECTOR('',#2985,10.);
#883=VECTOR('',#2986,10.);
#884=VECTOR('',#2989,10.);
#885=VECTOR('',#2990,10.);
#886=VECTOR('',#2991,10.);
#887=VECTOR('',#2994,10.);
#888=VECTOR('',#2995,10.);
#889=VECTOR('',#2996,10.);
#890=VECTOR('',#2999,10.);
#891=VECTOR('',#3000,10.);
#892=VECTOR('',#3001,10.);
#893=VECTOR('',#3004,10.);
#894=VECTOR('',#3005,10.);
#895=VECTOR('',#3006,10.);
#896=VECTOR('',#3009,10.);
#897=VECTOR('',#3010,10.);
#898=VECTOR('',#3011,10.);
#899=VECTOR('',#3014,10.);
#900=VECTOR('',#3015,10.);
#901=VECTOR('',#3016,10.);
#902=VECTOR('',#3019,10.);
#903=VECTOR('',#3020,10.);
#904=VECTOR('',#3021,10.);
#905=VECTOR('',#3024,10.);
#906=VECTOR('',#3025,10.);
#907=VECTOR('',#3034,10.);
#908=VECTOR('',#3035,10.);
#909=VECTOR('',#3036,10.);
#910=VECTOR('',#3037,10.);
#911=VECTOR('',#3040,10.);
#912=VECTOR('',#3041,10.);
#913=VECTOR('',#3042,10.);
#914=VECTOR('',#3045,10.);
#915=VECTOR('',#3046,10.);
#916=VECTOR('',#3047,10.);
#917=VECTOR('',#3050,10.);
#918=VECTOR('',#3051,10.);
#919=VERTEX_POINT('',#3073);
#920=VERTEX_POINT('',#3074);
#921=VERTEX_POINT('',#3076);
#922=VERTEX_POINT('',#3078);
#923=VERTEX_POINT('',#3082);
#924=VERTEX_POINT('',#3084);
#925=VERTEX_POINT('',#3088);
#926=VERTEX_POINT('',#3090);
#927=VERTEX_POINT('',#3100);
#928=VERTEX_POINT('',#3101);
#929=VERTEX_POINT('',#3103);
#930=VERTEX_POINT('',#3105);
#931=VERTEX_POINT('',#3109);
#932=VERTEX_POINT('',#3111);
#933=VERTEX_POINT('',#3115);
#934=VERTEX_POINT('',#3117);
#935=VERTEX_POINT('',#3121);
#936=VERTEX_POINT('',#3123);
#937=VERTEX_POINT('',#3127);
#938=VERTEX_POINT('',#3129);
#939=VERTEX_POINT('',#3133);
#940=VERTEX_POINT('',#3135);
#941=VERTEX_POINT('',#3139);
#942=VERTEX_POINT('',#3141);
#943=VERTEX_POINT('',#3145);
#944=VERTEX_POINT('',#3147);
#945=VERTEX_POINT('',#3151);
#946=VERTEX_POINT('',#3153);
#947=VERTEX_POINT('',#3157);
#948=VERTEX_POINT('',#3159);
#949=VERTEX_POINT('',#3163);
#950=VERTEX_POINT('',#3165);
#951=VERTEX_POINT('',#3169);
#952=VERTEX_POINT('',#3171);
#953=VERTEX_POINT('',#3175);
#954=VERTEX_POINT('',#3177);
#955=VERTEX_POINT('',#3181);
#956=VERTEX_POINT('',#3183);
#957=VERTEX_POINT('',#3187);
#958=VERTEX_POINT('',#3189);
#959=VERTEX_POINT('',#3193);
#960=VERTEX_POINT('',#3195);
#961=VERTEX_POINT('',#3199);
#962=VERTEX_POINT('',#3201);
#963=VERTEX_POINT('',#3205);
#964=VERTEX_POINT('',#3207);
#965=VERTEX_POINT('',#3211);
#966=VERTEX_POINT('',#3213);
#967=VERTEX_POINT('',#3217);
#968=VERTEX_POINT('',#3219);
#969=VERTEX_POINT('',#3223);
#970=VERTEX_POINT('',#3225);
#971=VERTEX_POINT('',#3229);
#972=VERTEX_POINT('',#3231);
#973=VERTEX_POINT('',#3235);
#974=VERTEX_POINT('',#3237);
#975=VERTEX_POINT('',#3247);
#976=VERTEX_POINT('',#3248);
#977=VERTEX_POINT('',#3250);
#978=VERTEX_POINT('',#3252);
#979=VERTEX_POINT('',#3256);
#980=VERTEX_POINT('',#3258);
#981=VERTEX_POINT('',#3262);
#982=VERTEX_POINT('',#3264);
#983=VERTEX_POINT('',#3268);
#984=VERTEX_POINT('',#3270);
#985=VERTEX_POINT('',#3274);
#986=VERTEX_POINT('',#3276);
#987=VERTEX_POINT('',#3280);
#988=VERTEX_POINT('',#3282);
#989=VERTEX_POINT('',#3286);
#990=VERTEX_POINT('',#3288);
#991=VERTEX_POINT('',#3292);
#992=VERTEX_POINT('',#3294);
#993=VERTEX_POINT('',#3298);
#994=VERTEX_POINT('',#3300);
#995=VERTEX_POINT('',#3304);
#996=VERTEX_POINT('',#3306);
#997=VERTEX_POINT('',#3310);
#998=VERTEX_POINT('',#3312);
#999=VERTEX_POINT('',#3316);
#1000=VERTEX_POINT('',#3318);
#1001=VERTEX_POINT('',#3322);
#1002=VERTEX_POINT('',#3324);
#1003=VERTEX_POINT('',#3328);
#1004=VERTEX_POINT('',#3330);
#1005=VERTEX_POINT('',#3334);
#1006=VERTEX_POINT('',#3336);
#1007=VERTEX_POINT('',#3340);
#1008=VERTEX_POINT('',#3342);
#1009=VERTEX_POINT('',#3346);
#1010=VERTEX_POINT('',#3348);
#1011=VERTEX_POINT('',#3352);
#1012=VERTEX_POINT('',#3354);
#1013=VERTEX_POINT('',#3358);
#1014=VERTEX_POINT('',#3360);
#1015=VERTEX_POINT('',#3364);
#1016=VERTEX_POINT('',#3366);
#1017=VERTEX_POINT('',#3370);
#1018=VERTEX_POINT('',#3372);
#1019=VERTEX_POINT('',#3376);
#1020=VERTEX_POINT('',#3378);
#1021=VERTEX_POINT('',#3382);
#1022=VERTEX_POINT('',#3384);
#1023=VERTEX_POINT('',#3394);
#1024=VERTEX_POINT('',#3395);
#1025=VERTEX_POINT('',#3397);
#1026=VERTEX_POINT('',#3399);
#1027=VERTEX_POINT('',#3403);
#1028=VERTEX_POINT('',#3405);
#1029=VERTEX_POINT('',#3409);
#1030=VERTEX_POINT('',#3411);
#1031=VERTEX_POINT('',#3415);
#1032=VERTEX_POINT('',#3417);
#1033=VERTEX_POINT('',#3421);
#1034=VERTEX_POINT('',#3423);
#1035=VERTEX_POINT('',#3427);
#1036=VERTEX_POINT('',#3429);
#1037=VERTEX_POINT('',#3433);
#1038=VERTEX_POINT('',#3435);
#1039=VERTEX_POINT('',#3439);
#1040=VERTEX_POINT('',#3441);
#1041=VERTEX_POINT('',#3445);
#1042=VERTEX_POINT('',#3447);
#1043=VERTEX_POINT('',#3451);
#1044=VERTEX_POINT('',#3453);
#1045=VERTEX_POINT('',#3457);
#1046=VERTEX_POINT('',#3459);
#1047=VERTEX_POINT('',#3463);
#1048=VERTEX_POINT('',#3465);
#1049=VERTEX_POINT('',#3469);
#1050=VERTEX_POINT('',#3471);
#1051=VERTEX_POINT('',#3475);
#1052=VERTEX_POINT('',#3477);
#1053=VERTEX_POINT('',#3481);
#1054=VERTEX_POINT('',#3483);
#1055=VERTEX_POINT('',#3487);
#1056=VERTEX_POINT('',#3489);
#1057=VERTEX_POINT('',#3493);
#1058=VERTEX_POINT('',#3495);
#1059=VERTEX_POINT('',#3499);
#1060=VERTEX_POINT('',#3501);
#1061=VERTEX_POINT('',#3505);
#1062=VERTEX_POINT('',#3507);
#1063=VERTEX_POINT('',#3511);
#1064=VERTEX_POINT('',#3513);
#1065=VERTEX_POINT('',#3517);
#1066=VERTEX_POINT('',#3519);
#1067=VERTEX_POINT('',#3523);
#1068=VERTEX_POINT('',#3525);
#1069=VERTEX_POINT('',#3529);
#1070=VERTEX_POINT('',#3531);
#1071=VERTEX_POINT('',#3541);
#1072=VERTEX_POINT('',#3542);
#1073=VERTEX_POINT('',#3544);
#1074=VERTEX_POINT('',#3546);
#1075=VERTEX_POINT('',#3550);
#1076=VERTEX_POINT('',#3552);
#1077=VERTEX_POINT('',#3556);
#1078=VERTEX_POINT('',#3558);
#1079=VERTEX_POINT('',#3562);
#1080=VERTEX_POINT('',#3564);
#1081=VERTEX_POINT('',#3568);
#1082=VERTEX_POINT('',#3570);
#1083=VERTEX_POINT('',#3574);
#1084=VERTEX_POINT('',#3576);
#1085=VERTEX_POINT('',#3580);
#1086=VERTEX_POINT('',#3582);
#1087=VERTEX_POINT('',#3586);
#1088=VERTEX_POINT('',#3588);
#1089=VERTEX_POINT('',#3592);
#1090=VERTEX_POINT('',#3594);
#1091=VERTEX_POINT('',#3598);
#1092=VERTEX_POINT('',#3600);
#1093=VERTEX_POINT('',#3604);
#1094=VERTEX_POINT('',#3606);
#1095=VERTEX_POINT('',#3610);
#1096=VERTEX_POINT('',#3612);
#1097=VERTEX_POINT('',#3616);
#1098=VERTEX_POINT('',#3618);
#1099=VERTEX_POINT('',#3622);
#1100=VERTEX_POINT('',#3624);
#1101=VERTEX_POINT('',#3628);
#1102=VERTEX_POINT('',#3630);
#1103=VERTEX_POINT('',#3634);
#1104=VERTEX_POINT('',#3636);
#1105=VERTEX_POINT('',#3640);
#1106=VERTEX_POINT('',#3642);
#1107=VERTEX_POINT('',#3646);
#1108=VERTEX_POINT('',#3648);
#1109=VERTEX_POINT('',#3652);
#1110=VERTEX_POINT('',#3654);
#1111=VERTEX_POINT('',#3658);
#1112=VERTEX_POINT('',#3660);
#1113=VERTEX_POINT('',#3664);
#1114=VERTEX_POINT('',#3666);
#1115=VERTEX_POINT('',#3670);
#1116=VERTEX_POINT('',#3672);
#1117=VERTEX_POINT('',#3676);
#1118=VERTEX_POINT('',#3678);
#1119=VERTEX_POINT('',#3688);
#1120=VERTEX_POINT('',#3689);
#1121=VERTEX_POINT('',#3691);
#1122=VERTEX_POINT('',#3693);
#1123=VERTEX_POINT('',#3697);
#1124=VERTEX_POINT('',#3699);
#1125=VERTEX_POINT('',#3703);
#1126=VERTEX_POINT('',#3705);
#1127=EDGE_CURVE('',#919,#920,#295,.T.);
#1128=EDGE_CURVE('',#919,#921,#296,.T.);
#1129=EDGE_CURVE('',#922,#921,#297,.T.);
#1130=EDGE_CURVE('',#920,#922,#298,.T.);
#1131=EDGE_CURVE('',#920,#923,#299,.T.);
#1132=EDGE_CURVE('',#924,#922,#300,.T.);
#1133=EDGE_CURVE('',#923,#924,#301,.T.);
#1134=EDGE_CURVE('',#923,#925,#302,.T.);
#1135=EDGE_CURVE('',#926,#924,#303,.T.);
#1136=EDGE_CURVE('',#925,#926,#304,.T.);
#1137=EDGE_CURVE('',#925,#919,#305,.T.);
#1138=EDGE_CURVE('',#921,#926,#306,.T.);
#1139=EDGE_CURVE('',#927,#928,#307,.T.);
#1140=EDGE_CURVE('',#927,#929,#308,.T.);
#1141=EDGE_CURVE('',#930,#929,#309,.T.);
#1142=EDGE_CURVE('',#928,#930,#310,.T.);
#1143=EDGE_CURVE('',#928,#931,#311,.T.);
#1144=EDGE_CURVE('',#932,#930,#312,.T.);
#1145=EDGE_CURVE('',#931,#932,#313,.T.);
#1146=EDGE_CURVE('',#931,#933,#314,.T.);
#1147=EDGE_CURVE('',#934,#932,#315,.T.);
#1148=EDGE_CURVE('',#933,#934,#316,.T.);
#1149=EDGE_CURVE('',#933,#935,#317,.T.);
#1150=EDGE_CURVE('',#936,#934,#318,.T.);
#1151=EDGE_CURVE('',#935,#936,#319,.T.);
#1152=EDGE_CURVE('',#935,#937,#320,.T.);
#1153=EDGE_CURVE('',#938,#936,#321,.T.);
#1154=EDGE_CURVE('',#937,#938,#322,.T.);
#1155=EDGE_CURVE('',#937,#939,#323,.T.);
#1156=EDGE_CURVE('',#940,#938,#324,.T.);
#1157=EDGE_CURVE('',#939,#940,#325,.T.);
#1158=EDGE_CURVE('',#939,#941,#326,.T.);
#1159=EDGE_CURVE('',#942,#940,#327,.T.);
#1160=EDGE_CURVE('',#941,#942,#328,.T.);
#1161=EDGE_CURVE('',#941,#943,#329,.T.);
#1162=EDGE_CURVE('',#944,#942,#330,.T.);
#1163=EDGE_CURVE('',#943,#944,#331,.T.);
#1164=EDGE_CURVE('',#943,#945,#332,.T.);
#1165=EDGE_CURVE('',#946,#944,#333,.T.);
#1166=EDGE_CURVE('',#945,#946,#334,.T.);
#1167=EDGE_CURVE('',#945,#947,#335,.T.);
#1168=EDGE_CURVE('',#948,#946,#336,.T.);
#1169=EDGE_CURVE('',#947,#948,#337,.T.);
#1170=EDGE_CURVE('',#949,#947,#338,.T.);
#1171=EDGE_CURVE('',#950,#948,#339,.T.);
#1172=EDGE_CURVE('',#949,#950,#340,.T.);
#1173=EDGE_CURVE('',#951,#949,#341,.T.);
#1174=EDGE_CURVE('',#952,#950,#342,.T.);
#1175=EDGE_CURVE('',#951,#952,#343,.T.);
#1176=EDGE_CURVE('',#953,#951,#344,.T.);
#1177=EDGE_CURVE('',#954,#952,#345,.T.);
#1178=EDGE_CURVE('',#953,#954,#346,.T.);
#1179=EDGE_CURVE('',#953,#955,#347,.T.);
#1180=EDGE_CURVE('',#956,#954,#348,.T.);
#1181=EDGE_CURVE('',#955,#956,#349,.T.);
#1182=EDGE_CURVE('',#957,#955,#350,.T.);
#1183=EDGE_CURVE('',#958,#956,#351,.T.);
#1184=EDGE_CURVE('',#957,#958,#352,.T.);
#1185=EDGE_CURVE('',#959,#957,#353,.T.);
#1186=EDGE_CURVE('',#960,#958,#354,.T.);
#1187=EDGE_CURVE('',#959,#960,#355,.T.);
#1188=EDGE_CURVE('',#961,#959,#356,.T.);
#1189=EDGE_CURVE('',#962,#960,#357,.T.);
#1190=EDGE_CURVE('',#961,#962,#358,.T.);
#1191=EDGE_CURVE('',#961,#963,#359,.T.);
#1192=EDGE_CURVE('',#964,#962,#360,.T.);
#1193=EDGE_CURVE('',#963,#964,#361,.T.);
#1194=EDGE_CURVE('',#965,#963,#362,.T.);
#1195=EDGE_CURVE('',#966,#964,#363,.T.);
#1196=EDGE_CURVE('',#965,#966,#364,.T.);
#1197=EDGE_CURVE('',#967,#965,#365,.T.);
#1198=EDGE_CURVE('',#968,#966,#366,.T.);
#1199=EDGE_CURVE('',#967,#968,#367,.T.);
#1200=EDGE_CURVE('',#967,#969,#368,.T.);
#1201=EDGE_CURVE('',#970,#968,#369,.T.);
#1202=EDGE_CURVE('',#969,#970,#370,.T.);
#1203=EDGE_CURVE('',#969,#971,#371,.T.);
#1204=EDGE_CURVE('',#972,#970,#372,.T.);
#1205=EDGE_CURVE('',#971,#972,#373,.T.);
#1206=EDGE_CURVE('',#971,#973,#374,.T.);
#1207=EDGE_CURVE('',#974,#972,#375,.T.);
#1208=EDGE_CURVE('',#973,#974,#376,.T.);
#1209=EDGE_CURVE('',#973,#927,#377,.T.);
#1210=EDGE_CURVE('',#929,#974,#378,.T.);
#1211=EDGE_CURVE('',#975,#976,#379,.T.);
#1212=EDGE_CURVE('',#975,#977,#380,.T.);
#1213=EDGE_CURVE('',#978,#977,#381,.T.);
#1214=EDGE_CURVE('',#976,#978,#382,.T.);
#1215=EDGE_CURVE('',#976,#979,#383,.T.);
#1216=EDGE_CURVE('',#980,#978,#384,.T.);
#1217=EDGE_CURVE('',#979,#980,#385,.T.);
#1218=EDGE_CURVE('',#979,#981,#386,.T.);
#1219=EDGE_CURVE('',#982,#980,#387,.T.);
#1220=EDGE_CURVE('',#981,#982,#388,.T.);
#1221=EDGE_CURVE('',#981,#983,#389,.T.);
#1222=EDGE_CURVE('',#984,#982,#390,.T.);
#1223=EDGE_CURVE('',#983,#984,#391,.T.);
#1224=EDGE_CURVE('',#983,#985,#392,.T.);
#1225=EDGE_CURVE('',#986,#984,#393,.T.);
#1226=EDGE_CURVE('',#985,#986,#394,.T.);
#1227=EDGE_CURVE('',#985,#987,#395,.T.);
#1228=EDGE_CURVE('',#988,#986,#396,.T.);
#1229=EDGE_CURVE('',#987,#988,#397,.T.);
#1230=EDGE_CURVE('',#987,#989,#398,.T.);
#1231=EDGE_CURVE('',#990,#988,#399,.T.);
#1232=EDGE_CURVE('',#989,#990,#400,.T.);
#1233=EDGE_CURVE('',#989,#991,#401,.T.);
#1234=EDGE_CURVE('',#992,#990,#402,.T.);
#1235=EDGE_CURVE('',#991,#992,#403,.T.);
#1236=EDGE_CURVE('',#991,#993,#404,.T.);
#1237=EDGE_CURVE('',#994,#992,#405,.T.);
#1238=EDGE_CURVE('',#993,#994,#406,.T.);
#1239=EDGE_CURVE('',#993,#995,#407,.T.);
#1240=EDGE_CURVE('',#996,#994,#408,.T.);
#1241=EDGE_CURVE('',#995,#996,#409,.T.);
#1242=EDGE_CURVE('',#995,#997,#410,.T.);
#1243=EDGE_CURVE('',#998,#996,#411,.T.);
#1244=EDGE_CURVE('',#997,#998,#412,.T.);
#1245=EDGE_CURVE('',#997,#999,#413,.T.);
#1246=EDGE_CURVE('',#1000,#998,#414,.T.);
#1247=EDGE_CURVE('',#999,#1000,#415,.T.);
#1248=EDGE_CURVE('',#999,#1001,#416,.T.);
#1249=EDGE_CURVE('',#1002,#1000,#417,.T.);
#1250=EDGE_CURVE('',#1001,#1002,#418,.T.);
#1251=EDGE_CURVE('',#1003,#1001,#419,.T.);
#1252=EDGE_CURVE('',#1004,#1002,#420,.T.);
#1253=EDGE_CURVE('',#1003,#1004,#421,.T.);
#1254=EDGE_CURVE('',#1005,#1003,#422,.T.);
#1255=EDGE_CURVE('',#1006,#1004,#423,.T.);
#1256=EDGE_CURVE('',#1005,#1006,#424,.T.);
#1257=EDGE_CURVE('',#1007,#1005,#425,.T.);
#1258=EDGE_CURVE('',#1008,#1006,#426,.T.);
#1259=EDGE_CURVE('',#1007,#1008,#427,.T.);
#1260=EDGE_CURVE('',#1007,#1009,#428,.T.);
#1261=EDGE_CURVE('',#1010,#1008,#429,.T.);
#1262=EDGE_CURVE('',#1009,#1010,#430,.T.);
#1263=EDGE_CURVE('',#1011,#1009,#431,.T.);
#1264=EDGE_CURVE('',#1012,#1010,#432,.T.);
#1265=EDGE_CURVE('',#1011,#1012,#433,.T.);
#1266=EDGE_CURVE('',#1013,#1011,#434,.T.);
#1267=EDGE_CURVE('',#1014,#1012,#435,.T.);
#1268=EDGE_CURVE('',#1013,#1014,#436,.T.);
#1269=EDGE_CURVE('',#1015,#1013,#437,.T.);
#1270=EDGE_CURVE('',#1016,#1014,#438,.T.);
#1271=EDGE_CURVE('',#1015,#1016,#439,.T.);
#1272=EDGE_CURVE('',#1015,#1017,#440,.T.);
#1273=EDGE_CURVE('',#1018,#1016,#441,.T.);
#1274=EDGE_CURVE('',#1017,#1018,#442,.T.);
#1275=EDGE_CURVE('',#1019,#1017,#443,.T.);
#1276=EDGE_CURVE('',#1020,#1018,#444,.T.);
#1277=EDGE_CURVE('',#1019,#1020,#445,.T.);
#1278=EDGE_CURVE('',#1021,#1019,#446,.T.);
#1279=EDGE_CURVE('',#1022,#1020,#447,.T.);
#1280=EDGE_CURVE('',#1021,#1022,#448,.T.);
#1281=EDGE_CURVE('',#1021,#975,#449,.T.);
#1282=EDGE_CURVE('',#977,#1022,#450,.T.);
#1283=EDGE_CURVE('',#1023,#1024,#451,.T.);
#1284=EDGE_CURVE('',#1024,#1025,#452,.T.);
#1285=EDGE_CURVE('',#1025,#1026,#453,.T.);
#1286=EDGE_CURVE('',#1023,#1026,#454,.T.);
#1287=EDGE_CURVE('',#1024,#1027,#455,.T.);
#1288=EDGE_CURVE('',#1027,#1028,#456,.T.);
#1289=EDGE_CURVE('',#1028,#1025,#457,.T.);
#1290=EDGE_CURVE('',#1027,#1029,#458,.T.);
#1291=EDGE_CURVE('',#1029,#1030,#459,.T.);
#1292=EDGE_CURVE('',#1030,#1028,#460,.T.);
#1293=EDGE_CURVE('',#1029,#1031,#461,.T.);
#1294=EDGE_CURVE('',#1031,#1032,#462,.T.);
#1295=EDGE_CURVE('',#1032,#1030,#463,.T.);
#1296=EDGE_CURVE('',#1031,#1033,#464,.T.);
#1297=EDGE_CURVE('',#1033,#1034,#465,.T.);
#1298=EDGE_CURVE('',#1034,#1032,#466,.T.);
#1299=EDGE_CURVE('',#1033,#1035,#467,.T.);
#1300=EDGE_CURVE('',#1035,#1036,#468,.T.);
#1301=EDGE_CURVE('',#1036,#1034,#469,.T.);
#1302=EDGE_CURVE('',#1035,#1037,#470,.T.);
#1303=EDGE_CURVE('',#1037,#1038,#471,.T.);
#1304=EDGE_CURVE('',#1038,#1036,#472,.T.);
#1305=EDGE_CURVE('',#1037,#1039,#473,.T.);
#1306=EDGE_CURVE('',#1039,#1040,#474,.T.);
#1307=EDGE_CURVE('',#1040,#1038,#475,.T.);
#1308=EDGE_CURVE('',#1039,#1041,#476,.T.);
#1309=EDGE_CURVE('',#1041,#1042,#477,.T.);
#1310=EDGE_CURVE('',#1042,#1040,#478,.T.);
#1311=EDGE_CURVE('',#1041,#1043,#479,.T.);
#1312=EDGE_CURVE('',#1043,#1044,#480,.T.);
#1313=EDGE_CURVE('',#1044,#1042,#481,.T.);
#1314=EDGE_CURVE('',#1043,#1045,#482,.T.);
#1315=EDGE_CURVE('',#1045,#1046,#483,.T.);
#1316=EDGE_CURVE('',#1046,#1044,#484,.T.);
#1317=EDGE_CURVE('',#1045,#1047,#485,.T.);
#1318=EDGE_CURVE('',#1047,#1048,#486,.T.);
#1319=EDGE_CURVE('',#1048,#1046,#487,.T.);
#1320=EDGE_CURVE('',#1047,#1049,#488,.T.);
#1321=EDGE_CURVE('',#1049,#1050,#489,.T.);
#1322=EDGE_CURVE('',#1050,#1048,#490,.T.);
#1323=EDGE_CURVE('',#1051,#1049,#491,.T.);
#1324=EDGE_CURVE('',#1051,#1052,#492,.T.);
#1325=EDGE_CURVE('',#1052,#1050,#493,.T.);
#1326=EDGE_CURVE('',#1053,#1051,#494,.T.);
#1327=EDGE_CURVE('',#1053,#1054,#495,.T.);
#1328=EDGE_CURVE('',#1054,#1052,#496,.T.);
#1329=EDGE_CURVE('',#1055,#1053,#497,.T.);
#1330=EDGE_CURVE('',#1055,#1056,#498,.T.);
#1331=EDGE_CURVE('',#1056,#1054,#499,.T.);
#1332=EDGE_CURVE('',#1055,#1057,#500,.T.);
#1333=EDGE_CURVE('',#1057,#1058,#501,.T.);
#1334=EDGE_CURVE('',#1058,#1056,#502,.T.);
#1335=EDGE_CURVE('',#1059,#1057,#503,.T.);
#1336=EDGE_CURVE('',#1059,#1060,#504,.T.);
#1337=EDGE_CURVE('',#1060,#1058,#505,.T.);
#1338=EDGE_CURVE('',#1061,#1059,#506,.T.);
#1339=EDGE_CURVE('',#1061,#1062,#507,.T.);
#1340=EDGE_CURVE('',#1062,#1060,#508,.T.);
#1341=EDGE_CURVE('',#1063,#1061,#509,.T.);
#1342=EDGE_CURVE('',#1063,#1064,#510,.T.);
#1343=EDGE_CURVE('',#1064,#1062,#511,.T.);
#1344=EDGE_CURVE('',#1063,#1065,#512,.T.);
#1345=EDGE_CURVE('',#1065,#1066,#513,.T.);
#1346=EDGE_CURVE('',#1066,#1064,#514,.T.);
#1347=EDGE_CURVE('',#1067,#1065,#515,.T.);
#1348=EDGE_CURVE('',#1067,#1068,#516,.T.);
#1349=EDGE_CURVE('',#1068,#1066,#517,.T.);
#1350=EDGE_CURVE('',#1069,#1067,#518,.T.);
#1351=EDGE_CURVE('',#1069,#1070,#519,.T.);
#1352=EDGE_CURVE('',#1070,#1068,#520,.T.);
#1353=EDGE_CURVE('',#1069,#1023,#521,.T.);
#1354=EDGE_CURVE('',#1026,#1070,#522,.T.);
#1355=EDGE_CURVE('',#1071,#1072,#523,.T.);
#1356=EDGE_CURVE('',#1072,#1073,#524,.T.);
#1357=EDGE_CURVE('',#1073,#1074,#525,.T.);
#1358=EDGE_CURVE('',#1071,#1074,#526,.T.);
#1359=EDGE_CURVE('',#1072,#1075,#527,.T.);
#1360=EDGE_CURVE('',#1075,#1076,#528,.T.);
#1361=EDGE_CURVE('',#1076,#1073,#529,.T.);
#1362=EDGE_CURVE('',#1075,#1077,#530,.T.);
#1363=EDGE_CURVE('',#1077,#1078,#531,.T.);
#1364=EDGE_CURVE('',#1078,#1076,#532,.T.);
#1365=EDGE_CURVE('',#1077,#1079,#533,.T.);
#1366=EDGE_CURVE('',#1079,#1080,#534,.T.);
#1367=EDGE_CURVE('',#1080,#1078,#535,.T.);
#1368=EDGE_CURVE('',#1079,#1081,#536,.T.);
#1369=EDGE_CURVE('',#1081,#1082,#537,.T.);
#1370=EDGE_CURVE('',#1082,#1080,#538,.T.);
#1371=EDGE_CURVE('',#1081,#1083,#539,.T.);
#1372=EDGE_CURVE('',#1083,#1084,#540,.T.);
#1373=EDGE_CURVE('',#1084,#1082,#541,.T.);
#1374=EDGE_CURVE('',#1083,#1085,#542,.T.);
#1375=EDGE_CURVE('',#1085,#1086,#543,.T.);
#1376=EDGE_CURVE('',#1086,#1084,#544,.T.);
#1377=EDGE_CURVE('',#1085,#1087,#545,.T.);
#1378=EDGE_CURVE('',#1087,#1088,#546,.T.);
#1379=EDGE_CURVE('',#1088,#1086,#547,.T.);
#1380=EDGE_CURVE('',#1087,#1089,#548,.T.);
#1381=EDGE_CURVE('',#1089,#1090,#549,.T.);
#1382=EDGE_CURVE('',#1090,#1088,#550,.T.);
#1383=EDGE_CURVE('',#1089,#1091,#551,.T.);
#1384=EDGE_CURVE('',#1091,#1092,#552,.T.);
#1385=EDGE_CURVE('',#1092,#1090,#553,.T.);
#1386=EDGE_CURVE('',#1093,#1091,#554,.T.);
#1387=EDGE_CURVE('',#1093,#1094,#555,.T.);
#1388=EDGE_CURVE('',#1094,#1092,#556,.T.);
#1389=EDGE_CURVE('',#1095,#1093,#557,.T.);
#1390=EDGE_CURVE('',#1095,#1096,#558,.T.);
#1391=EDGE_CURVE('',#1096,#1094,#559,.T.);
#1392=EDGE_CURVE('',#1097,#1095,#560,.T.);
#1393=EDGE_CURVE('',#1097,#1098,#561,.T.);
#1394=EDGE_CURVE('',#1098,#1096,#562,.T.);
#1395=EDGE_CURVE('',#1097,#1099,#563,.T.);
#1396=EDGE_CURVE('',#1099,#1100,#564,.T.);
#1397=EDGE_CURVE('',#1100,#1098,#565,.T.);
#1398=EDGE_CURVE('',#1101,#1099,#566,.T.);
#1399=EDGE_CURVE('',#1101,#1102,#567,.T.);
#1400=EDGE_CURVE('',#1102,#1100,#568,.T.);
#1401=EDGE_CURVE('',#1103,#1101,#569,.T.);
#1402=EDGE_CURVE('',#1103,#1104,#570,.T.);
#1403=EDGE_CURVE('',#1104,#1102,#571,.T.);
#1404=EDGE_CURVE('',#1105,#1103,#572,.T.);
#1405=EDGE_CURVE('',#1105,#1106,#573,.T.);
#1406=EDGE_CURVE('',#1106,#1104,#574,.T.);
#1407=EDGE_CURVE('',#1105,#1107,#575,.T.);
#1408=EDGE_CURVE('',#1107,#1108,#576,.T.);
#1409=EDGE_CURVE('',#1108,#1106,#577,.T.);
#1410=EDGE_CURVE('',#1109,#1107,#578,.T.);
#1411=EDGE_CURVE('',#1109,#1110,#579,.T.);
#1412=EDGE_CURVE('',#1110,#1108,#580,.T.);
#1413=EDGE_CURVE('',#1111,#1109,#581,.T.);
#1414=EDGE_CURVE('',#1111,#1112,#582,.T.);
#1415=EDGE_CURVE('',#1112,#1110,#583,.T.);
#1416=EDGE_CURVE('',#1111,#1113,#584,.T.);
#1417=EDGE_CURVE('',#1113,#1114,#585,.T.);
#1418=EDGE_CURVE('',#1114,#1112,#586,.T.);
#1419=EDGE_CURVE('',#1113,#1115,#587,.T.);
#1420=EDGE_CURVE('',#1115,#1116,#588,.T.);
#1421=EDGE_CURVE('',#1116,#1114,#589,.T.);
#1422=EDGE_CURVE('',#1115,#1117,#590,.T.);
#1423=EDGE_CURVE('',#1117,#1118,#591,.T.);
#1424=EDGE_CURVE('',#1118,#1116,#592,.T.);
#1425=EDGE_CURVE('',#1117,#1071,#593,.T.);
#1426=EDGE_CURVE('',#1074,#1118,#594,.T.);
#1427=EDGE_CURVE('',#1119,#1120,#595,.T.);
#1428=EDGE_CURVE('',#1119,#1121,#596,.T.);
#1429=EDGE_CURVE('',#1122,#1121,#597,.T.);
#1430=EDGE_CURVE('',#1120,#1122,#598,.T.);
#1431=EDGE_CURVE('',#1120,#1123,#599,.T.);
#1432=EDGE_CURVE('',#1124,#1122,#600,.T.);
#1433=EDGE_CURVE('',#1123,#1124,#601,.T.);
#1434=EDGE_CURVE('',#1123,#1125,#602,.T.);
#1435=EDGE_CURVE('',#1126,#1124,#603,.T.);
#1436=EDGE_CURVE('',#1125,#1126,#604,.T.);
#1437=EDGE_CURVE('',#1125,#1119,#605,.T.);
#1438=EDGE_CURVE('',#1121,#1126,#606,.T.);
#1439=ORIENTED_EDGE('',*,*,#1127,.F.);
#1440=ORIENTED_EDGE('',*,*,#1128,.T.);
#1441=ORIENTED_EDGE('',*,*,#1129,.F.);
#1442=ORIENTED_EDGE('',*,*,#1130,.F.);
#1443=ORIENTED_EDGE('',*,*,#1131,.F.);
#1444=ORIENTED_EDGE('',*,*,#1130,.T.);
#1445=ORIENTED_EDGE('',*,*,#1132,.F.);
#1446=ORIENTED_EDGE('',*,*,#1133,.F.);
#1447=ORIENTED_EDGE('',*,*,#1134,.F.);
#1448=ORIENTED_EDGE('',*,*,#1133,.T.);
#1449=ORIENTED_EDGE('',*,*,#1135,.F.);
#1450=ORIENTED_EDGE('',*,*,#1136,.F.);
#1451=ORIENTED_EDGE('',*,*,#1137,.F.);
#1452=ORIENTED_EDGE('',*,*,#1136,.T.);
#1453=ORIENTED_EDGE('',*,*,#1138,.F.);
#1454=ORIENTED_EDGE('',*,*,#1128,.F.);
#1455=ORIENTED_EDGE('',*,*,#1137,.T.);
#1456=ORIENTED_EDGE('',*,*,#1127,.T.);
#1457=ORIENTED_EDGE('',*,*,#1131,.T.);
#1458=ORIENTED_EDGE('',*,*,#1134,.T.);
#1459=ORIENTED_EDGE('',*,*,#1138,.T.);
#1460=ORIENTED_EDGE('',*,*,#1135,.T.);
#1461=ORIENTED_EDGE('',*,*,#1132,.T.);
#1462=ORIENTED_EDGE('',*,*,#1129,.T.);
#1463=ORIENTED_EDGE('',*,*,#1139,.F.);
#1464=ORIENTED_EDGE('',*,*,#1140,.T.);
#1465=ORIENTED_EDGE('',*,*,#1141,.F.);
#1466=ORIENTED_EDGE('',*,*,#1142,.F.);
#1467=ORIENTED_EDGE('',*,*,#1143,.F.);
#1468=ORIENTED_EDGE('',*,*,#1142,.T.);
#1469=ORIENTED_EDGE('',*,*,#1144,.F.);
#1470=ORIENTED_EDGE('',*,*,#1145,.F.);
#1471=ORIENTED_EDGE('',*,*,#1146,.F.);
#1472=ORIENTED_EDGE('',*,*,#1145,.T.);
#1473=ORIENTED_EDGE('',*,*,#1147,.F.);
#1474=ORIENTED_EDGE('',*,*,#1148,.F.);
#1475=ORIENTED_EDGE('',*,*,#1149,.F.);
#1476=ORIENTED_EDGE('',*,*,#1148,.T.);
#1477=ORIENTED_EDGE('',*,*,#1150,.F.);
#1478=ORIENTED_EDGE('',*,*,#1151,.F.);
#1479=ORIENTED_EDGE('',*,*,#1152,.F.);
#1480=ORIENTED_EDGE('',*,*,#1151,.T.);
#1481=ORIENTED_EDGE('',*,*,#1153,.F.);
#1482=ORIENTED_EDGE('',*,*,#1154,.F.);
#1483=ORIENTED_EDGE('',*,*,#1155,.F.);
#1484=ORIENTED_EDGE('',*,*,#1154,.T.);
#1485=ORIENTED_EDGE('',*,*,#1156,.F.);
#1486=ORIENTED_EDGE('',*,*,#1157,.F.);
#1487=ORIENTED_EDGE('',*,*,#1158,.F.);
#1488=ORIENTED_EDGE('',*,*,#1157,.T.);
#1489=ORIENTED_EDGE('',*,*,#1159,.F.);
#1490=ORIENTED_EDGE('',*,*,#1160,.F.);
#1491=ORIENTED_EDGE('',*,*,#1161,.F.);
#1492=ORIENTED_EDGE('',*,*,#1160,.T.);
#1493=ORIENTED_EDGE('',*,*,#1162,.F.);
#1494=ORIENTED_EDGE('',*,*,#1163,.F.);
#1495=ORIENTED_EDGE('',*,*,#1164,.F.);
#1496=ORIENTED_EDGE('',*,*,#1163,.T.);
#1497=ORIENTED_EDGE('',*,*,#1165,.F.);
#1498=ORIENTED_EDGE('',*,*,#1166,.F.);
#1499=ORIENTED_EDGE('',*,*,#1167,.F.);
#1500=ORIENTED_EDGE('',*,*,#1166,.T.);
#1501=ORIENTED_EDGE('',*,*,#1168,.F.);
#1502=ORIENTED_EDGE('',*,*,#1169,.F.);
#1503=ORIENTED_EDGE('',*,*,#1170,.T.);
#1504=ORIENTED_EDGE('',*,*,#1169,.T.);
#1505=ORIENTED_EDGE('',*,*,#1171,.F.);
#1506=ORIENTED_EDGE('',*,*,#1172,.F.);
#1507=ORIENTED_EDGE('',*,*,#1173,.T.);
#1508=ORIENTED_EDGE('',*,*,#1172,.T.);
#1509=ORIENTED_EDGE('',*,*,#1174,.F.);
#1510=ORIENTED_EDGE('',*,*,#1175,.F.);
#1511=ORIENTED_EDGE('',*,*,#1176,.T.);
#1512=ORIENTED_EDGE('',*,*,#1175,.T.);
#1513=ORIENTED_EDGE('',*,*,#1177,.F.);
#1514=ORIENTED_EDGE('',*,*,#1178,.F.);
#1515=ORIENTED_EDGE('',*,*,#1179,.F.);
#1516=ORIENTED_EDGE('',*,*,#1178,.T.);
#1517=ORIENTED_EDGE('',*,*,#1180,.F.);
#1518=ORIENTED_EDGE('',*,*,#1181,.F.);
#1519=ORIENTED_EDGE('',*,*,#1182,.T.);
#1520=ORIENTED_EDGE('',*,*,#1181,.T.);
#1521=ORIENTED_EDGE('',*,*,#1183,.F.);
#1522=ORIENTED_EDGE('',*,*,#1184,.F.);
#1523=ORIENTED_EDGE('',*,*,#1185,.T.);
#1524=ORIENTED_EDGE('',*,*,#1184,.T.);
#1525=ORIENTED_EDGE('',*,*,#1186,.F.);
#1526=ORIENTED_EDGE('',*,*,#1187,.F.);
#1527=ORIENTED_EDGE('',*,*,#1188,.T.);
#1528=ORIENTED_EDGE('',*,*,#1187,.T.);
#1529=ORIENTED_EDGE('',*,*,#1189,.F.);
#1530=ORIENTED_EDGE('',*,*,#1190,.F.);
#1531=ORIENTED_EDGE('',*,*,#1191,.F.);
#1532=ORIENTED_EDGE('',*,*,#1190,.T.);
#1533=ORIENTED_EDGE('',*,*,#1192,.F.);
#1534=ORIENTED_EDGE('',*,*,#1193,.F.);
#1535=ORIENTED_EDGE('',*,*,#1194,.T.);
#1536=ORIENTED_EDGE('',*,*,#1193,.T.);
#1537=ORIENTED_EDGE('',*,*,#1195,.F.);
#1538=ORIENTED_EDGE('',*,*,#1196,.F.);
#1539=ORIENTED_EDGE('',*,*,#1197,.T.);
#1540=ORIENTED_EDGE('',*,*,#1196,.T.);
#1541=ORIENTED_EDGE('',*,*,#1198,.F.);
#1542=ORIENTED_EDGE('',*,*,#1199,.F.);
#1543=ORIENTED_EDGE('',*,*,#1200,.F.);
#1544=ORIENTED_EDGE('',*,*,#1199,.T.);
#1545=ORIENTED_EDGE('',*,*,#1201,.F.);
#1546=ORIENTED_EDGE('',*,*,#1202,.F.);
#1547=ORIENTED_EDGE('',*,*,#1203,.F.);
#1548=ORIENTED_EDGE('',*,*,#1202,.T.);
#1549=ORIENTED_EDGE('',*,*,#1204,.F.);
#1550=ORIENTED_EDGE('',*,*,#1205,.F.);
#1551=ORIENTED_EDGE('',*,*,#1206,.F.);
#1552=ORIENTED_EDGE('',*,*,#1205,.T.);
#1553=ORIENTED_EDGE('',*,*,#1207,.F.);
#1554=ORIENTED_EDGE('',*,*,#1208,.F.);
#1555=ORIENTED_EDGE('',*,*,#1209,.F.);
#1556=ORIENTED_EDGE('',*,*,#1208,.T.);
#1557=ORIENTED_EDGE('',*,*,#1210,.F.);
#1558=ORIENTED_EDGE('',*,*,#1140,.F.);
#1559=ORIENTED_EDGE('',*,*,#1210,.T.);
#1560=ORIENTED_EDGE('',*,*,#1207,.T.);
#1561=ORIENTED_EDGE('',*,*,#1204,.T.);
#1562=ORIENTED_EDGE('',*,*,#1201,.T.);
#1563=ORIENTED_EDGE('',*,*,#1198,.T.);
#1564=ORIENTED_EDGE('',*,*,#1195,.T.);
#1565=ORIENTED_EDGE('',*,*,#1192,.T.);
#1566=ORIENTED_EDGE('',*,*,#1189,.T.);
#1567=ORIENTED_EDGE('',*,*,#1186,.T.);
#1568=ORIENTED_EDGE('',*,*,#1183,.T.);
#1569=ORIENTED_EDGE('',*,*,#1180,.T.);
#1570=ORIENTED_EDGE('',*,*,#1177,.T.);
#1571=ORIENTED_EDGE('',*,*,#1174,.T.);
#1572=ORIENTED_EDGE('',*,*,#1171,.T.);
#1573=ORIENTED_EDGE('',*,*,#1168,.T.);
#1574=ORIENTED_EDGE('',*,*,#1165,.T.);
#1575=ORIENTED_EDGE('',*,*,#1162,.T.);
#1576=ORIENTED_EDGE('',*,*,#1159,.T.);
#1577=ORIENTED_EDGE('',*,*,#1156,.T.);
#1578=ORIENTED_EDGE('',*,*,#1153,.T.);
#1579=ORIENTED_EDGE('',*,*,#1150,.T.);
#1580=ORIENTED_EDGE('',*,*,#1147,.T.);
#1581=ORIENTED_EDGE('',*,*,#1144,.T.);
#1582=ORIENTED_EDGE('',*,*,#1141,.T.);
#1583=ORIENTED_EDGE('',*,*,#1209,.T.);
#1584=ORIENTED_EDGE('',*,*,#1139,.T.);
#1585=ORIENTED_EDGE('',*,*,#1143,.T.);
#1586=ORIENTED_EDGE('',*,*,#1146,.T.);
#1587=ORIENTED_EDGE('',*,*,#1149,.T.);
#1588=ORIENTED_EDGE('',*,*,#1152,.T.);
#1589=ORIENTED_EDGE('',*,*,#1155,.T.);
#1590=ORIENTED_EDGE('',*,*,#1158,.T.);
#1591=ORIENTED_EDGE('',*,*,#1161,.T.);
#1592=ORIENTED_EDGE('',*,*,#1164,.T.);
#1593=ORIENTED_EDGE('',*,*,#1167,.T.);
#1594=ORIENTED_EDGE('',*,*,#1170,.F.);
#1595=ORIENTED_EDGE('',*,*,#1173,.F.);
#1596=ORIENTED_EDGE('',*,*,#1176,.F.);
#1597=ORIENTED_EDGE('',*,*,#1179,.T.);
#1598=ORIENTED_EDGE('',*,*,#1182,.F.);
#1599=ORIENTED_EDGE('',*,*,#1185,.F.);
#1600=ORIENTED_EDGE('',*,*,#1188,.F.);
#1601=ORIENTED_EDGE('',*,*,#1191,.T.);
#1602=ORIENTED_EDGE('',*,*,#1194,.F.);
#1603=ORIENTED_EDGE('',*,*,#1197,.F.);
#1604=ORIENTED_EDGE('',*,*,#1200,.T.);
#1605=ORIENTED_EDGE('',*,*,#1203,.T.);
#1606=ORIENTED_EDGE('',*,*,#1206,.T.);
#1607=ORIENTED_EDGE('',*,*,#1211,.F.);
#1608=ORIENTED_EDGE('',*,*,#1212,.T.);
#1609=ORIENTED_EDGE('',*,*,#1213,.F.);
#1610=ORIENTED_EDGE('',*,*,#1214,.F.);
#1611=ORIENTED_EDGE('',*,*,#1215,.F.);
#1612=ORIENTED_EDGE('',*,*,#1214,.T.);
#1613=ORIENTED_EDGE('',*,*,#1216,.F.);
#1614=ORIENTED_EDGE('',*,*,#1217,.F.);
#1615=ORIENTED_EDGE('',*,*,#1218,.F.);
#1616=ORIENTED_EDGE('',*,*,#1217,.T.);
#1617=ORIENTED_EDGE('',*,*,#1219,.F.);
#1618=ORIENTED_EDGE('',*,*,#1220,.F.);
#1619=ORIENTED_EDGE('',*,*,#1221,.F.);
#1620=ORIENTED_EDGE('',*,*,#1220,.T.);
#1621=ORIENTED_EDGE('',*,*,#1222,.F.);
#1622=ORIENTED_EDGE('',*,*,#1223,.F.);
#1623=ORIENTED_EDGE('',*,*,#1224,.F.);
#1624=ORIENTED_EDGE('',*,*,#1223,.T.);
#1625=ORIENTED_EDGE('',*,*,#1225,.F.);
#1626=ORIENTED_EDGE('',*,*,#1226,.F.);
#1627=ORIENTED_EDGE('',*,*,#1227,.F.);
#1628=ORIENTED_EDGE('',*,*,#1226,.T.);
#1629=ORIENTED_EDGE('',*,*,#1228,.F.);
#1630=ORIENTED_EDGE('',*,*,#1229,.F.);
#1631=ORIENTED_EDGE('',*,*,#1230,.F.);
#1632=ORIENTED_EDGE('',*,*,#1229,.T.);
#1633=ORIENTED_EDGE('',*,*,#1231,.F.);
#1634=ORIENTED_EDGE('',*,*,#1232,.F.);
#1635=ORIENTED_EDGE('',*,*,#1233,.F.);
#1636=ORIENTED_EDGE('',*,*,#1232,.T.);
#1637=ORIENTED_EDGE('',*,*,#1234,.F.);
#1638=ORIENTED_EDGE('',*,*,#1235,.F.);
#1639=ORIENTED_EDGE('',*,*,#1236,.F.);
#1640=ORIENTED_EDGE('',*,*,#1235,.T.);
#1641=ORIENTED_EDGE('',*,*,#1237,.F.);
#1642=ORIENTED_EDGE('',*,*,#1238,.F.);
#1643=ORIENTED_EDGE('',*,*,#1239,.F.);
#1644=ORIENTED_EDGE('',*,*,#1238,.T.);
#1645=ORIENTED_EDGE('',*,*,#1240,.F.);
#1646=ORIENTED_EDGE('',*,*,#1241,.F.);
#1647=ORIENTED_EDGE('',*,*,#1242,.F.);
#1648=ORIENTED_EDGE('',*,*,#1241,.T.);
#1649=ORIENTED_EDGE('',*,*,#1243,.F.);
#1650=ORIENTED_EDGE('',*,*,#1244,.F.);
#1651=ORIENTED_EDGE('',*,*,#1245,.F.);
#1652=ORIENTED_EDGE('',*,*,#1244,.T.);
#1653=ORIENTED_EDGE('',*,*,#1246,.F.);
#1654=ORIENTED_EDGE('',*,*,#1247,.F.);
#1655=ORIENTED_EDGE('',*,*,#1248,.F.);
#1656=ORIENTED_EDGE('',*,*,#1247,.T.);
#1657=ORIENTED_EDGE('',*,*,#1249,.F.);
#1658=ORIENTED_EDGE('',*,*,#1250,.F.);
#1659=ORIENTED_EDGE('',*,*,#1251,.T.);
#1660=ORIENTED_EDGE('',*,*,#1250,.T.);
#1661=ORIENTED_EDGE('',*,*,#1252,.F.);
#1662=ORIENTED_EDGE('',*,*,#1253,.F.);
#1663=ORIENTED_EDGE('',*,*,#1254,.T.);
#1664=ORIENTED_EDGE('',*,*,#1253,.T.);
#1665=ORIENTED_EDGE('',*,*,#1255,.F.);
#1666=ORIENTED_EDGE('',*,*,#1256,.F.);
#1667=ORIENTED_EDGE('',*,*,#1257,.T.);
#1668=ORIENTED_EDGE('',*,*,#1256,.T.);
#1669=ORIENTED_EDGE('',*,*,#1258,.F.);
#1670=ORIENTED_EDGE('',*,*,#1259,.F.);
#1671=ORIENTED_EDGE('',*,*,#1260,.F.);
#1672=ORIENTED_EDGE('',*,*,#1259,.T.);
#1673=ORIENTED_EDGE('',*,*,#1261,.F.);
#1674=ORIENTED_EDGE('',*,*,#1262,.F.);
#1675=ORIENTED_EDGE('',*,*,#1263,.T.);
#1676=ORIENTED_EDGE('',*,*,#1262,.T.);
#1677=ORIENTED_EDGE('',*,*,#1264,.F.);
#1678=ORIENTED_EDGE('',*,*,#1265,.F.);
#1679=ORIENTED_EDGE('',*,*,#1266,.T.);
#1680=ORIENTED_EDGE('',*,*,#1265,.T.);
#1681=ORIENTED_EDGE('',*,*,#1267,.F.);
#1682=ORIENTED_EDGE('',*,*,#1268,.F.);
#1683=ORIENTED_EDGE('',*,*,#1269,.T.);
#1684=ORIENTED_EDGE('',*,*,#1268,.T.);
#1685=ORIENTED_EDGE('',*,*,#1270,.F.);
#1686=ORIENTED_EDGE('',*,*,#1271,.F.);
#1687=ORIENTED_EDGE('',*,*,#1272,.F.);
#1688=ORIENTED_EDGE('',*,*,#1271,.T.);
#1689=ORIENTED_EDGE('',*,*,#1273,.F.);
#1690=ORIENTED_EDGE('',*,*,#1274,.F.);
#1691=ORIENTED_EDGE('',*,*,#1275,.T.);
#1692=ORIENTED_EDGE('',*,*,#1274,.T.);
#1693=ORIENTED_EDGE('',*,*,#1276,.F.);
#1694=ORIENTED_EDGE('',*,*,#1277,.F.);
#1695=ORIENTED_EDGE('',*,*,#1278,.T.);
#1696=ORIENTED_EDGE('',*,*,#1277,.T.);
#1697=ORIENTED_EDGE('',*,*,#1279,.F.);
#1698=ORIENTED_EDGE('',*,*,#1280,.F.);
#1699=ORIENTED_EDGE('',*,*,#1281,.F.);
#1700=ORIENTED_EDGE('',*,*,#1280,.T.);
#1701=ORIENTED_EDGE('',*,*,#1282,.F.);
#1702=ORIENTED_EDGE('',*,*,#1212,.F.);
#1703=ORIENTED_EDGE('',*,*,#1282,.T.);
#1704=ORIENTED_EDGE('',*,*,#1279,.T.);
#1705=ORIENTED_EDGE('',*,*,#1276,.T.);
#1706=ORIENTED_EDGE('',*,*,#1273,.T.);
#1707=ORIENTED_EDGE('',*,*,#1270,.T.);
#1708=ORIENTED_EDGE('',*,*,#1267,.T.);
#1709=ORIENTED_EDGE('',*,*,#1264,.T.);
#1710=ORIENTED_EDGE('',*,*,#1261,.T.);
#1711=ORIENTED_EDGE('',*,*,#1258,.T.);
#1712=ORIENTED_EDGE('',*,*,#1255,.T.);
#1713=ORIENTED_EDGE('',*,*,#1252,.T.);
#1714=ORIENTED_EDGE('',*,*,#1249,.T.);
#1715=ORIENTED_EDGE('',*,*,#1246,.T.);
#1716=ORIENTED_EDGE('',*,*,#1243,.T.);
#1717=ORIENTED_EDGE('',*,*,#1240,.T.);
#1718=ORIENTED_EDGE('',*,*,#1237,.T.);
#1719=ORIENTED_EDGE('',*,*,#1234,.T.);
#1720=ORIENTED_EDGE('',*,*,#1231,.T.);
#1721=ORIENTED_EDGE('',*,*,#1228,.T.);
#1722=ORIENTED_EDGE('',*,*,#1225,.T.);
#1723=ORIENTED_EDGE('',*,*,#1222,.T.);
#1724=ORIENTED_EDGE('',*,*,#1219,.T.);
#1725=ORIENTED_EDGE('',*,*,#1216,.T.);
#1726=ORIENTED_EDGE('',*,*,#1213,.T.);
#1727=ORIENTED_EDGE('',*,*,#1281,.T.);
#1728=ORIENTED_EDGE('',*,*,#1211,.T.);
#1729=ORIENTED_EDGE('',*,*,#1215,.T.);
#1730=ORIENTED_EDGE('',*,*,#1218,.T.);
#1731=ORIENTED_EDGE('',*,*,#1221,.T.);
#1732=ORIENTED_EDGE('',*,*,#1224,.T.);
#1733=ORIENTED_EDGE('',*,*,#1227,.T.);
#1734=ORIENTED_EDGE('',*,*,#1230,.T.);
#1735=ORIENTED_EDGE('',*,*,#1233,.T.);
#1736=ORIENTED_EDGE('',*,*,#1236,.T.);
#1737=ORIENTED_EDGE('',*,*,#1239,.T.);
#1738=ORIENTED_EDGE('',*,*,#1242,.T.);
#1739=ORIENTED_EDGE('',*,*,#1245,.T.);
#1740=ORIENTED_EDGE('',*,*,#1248,.T.);
#1741=ORIENTED_EDGE('',*,*,#1251,.F.);
#1742=ORIENTED_EDGE('',*,*,#1254,.F.);
#1743=ORIENTED_EDGE('',*,*,#1257,.F.);
#1744=ORIENTED_EDGE('',*,*,#1260,.T.);
#1745=ORIENTED_EDGE('',*,*,#1263,.F.);
#1746=ORIENTED_EDGE('',*,*,#1266,.F.);
#1747=ORIENTED_EDGE('',*,*,#1269,.F.);
#1748=ORIENTED_EDGE('',*,*,#1272,.T.);
#1749=ORIENTED_EDGE('',*,*,#1275,.F.);
#1750=ORIENTED_EDGE('',*,*,#1278,.F.);
#1751=ORIENTED_EDGE('',*,*,#1283,.T.);
#1752=ORIENTED_EDGE('',*,*,#1284,.T.);
#1753=ORIENTED_EDGE('',*,*,#1285,.T.);
#1754=ORIENTED_EDGE('',*,*,#1286,.F.);
#1755=ORIENTED_EDGE('',*,*,#1287,.T.);
#1756=ORIENTED_EDGE('',*,*,#1288,.T.);
#1757=ORIENTED_EDGE('',*,*,#1289,.T.);
#1758=ORIENTED_EDGE('',*,*,#1284,.F.);
#1759=ORIENTED_EDGE('',*,*,#1290,.T.);
#1760=ORIENTED_EDGE('',*,*,#1291,.T.);
#1761=ORIENTED_EDGE('',*,*,#1292,.T.);
#1762=ORIENTED_EDGE('',*,*,#1288,.F.);
#1763=ORIENTED_EDGE('',*,*,#1293,.T.);
#1764=ORIENTED_EDGE('',*,*,#1294,.T.);
#1765=ORIENTED_EDGE('',*,*,#1295,.T.);
#1766=ORIENTED_EDGE('',*,*,#1291,.F.);
#1767=ORIENTED_EDGE('',*,*,#1296,.T.);
#1768=ORIENTED_EDGE('',*,*,#1297,.T.);
#1769=ORIENTED_EDGE('',*,*,#1298,.T.);
#1770=ORIENTED_EDGE('',*,*,#1294,.F.);
#1771=ORIENTED_EDGE('',*,*,#1299,.T.);
#1772=ORIENTED_EDGE('',*,*,#1300,.T.);
#1773=ORIENTED_EDGE('',*,*,#1301,.T.);
#1774=ORIENTED_EDGE('',*,*,#1297,.F.);
#1775=ORIENTED_EDGE('',*,*,#1302,.T.);
#1776=ORIENTED_EDGE('',*,*,#1303,.T.);
#1777=ORIENTED_EDGE('',*,*,#1304,.T.);
#1778=ORIENTED_EDGE('',*,*,#1300,.F.);
#1779=ORIENTED_EDGE('',*,*,#1305,.T.);
#1780=ORIENTED_EDGE('',*,*,#1306,.T.);
#1781=ORIENTED_EDGE('',*,*,#1307,.T.);
#1782=ORIENTED_EDGE('',*,*,#1303,.F.);
#1783=ORIENTED_EDGE('',*,*,#1308,.T.);
#1784=ORIENTED_EDGE('',*,*,#1309,.T.);
#1785=ORIENTED_EDGE('',*,*,#1310,.T.);
#1786=ORIENTED_EDGE('',*,*,#1306,.F.);
#1787=ORIENTED_EDGE('',*,*,#1311,.T.);
#1788=ORIENTED_EDGE('',*,*,#1312,.T.);
#1789=ORIENTED_EDGE('',*,*,#1313,.T.);
#1790=ORIENTED_EDGE('',*,*,#1309,.F.);
#1791=ORIENTED_EDGE('',*,*,#1314,.T.);
#1792=ORIENTED_EDGE('',*,*,#1315,.T.);
#1793=ORIENTED_EDGE('',*,*,#1316,.T.);
#1794=ORIENTED_EDGE('',*,*,#1312,.F.);
#1795=ORIENTED_EDGE('',*,*,#1317,.T.);
#1796=ORIENTED_EDGE('',*,*,#1318,.T.);
#1797=ORIENTED_EDGE('',*,*,#1319,.T.);
#1798=ORIENTED_EDGE('',*,*,#1315,.F.);
#1799=ORIENTED_EDGE('',*,*,#1320,.T.);
#1800=ORIENTED_EDGE('',*,*,#1321,.T.);
#1801=ORIENTED_EDGE('',*,*,#1322,.T.);
#1802=ORIENTED_EDGE('',*,*,#1318,.F.);
#1803=ORIENTED_EDGE('',*,*,#1323,.F.);
#1804=ORIENTED_EDGE('',*,*,#1324,.T.);
#1805=ORIENTED_EDGE('',*,*,#1325,.T.);
#1806=ORIENTED_EDGE('',*,*,#1321,.F.);
#1807=ORIENTED_EDGE('',*,*,#1326,.F.);
#1808=ORIENTED_EDGE('',*,*,#1327,.T.);
#1809=ORIENTED_EDGE('',*,*,#1328,.T.);
#1810=ORIENTED_EDGE('',*,*,#1324,.F.);
#1811=ORIENTED_EDGE('',*,*,#1329,.F.);
#1812=ORIENTED_EDGE('',*,*,#1330,.T.);
#1813=ORIENTED_EDGE('',*,*,#1331,.T.);
#1814=ORIENTED_EDGE('',*,*,#1327,.F.);
#1815=ORIENTED_EDGE('',*,*,#1332,.T.);
#1816=ORIENTED_EDGE('',*,*,#1333,.T.);
#1817=ORIENTED_EDGE('',*,*,#1334,.T.);
#1818=ORIENTED_EDGE('',*,*,#1330,.F.);
#1819=ORIENTED_EDGE('',*,*,#1335,.F.);
#1820=ORIENTED_EDGE('',*,*,#1336,.T.);
#1821=ORIENTED_EDGE('',*,*,#1337,.T.);
#1822=ORIENTED_EDGE('',*,*,#1333,.F.);
#1823=ORIENTED_EDGE('',*,*,#1338,.F.);
#1824=ORIENTED_EDGE('',*,*,#1339,.T.);
#1825=ORIENTED_EDGE('',*,*,#1340,.T.);
#1826=ORIENTED_EDGE('',*,*,#1336,.F.);
#1827=ORIENTED_EDGE('',*,*,#1341,.F.);
#1828=ORIENTED_EDGE('',*,*,#1342,.T.);
#1829=ORIENTED_EDGE('',*,*,#1343,.T.);
#1830=ORIENTED_EDGE('',*,*,#1339,.F.);
#1831=ORIENTED_EDGE('',*,*,#1344,.T.);
#1832=ORIENTED_EDGE('',*,*,#1345,.T.);
#1833=ORIENTED_EDGE('',*,*,#1346,.T.);
#1834=ORIENTED_EDGE('',*,*,#1342,.F.);
#1835=ORIENTED_EDGE('',*,*,#1347,.F.);
#1836=ORIENTED_EDGE('',*,*,#1348,.T.);
#1837=ORIENTED_EDGE('',*,*,#1349,.T.);
#1838=ORIENTED_EDGE('',*,*,#1345,.F.);
#1839=ORIENTED_EDGE('',*,*,#1350,.F.);
#1840=ORIENTED_EDGE('',*,*,#1351,.T.);
#1841=ORIENTED_EDGE('',*,*,#1352,.T.);
#1842=ORIENTED_EDGE('',*,*,#1348,.F.);
#1843=ORIENTED_EDGE('',*,*,#1353,.T.);
#1844=ORIENTED_EDGE('',*,*,#1286,.T.);
#1845=ORIENTED_EDGE('',*,*,#1354,.T.);
#1846=ORIENTED_EDGE('',*,*,#1351,.F.);
#1847=ORIENTED_EDGE('',*,*,#1354,.F.);
#1848=ORIENTED_EDGE('',*,*,#1285,.F.);
#1849=ORIENTED_EDGE('',*,*,#1289,.F.);
#1850=ORIENTED_EDGE('',*,*,#1292,.F.);
#1851=ORIENTED_EDGE('',*,*,#1295,.F.);
#1852=ORIENTED_EDGE('',*,*,#1298,.F.);
#1853=ORIENTED_EDGE('',*,*,#1301,.F.);
#1854=ORIENTED_EDGE('',*,*,#1304,.F.);
#1855=ORIENTED_EDGE('',*,*,#1307,.F.);
#1856=ORIENTED_EDGE('',*,*,#1310,.F.);
#1857=ORIENTED_EDGE('',*,*,#1313,.F.);
#1858=ORIENTED_EDGE('',*,*,#1316,.F.);
#1859=ORIENTED_EDGE('',*,*,#1319,.F.);
#1860=ORIENTED_EDGE('',*,*,#1322,.F.);
#1861=ORIENTED_EDGE('',*,*,#1325,.F.);
#1862=ORIENTED_EDGE('',*,*,#1328,.F.);
#1863=ORIENTED_EDGE('',*,*,#1331,.F.);
#1864=ORIENTED_EDGE('',*,*,#1334,.F.);
#1865=ORIENTED_EDGE('',*,*,#1337,.F.);
#1866=ORIENTED_EDGE('',*,*,#1340,.F.);
#1867=ORIENTED_EDGE('',*,*,#1343,.F.);
#1868=ORIENTED_EDGE('',*,*,#1346,.F.);
#1869=ORIENTED_EDGE('',*,*,#1349,.F.);
#1870=ORIENTED_EDGE('',*,*,#1352,.F.);
#1871=ORIENTED_EDGE('',*,*,#1353,.F.);
#1872=ORIENTED_EDGE('',*,*,#1350,.T.);
#1873=ORIENTED_EDGE('',*,*,#1347,.T.);
#1874=ORIENTED_EDGE('',*,*,#1344,.F.);
#1875=ORIENTED_EDGE('',*,*,#1341,.T.);
#1876=ORIENTED_EDGE('',*,*,#1338,.T.);
#1877=ORIENTED_EDGE('',*,*,#1335,.T.);
#1878=ORIENTED_EDGE('',*,*,#1332,.F.);
#1879=ORIENTED_EDGE('',*,*,#1329,.T.);
#1880=ORIENTED_EDGE('',*,*,#1326,.T.);
#1881=ORIENTED_EDGE('',*,*,#1323,.T.);
#1882=ORIENTED_EDGE('',*,*,#1320,.F.);
#1883=ORIENTED_EDGE('',*,*,#1317,.F.);
#1884=ORIENTED_EDGE('',*,*,#1314,.F.);
#1885=ORIENTED_EDGE('',*,*,#1311,.F.);
#1886=ORIENTED_EDGE('',*,*,#1308,.F.);
#1887=ORIENTED_EDGE('',*,*,#1305,.F.);
#1888=ORIENTED_EDGE('',*,*,#1302,.F.);
#1889=ORIENTED_EDGE('',*,*,#1299,.F.);
#1890=ORIENTED_EDGE('',*,*,#1296,.F.);
#1891=ORIENTED_EDGE('',*,*,#1293,.F.);
#1892=ORIENTED_EDGE('',*,*,#1290,.F.);
#1893=ORIENTED_EDGE('',*,*,#1287,.F.);
#1894=ORIENTED_EDGE('',*,*,#1283,.F.);
#1895=ORIENTED_EDGE('',*,*,#1355,.T.);
#1896=ORIENTED_EDGE('',*,*,#1356,.T.);
#1897=ORIENTED_EDGE('',*,*,#1357,.T.);
#1898=ORIENTED_EDGE('',*,*,#1358,.F.);
#1899=ORIENTED_EDGE('',*,*,#1359,.T.);
#1900=ORIENTED_EDGE('',*,*,#1360,.T.);
#1901=ORIENTED_EDGE('',*,*,#1361,.T.);
#1902=ORIENTED_EDGE('',*,*,#1356,.F.);
#1903=ORIENTED_EDGE('',*,*,#1362,.T.);
#1904=ORIENTED_EDGE('',*,*,#1363,.T.);
#1905=ORIENTED_EDGE('',*,*,#1364,.T.);
#1906=ORIENTED_EDGE('',*,*,#1360,.F.);
#1907=ORIENTED_EDGE('',*,*,#1365,.T.);
#1908=ORIENTED_EDGE('',*,*,#1366,.T.);
#1909=ORIENTED_EDGE('',*,*,#1367,.T.);
#1910=ORIENTED_EDGE('',*,*,#1363,.F.);
#1911=ORIENTED_EDGE('',*,*,#1368,.T.);
#1912=ORIENTED_EDGE('',*,*,#1369,.T.);
#1913=ORIENTED_EDGE('',*,*,#1370,.T.);
#1914=ORIENTED_EDGE('',*,*,#1366,.F.);
#1915=ORIENTED_EDGE('',*,*,#1371,.T.);
#1916=ORIENTED_EDGE('',*,*,#1372,.T.);
#1917=ORIENTED_EDGE('',*,*,#1373,.T.);
#1918=ORIENTED_EDGE('',*,*,#1369,.F.);
#1919=ORIENTED_EDGE('',*,*,#1374,.T.);
#1920=ORIENTED_EDGE('',*,*,#1375,.T.);
#1921=ORIENTED_EDGE('',*,*,#1376,.T.);
#1922=ORIENTED_EDGE('',*,*,#1372,.F.);
#1923=ORIENTED_EDGE('',*,*,#1377,.T.);
#1924=ORIENTED_EDGE('',*,*,#1378,.T.);
#1925=ORIENTED_EDGE('',*,*,#1379,.T.);
#1926=ORIENTED_EDGE('',*,*,#1375,.F.);
#1927=ORIENTED_EDGE('',*,*,#1380,.T.);
#1928=ORIENTED_EDGE('',*,*,#1381,.T.);
#1929=ORIENTED_EDGE('',*,*,#1382,.T.);
#1930=ORIENTED_EDGE('',*,*,#1378,.F.);
#1931=ORIENTED_EDGE('',*,*,#1383,.T.);
#1932=ORIENTED_EDGE('',*,*,#1384,.T.);
#1933=ORIENTED_EDGE('',*,*,#1385,.T.);
#1934=ORIENTED_EDGE('',*,*,#1381,.F.);
#1935=ORIENTED_EDGE('',*,*,#1386,.F.);
#1936=ORIENTED_EDGE('',*,*,#1387,.T.);
#1937=ORIENTED_EDGE('',*,*,#1388,.T.);
#1938=ORIENTED_EDGE('',*,*,#1384,.F.);
#1939=ORIENTED_EDGE('',*,*,#1389,.F.);
#1940=ORIENTED_EDGE('',*,*,#1390,.T.);
#1941=ORIENTED_EDGE('',*,*,#1391,.T.);
#1942=ORIENTED_EDGE('',*,*,#1387,.F.);
#1943=ORIENTED_EDGE('',*,*,#1392,.F.);
#1944=ORIENTED_EDGE('',*,*,#1393,.T.);
#1945=ORIENTED_EDGE('',*,*,#1394,.T.);
#1946=ORIENTED_EDGE('',*,*,#1390,.F.);
#1947=ORIENTED_EDGE('',*,*,#1395,.T.);
#1948=ORIENTED_EDGE('',*,*,#1396,.T.);
#1949=ORIENTED_EDGE('',*,*,#1397,.T.);
#1950=ORIENTED_EDGE('',*,*,#1393,.F.);
#1951=ORIENTED_EDGE('',*,*,#1398,.F.);
#1952=ORIENTED_EDGE('',*,*,#1399,.T.);
#1953=ORIENTED_EDGE('',*,*,#1400,.T.);
#1954=ORIENTED_EDGE('',*,*,#1396,.F.);
#1955=ORIENTED_EDGE('',*,*,#1401,.F.);
#1956=ORIENTED_EDGE('',*,*,#1402,.T.);
#1957=ORIENTED_EDGE('',*,*,#1403,.T.);
#1958=ORIENTED_EDGE('',*,*,#1399,.F.);
#1959=ORIENTED_EDGE('',*,*,#1404,.F.);
#1960=ORIENTED_EDGE('',*,*,#1405,.T.);
#1961=ORIENTED_EDGE('',*,*,#1406,.T.);
#1962=ORIENTED_EDGE('',*,*,#1402,.F.);
#1963=ORIENTED_EDGE('',*,*,#1407,.T.);
#1964=ORIENTED_EDGE('',*,*,#1408,.T.);
#1965=ORIENTED_EDGE('',*,*,#1409,.T.);
#1966=ORIENTED_EDGE('',*,*,#1405,.F.);
#1967=ORIENTED_EDGE('',*,*,#1410,.F.);
#1968=ORIENTED_EDGE('',*,*,#1411,.T.);
#1969=ORIENTED_EDGE('',*,*,#1412,.T.);
#1970=ORIENTED_EDGE('',*,*,#1408,.F.);
#1971=ORIENTED_EDGE('',*,*,#1413,.F.);
#1972=ORIENTED_EDGE('',*,*,#1414,.T.);
#1973=ORIENTED_EDGE('',*,*,#1415,.T.);
#1974=ORIENTED_EDGE('',*,*,#1411,.F.);
#1975=ORIENTED_EDGE('',*,*,#1416,.T.);
#1976=ORIENTED_EDGE('',*,*,#1417,.T.);
#1977=ORIENTED_EDGE('',*,*,#1418,.T.);
#1978=ORIENTED_EDGE('',*,*,#1414,.F.);
#1979=ORIENTED_EDGE('',*,*,#1419,.T.);
#1980=ORIENTED_EDGE('',*,*,#1420,.T.);
#1981=ORIENTED_EDGE('',*,*,#1421,.T.);
#1982=ORIENTED_EDGE('',*,*,#1417,.F.);
#1983=ORIENTED_EDGE('',*,*,#1422,.T.);
#1984=ORIENTED_EDGE('',*,*,#1423,.T.);
#1985=ORIENTED_EDGE('',*,*,#1424,.T.);
#1986=ORIENTED_EDGE('',*,*,#1420,.F.);
#1987=ORIENTED_EDGE('',*,*,#1425,.T.);
#1988=ORIENTED_EDGE('',*,*,#1358,.T.);
#1989=ORIENTED_EDGE('',*,*,#1426,.T.);
#1990=ORIENTED_EDGE('',*,*,#1423,.F.);
#1991=ORIENTED_EDGE('',*,*,#1426,.F.);
#1992=ORIENTED_EDGE('',*,*,#1357,.F.);
#1993=ORIENTED_EDGE('',*,*,#1361,.F.);
#1994=ORIENTED_EDGE('',*,*,#1364,.F.);
#1995=ORIENTED_EDGE('',*,*,#1367,.F.);
#1996=ORIENTED_EDGE('',*,*,#1370,.F.);
#1997=ORIENTED_EDGE('',*,*,#1373,.F.);
#1998=ORIENTED_EDGE('',*,*,#1376,.F.);
#1999=ORIENTED_EDGE('',*,*,#1379,.F.);
#2000=ORIENTED_EDGE('',*,*,#1382,.F.);
#2001=ORIENTED_EDGE('',*,*,#1385,.F.);
#2002=ORIENTED_EDGE('',*,*,#1388,.F.);
#2003=ORIENTED_EDGE('',*,*,#1391,.F.);
#2004=ORIENTED_EDGE('',*,*,#1394,.F.);
#2005=ORIENTED_EDGE('',*,*,#1397,.F.);
#2006=ORIENTED_EDGE('',*,*,#1400,.F.);
#2007=ORIENTED_EDGE('',*,*,#1403,.F.);
#2008=ORIENTED_EDGE('',*,*,#1406,.F.);
#2009=ORIENTED_EDGE('',*,*,#1409,.F.);
#2010=ORIENTED_EDGE('',*,*,#1412,.F.);
#2011=ORIENTED_EDGE('',*,*,#1415,.F.);
#2012=ORIENTED_EDGE('',*,*,#1418,.F.);
#2013=ORIENTED_EDGE('',*,*,#1421,.F.);
#2014=ORIENTED_EDGE('',*,*,#1424,.F.);
#2015=ORIENTED_EDGE('',*,*,#1425,.F.);
#2016=ORIENTED_EDGE('',*,*,#1422,.F.);
#2017=ORIENTED_EDGE('',*,*,#1419,.F.);
#2018=ORIENTED_EDGE('',*,*,#1416,.F.);
#2019=ORIENTED_EDGE('',*,*,#1413,.T.);
#2020=ORIENTED_EDGE('',*,*,#1410,.T.);
#2021=ORIENTED_EDGE('',*,*,#1407,.F.);
#2022=ORIENTED_EDGE('',*,*,#1404,.T.);
#2023=ORIENTED_EDGE('',*,*,#1401,.T.);
#2024=ORIENTED_EDGE('',*,*,#1398,.T.);
#2025=ORIENTED_EDGE('',*,*,#1395,.F.);
#2026=ORIENTED_EDGE('',*,*,#1392,.T.);
#2027=ORIENTED_EDGE('',*,*,#1389,.T.);
#2028=ORIENTED_EDGE('',*,*,#1386,.T.);
#2029=ORIENTED_EDGE('',*,*,#1383,.F.);
#2030=ORIENTED_EDGE('',*,*,#1380,.F.);
#2031=ORIENTED_EDGE('',*,*,#1377,.F.);
#2032=ORIENTED_EDGE('',*,*,#1374,.F.);
#2033=ORIENTED_EDGE('',*,*,#1371,.F.);
#2034=ORIENTED_EDGE('',*,*,#1368,.F.);
#2035=ORIENTED_EDGE('',*,*,#1365,.F.);
#2036=ORIENTED_EDGE('',*,*,#1362,.F.);
#2037=ORIENTED_EDGE('',*,*,#1359,.F.);
#2038=ORIENTED_EDGE('',*,*,#1355,.F.);
#2039=ORIENTED_EDGE('',*,*,#1427,.F.);
#2040=ORIENTED_EDGE('',*,*,#1428,.T.);
#2041=ORIENTED_EDGE('',*,*,#1429,.F.);
#2042=ORIENTED_EDGE('',*,*,#1430,.F.);
#2043=ORIENTED_EDGE('',*,*,#1431,.F.);
#2044=ORIENTED_EDGE('',*,*,#1430,.T.);
#2045=ORIENTED_EDGE('',*,*,#1432,.F.);
#2046=ORIENTED_EDGE('',*,*,#1433,.F.);
#2047=ORIENTED_EDGE('',*,*,#1434,.F.);
#2048=ORIENTED_EDGE('',*,*,#1433,.T.);
#2049=ORIENTED_EDGE('',*,*,#1435,.F.);
#2050=ORIENTED_EDGE('',*,*,#1436,.F.);
#2051=ORIENTED_EDGE('',*,*,#1437,.F.);
#2052=ORIENTED_EDGE('',*,*,#1436,.T.);
#2053=ORIENTED_EDGE('',*,*,#1438,.F.);
#2054=ORIENTED_EDGE('',*,*,#1428,.F.);
#2055=ORIENTED_EDGE('',*,*,#1438,.T.);
#2056=ORIENTED_EDGE('',*,*,#1435,.T.);
#2057=ORIENTED_EDGE('',*,*,#1432,.T.);
#2058=ORIENTED_EDGE('',*,*,#1429,.T.);
#2059=ORIENTED_EDGE('',*,*,#1437,.T.);
#2060=ORIENTED_EDGE('',*,*,#1427,.T.);
#2061=ORIENTED_EDGE('',*,*,#1431,.T.);
#2062=ORIENTED_EDGE('',*,*,#1434,.T.);
#2063=PLANE('',#2370);
#2064=PLANE('',#2371);
#2065=PLANE('',#2372);
#2066=PLANE('',#2373);
#2067=PLANE('',#2374);
#2068=PLANE('',#2375);
#2069=PLANE('',#2377);
#2070=PLANE('',#2378);
#2071=PLANE('',#2379);
#2072=PLANE('',#2380);
#2073=PLANE('',#2381);
#2074=PLANE('',#2382);
#2075=PLANE('',#2383);
#2076=PLANE('',#2384);
#2077=PLANE('',#2385);
#2078=PLANE('',#2386);
#2079=PLANE('',#2387);
#2080=PLANE('',#2388);
#2081=PLANE('',#2389);
#2082=PLANE('',#2390);
#2083=PLANE('',#2391);
#2084=PLANE('',#2392);
#2085=PLANE('',#2393);
#2086=PLANE('',#2394);
#2087=PLANE('',#2395);
#2088=PLANE('',#2396);
#2089=PLANE('',#2397);
#2090=PLANE('',#2398);
#2091=PLANE('',#2399);
#2092=PLANE('',#2400);
#2093=PLANE('',#2401);
#2094=PLANE('',#2402);
#2095=PLANE('',#2404);
#2096=PLANE('',#2405);
#2097=PLANE('',#2406);
#2098=PLANE('',#2407);
#2099=PLANE('',#2408);
#2100=PLANE('',#2409);
#2101=PLANE('',#2410);
#2102=PLANE('',#2411);
#2103=PLANE('',#2412);
#2104=PLANE('',#2413);
#2105=PLANE('',#2414);
#2106=PLANE('',#2415);
#2107=PLANE('',#2416);
#2108=PLANE('',#2417);
#2109=PLANE('',#2418);
#2110=PLANE('',#2419);
#2111=PLANE('',#2420);
#2112=PLANE('',#2421);
#2113=PLANE('',#2422);
#2114=PLANE('',#2423);
#2115=PLANE('',#2424);
#2116=PLANE('',#2425);
#2117=PLANE('',#2426);
#2118=PLANE('',#2427);
#2119=PLANE('',#2428);
#2120=PLANE('',#2429);
#2121=PLANE('',#2431);
#2122=PLANE('',#2432);
#2123=PLANE('',#2433);
#2124=PLANE('',#2434);
#2125=PLANE('',#2435);
#2126=PLANE('',#2436);
#2127=PLANE('',#2437);
#2128=PLANE('',#2438);
#2129=PLANE('',#2439);
#2130=PLANE('',#2440);
#2131=PLANE('',#2441);
#2132=PLANE('',#2442);
#2133=PLANE('',#2443);
#2134=PLANE('',#2444);
#2135=PLANE('',#2445);
#2136=PLANE('',#2446);
#2137=PLANE('',#2447);
#2138=PLANE('',#2448);
#2139=PLANE('',#2449);
#2140=PLANE('',#2450);
#2141=PLANE('',#2451);
#2142=PLANE('',#2452);
#2143=PLANE('',#2453);
#2144=PLANE('',#2454);
#2145=PLANE('',#2455);
#2146=PLANE('',#2456);
#2147=PLANE('',#2458);
#2148=PLANE('',#2459);
#2149=PLANE('',#2460);
#2150=PLANE('',#2461);
#2151=PLANE('',#2462);
#2152=PLANE('',#2463);
#2153=PLANE('',#2464);
#2154=PLANE('',#2465);
#2155=PLANE('',#2466);
#2156=PLANE('',#2467);
#2157=PLANE('',#2468);
#2158=PLANE('',#2469);
#2159=PLANE('',#2470);
#2160=PLANE('',#2471);
#2161=PLANE('',#2472);
#2162=PLANE('',#2473);
#2163=PLANE('',#2474);
#2164=PLANE('',#2475);
#2165=PLANE('',#2476);
#2166=PLANE('',#2477);
#2167=PLANE('',#2478);
#2168=PLANE('',#2479);
#2169=PLANE('',#2480);
#2170=PLANE('',#2481);
#2171=PLANE('',#2482);
#2172=PLANE('',#2483);
#2173=PLANE('',#2485);
#2174=PLANE('',#2486);
#2175=PLANE('',#2487);
#2176=PLANE('',#2488);
#2177=PLANE('',#2489);
#2178=PLANE('',#2490);
#2179=ADVANCED_FACE('',(#63),#2063,.T.);
#2180=ADVANCED_FACE('',(#64),#2064,.T.);
#2181=ADVANCED_FACE('',(#65),#2065,.T.);
#2182=ADVANCED_FACE('',(#66),#2066,.T.);
#2183=ADVANCED_FACE('',(#67),#2067,.T.);
#2184=ADVANCED_FACE('',(#68),#2068,.T.);
#2185=ADVANCED_FACE('',(#69),#2069,.T.);
#2186=ADVANCED_FACE('',(#70),#2070,.T.);
#2187=ADVANCED_FACE('',(#71),#2071,.T.);
#2188=ADVANCED_FACE('',(#72),#2072,.T.);
#2189=ADVANCED_FACE('',(#73),#2073,.T.);
#2190=ADVANCED_FACE('',(#74),#2074,.T.);
#2191=ADVANCED_FACE('',(#75),#2075,.T.);
#2192=ADVANCED_FACE('',(#76),#2076,.T.);
#2193=ADVANCED_FACE('',(#77),#2077,.T.);
#2194=ADVANCED_FACE('',(#78),#2078,.T.);
#2195=ADVANCED_FACE('',(#79),#2079,.T.);
#2196=ADVANCED_FACE('',(#80),#2080,.T.);
#2197=ADVANCED_FACE('',(#81),#2081,.T.);
#2198=ADVANCED_FACE('',(#82),#2082,.T.);
#2199=ADVANCED_FACE('',(#83),#2083,.T.);
#2200=ADVANCED_FACE('',(#84),#2084,.T.);
#2201=ADVANCED_FACE('',(#85),#2085,.T.);
#2202=ADVANCED_FACE('',(#86),#2086,.T.);
#2203=ADVANCED_FACE('',(#87),#2087,.T.);
#2204=ADVANCED_FACE('',(#88),#2088,.T.);
#2205=ADVANCED_FACE('',(#89),#2089,.T.);
#2206=ADVANCED_FACE('',(#90),#2090,.T.);
#2207=ADVANCED_FACE('',(#91),#2091,.T.);
#2208=ADVANCED_FACE('',(#92),#2092,.T.);
#2209=ADVANCED_FACE('',(#93),#2093,.T.);
#2210=ADVANCED_FACE('',(#94),#2094,.F.);
#2211=ADVANCED_FACE('',(#95),#2095,.T.);
#2212=ADVANCED_FACE('',(#96),#2096,.T.);
#2213=ADVANCED_FACE('',(#97),#2097,.T.);
#2214=ADVANCED_FACE('',(#98),#2098,.T.);
#2215=ADVANCED_FACE('',(#99),#2099,.T.);
#2216=ADVANCED_FACE('',(#100),#2100,.T.);
#2217=ADVANCED_FACE('',(#101),#2101,.T.);
#2218=ADVANCED_FACE('',(#102),#2102,.T.);
#2219=ADVANCED_FACE('',(#103),#2103,.T.);
#2220=ADVANCED_FACE('',(#104),#2104,.T.);
#2221=ADVANCED_FACE('',(#105),#2105,.T.);
#2222=ADVANCED_FACE('',(#106),#2106,.T.);
#2223=ADVANCED_FACE('',(#107),#2107,.T.);
#2224=ADVANCED_FACE('',(#108),#2108,.T.);
#2225=ADVANCED_FACE('',(#109),#2109,.T.);
#2226=ADVANCED_FACE('',(#110),#2110,.T.);
#2227=ADVANCED_FACE('',(#111),#2111,.T.);
#2228=ADVANCED_FACE('',(#112),#2112,.T.);
#2229=ADVANCED_FACE('',(#113),#2113,.T.);
#2230=ADVANCED_FACE('',(#114),#2114,.T.);
#2231=ADVANCED_FACE('',(#115),#2115,.T.);
#2232=ADVANCED_FACE('',(#116),#2116,.T.);
#2233=ADVANCED_FACE('',(#117),#2117,.T.);
#2234=ADVANCED_FACE('',(#118),#2118,.T.);
#2235=ADVANCED_FACE('',(#119),#2119,.T.);
#2236=ADVANCED_FACE('',(#120),#2120,.F.);
#2237=ADVANCED_FACE('',(#121),#2121,.F.);
#2238=ADVANCED_FACE('',(#122),#2122,.F.);
#2239=ADVANCED_FACE('',(#123),#2123,.F.);
#2240=ADVANCED_FACE('',(#124),#2124,.F.);
#2241=ADVANCED_FACE('',(#125),#2125,.F.);
#2242=ADVANCED_FACE('',(#126),#2126,.F.);
#2243=ADVANCED_FACE('',(#127),#2127,.F.);
#2244=ADVANCED_FACE('',(#128),#2128,.F.);
#2245=ADVANCED_FACE('',(#129),#2129,.F.);
#2246=ADVANCED_FACE('',(#130),#2130,.F.);
#2247=ADVANCED_FACE('',(#131),#2131,.F.);
#2248=ADVANCED_FACE('',(#132),#2132,.F.);
#2249=ADVANCED_FACE('',(#133),#2133,.F.);
#2250=ADVANCED_FACE('',(#134),#2134,.F.);
#2251=ADVANCED_FACE('',(#135),#2135,.F.);
#2252=ADVANCED_FACE('',(#136),#2136,.F.);
#2253=ADVANCED_FACE('',(#137),#2137,.F.);
#2254=ADVANCED_FACE('',(#138),#2138,.F.);
#2255=ADVANCED_FACE('',(#139),#2139,.F.);
#2256=ADVANCED_FACE('',(#140),#2140,.F.);
#2257=ADVANCED_FACE('',(#141),#2141,.F.);
#2258=ADVANCED_FACE('',(#142),#2142,.F.);
#2259=ADVANCED_FACE('',(#143),#2143,.F.);
#2260=ADVANCED_FACE('',(#144),#2144,.F.);
#2261=ADVANCED_FACE('',(#145),#2145,.F.);
#2262=ADVANCED_FACE('',(#146),#2146,.T.);
#2263=ADVANCED_FACE('',(#147),#2147,.F.);
#2264=ADVANCED_FACE('',(#148),#2148,.F.);
#2265=ADVANCED_FACE('',(#149),#2149,.F.);
#2266=ADVANCED_FACE('',(#150),#2150,.F.);
#2267=ADVANCED_FACE('',(#151),#2151,.F.);
#2268=ADVANCED_FACE('',(#152),#2152,.F.);
#2269=ADVANCED_FACE('',(#153),#2153,.F.);
#2270=ADVANCED_FACE('',(#154),#2154,.F.);
#2271=ADVANCED_FACE('',(#155),#2155,.F.);
#2272=ADVANCED_FACE('',(#156),#2156,.F.);
#2273=ADVANCED_FACE('',(#157),#2157,.F.);
#2274=ADVANCED_FACE('',(#158),#2158,.F.);
#2275=ADVANCED_FACE('',(#159),#2159,.F.);
#2276=ADVANCED_FACE('',(#160),#2160,.F.);
#2277=ADVANCED_FACE('',(#161),#2161,.F.);
#2278=ADVANCED_FACE('',(#162),#2162,.F.);
#2279=ADVANCED_FACE('',(#163),#2163,.F.);
#2280=ADVANCED_FACE('',(#164),#2164,.F.);
#2281=ADVANCED_FACE('',(#165),#2165,.F.);
#2282=ADVANCED_FACE('',(#166),#2166,.F.);
#2283=ADVANCED_FACE('',(#167),#2167,.F.);
#2284=ADVANCED_FACE('',(#168),#2168,.F.);
#2285=ADVANCED_FACE('',(#169),#2169,.F.);
#2286=ADVANCED_FACE('',(#170),#2170,.F.);
#2287=ADVANCED_FACE('',(#171),#2171,.F.);
#2288=ADVANCED_FACE('',(#172),#2172,.T.);
#2289=ADVANCED_FACE('',(#173),#2173,.T.);
#2290=ADVANCED_FACE('',(#174),#2174,.T.);
#2291=ADVANCED_FACE('',(#175),#2175,.T.);
#2292=ADVANCED_FACE('',(#176),#2176,.T.);
#2293=ADVANCED_FACE('',(#177),#2177,.T.);
#2294=ADVANCED_FACE('',(#178),#2178,.F.);
#2295=CLOSED_SHELL('',(#2179,#2180,#2181,#2182,#2183,#2184));
#2296=CLOSED_SHELL('',(#2185,#2186,#2187,#2188,#2189,#2190,#2191,#2192,
#2193,#2194,#2195,#2196,#2197,#2198,#2199,#2200,#2201,#2202,#2203,#2204,
#2205,#2206,#2207,#2208,#2209,#2210));
#2297=CLOSED_SHELL('',(#2211,#2212,#2213,#2214,#2215,#2216,#2217,#2218,
#2219,#2220,#2221,#2222,#2223,#2224,#2225,#2226,#2227,#2228,#2229,#2230,
#2231,#2232,#2233,#2234,#2235,#2236));
#2298=CLOSED_SHELL('',(#2237,#2238,#2239,#2240,#2241,#2242,#2243,#2244,
#2245,#2246,#2247,#2248,#2249,#2250,#2251,#2252,#2253,#2254,#2255,#2256,
#2257,#2258,#2259,#2260,#2261,#2262));
#2299=CLOSED_SHELL('',(#2263,#2264,#2265,#2266,#2267,#2268,#2269,#2270,
#2271,#2272,#2273,#2274,#2275,#2276,#2277,#2278,#2279,#2280,#2281,#2282,
#2283,#2284,#2285,#2286,#2287,#2288));
#2300=CLOSED_SHELL('',(#2289,#2290,#2291,#2292,#2293,#2294));
#2301=DERIVED_UNIT_ELEMENT(#2313,1.);
#2302=DERIVED_UNIT_ELEMENT(#3737,-3.);
#2303=DERIVED_UNIT_ELEMENT(#2313,1.);
#2304=DERIVED_UNIT_ELEMENT(#3737,-3.);
#2305=DERIVED_UNIT_ELEMENT(#2313,1.);
#2306=DERIVED_UNIT_ELEMENT(#3737,-3.);
#2307=DERIVED_UNIT_ELEMENT(#2313,1.);
#2308=DERIVED_UNIT_ELEMENT(#3737,-3.);
#2309=DERIVED_UNIT_ELEMENT(#2313,1.);
#2310=DERIVED_UNIT_ELEMENT(#3737,-3.);
#2311=DERIVED_UNIT_ELEMENT(#2313,1.);
#2312=DERIVED_UNIT_ELEMENT(#3737,-3.);
#2313=(
MASS_UNIT()
NAMED_UNIT(*)
SI_UNIT(.KILO.,.GRAM.)
);
#2314=DERIVED_UNIT((#2301,#2302));
#2315=DERIVED_UNIT((#2303,#2304));
#2316=DERIVED_UNIT((#2305,#2306));
#2317=DERIVED_UNIT((#2307,#2308));
#2318=DERIVED_UNIT((#2309,#2310));
#2319=DERIVED_UNIT((#2311,#2312));
#2320=MEASURE_REPRESENTATION_ITEM('density measure',
POSITIVE_RATIO_MEASURE(7850.),#2314);
#2321=MEASURE_REPRESENTATION_ITEM('density measure',
POSITIVE_RATIO_MEASURE(7850.),#2315);
#2322=MEASURE_REPRESENTATION_ITEM('density measure',
POSITIVE_RATIO_MEASURE(7850.),#2316);
#2323=MEASURE_REPRESENTATION_ITEM('density measure',
POSITIVE_RATIO_MEASURE(7850.),#2317);
#2324=MEASURE_REPRESENTATION_ITEM('density measure',
POSITIVE_RATIO_MEASURE(7850.),#2318);
#2325=MEASURE_REPRESENTATION_ITEM('density measure',
POSITIVE_RATIO_MEASURE(7850.),#2319);
#2326=PROPERTY_DEFINITION_REPRESENTATION(#2356,#2338);
#2327=PROPERTY_DEFINITION_REPRESENTATION(#2357,#2339);
#2328=PROPERTY_DEFINITION_REPRESENTATION(#2358,#2340);
#2329=PROPERTY_DEFINITION_REPRESENTATION(#2359,#2341);
#2330=PROPERTY_DEFINITION_REPRESENTATION(#2360,#2342);
#2331=PROPERTY_DEFINITION_REPRESENTATION(#2361,#2343);
#2332=PROPERTY_DEFINITION_REPRESENTATION(#2362,#2344);
#2333=PROPERTY_DEFINITION_REPRESENTATION(#2363,#2345);
#2334=PROPERTY_DEFINITION_REPRESENTATION(#2364,#2346);
#2335=PROPERTY_DEFINITION_REPRESENTATION(#2365,#2347);
#2336=PROPERTY_DEFINITION_REPRESENTATION(#2366,#2348);
#2337=PROPERTY_DEFINITION_REPRESENTATION(#2367,#2349);
#2338=REPRESENTATION('material name',(#2350),#3729);
#2339=REPRESENTATION('density',(#2320),#3729);
#2340=REPRESENTATION('material name',(#2351),#3730);
#2341=REPRESENTATION('density',(#2321),#3730);
#2342=REPRESENTATION('material name',(#2352),#3731);
#2343=REPRESENTATION('density',(#2322),#3731);
#2344=REPRESENTATION('material name',(#2353),#3732);
#2345=REPRESENTATION('density',(#2323),#3732);
#2346=REPRESENTATION('material name',(#2354),#3733);
#2347=REPRESENTATION('density',(#2324),#3733);
#2348=REPRESENTATION('material name',(#2355),#3734);
#2349=REPRESENTATION('density',(#2325),#3734);
#2350=DESCRIPTIVE_REPRESENTATION_ITEM('Steel','Steel');
#2351=DESCRIPTIVE_REPRESENTATION_ITEM('Steel','Steel');
#2352=DESCRIPTIVE_REPRESENTATION_ITEM('Steel','Steel');
#2353=DESCRIPTIVE_REPRESENTATION_ITEM('Steel','Steel');
#2354=DESCRIPTIVE_REPRESENTATION_ITEM('Steel','Steel');
#2355=DESCRIPTIVE_REPRESENTATION_ITEM('Steel','Steel');
#2356=PROPERTY_DEFINITION('material property','material name',#3769);
#2357=PROPERTY_DEFINITION('material property','density of part',#3769);
#2358=PROPERTY_DEFINITION('material property','material name',#3770);
#2359=PROPERTY_DEFINITION('material property','density of part',#3770);
#2360=PROPERTY_DEFINITION('material property','material name',#3771);
#2361=PROPERTY_DEFINITION('material property','density of part',#3771);
#2362=PROPERTY_DEFINITION('material property','material name',#3772);
#2363=PROPERTY_DEFINITION('material property','density of part',#3772);
#2364=PROPERTY_DEFINITION('material property','material name',#3773);
#2365=PROPERTY_DEFINITION('material property','density of part',#3773);
#2366=PROPERTY_DEFINITION('material property','material name',#3774);
#2367=PROPERTY_DEFINITION('material property','density of part',#3774);
#2368=AXIS2_PLACEMENT_3D('',#3070,#2498,#2499);
#2369=AXIS2_PLACEMENT_3D('',#3071,#2500,#2501);
#2370=AXIS2_PLACEMENT_3D('',#3072,#2502,#2503);
#2371=AXIS2_PLACEMENT_3D('',#3081,#2508,#2509);
#2372=AXIS2_PLACEMENT_3D('',#3087,#2513,#2514);
#2373=AXIS2_PLACEMENT_3D('',#3093,#2518,#2519);
#2374=AXIS2_PLACEMENT_3D('',#3096,#2522,#2523);
#2375=AXIS2_PLACEMENT_3D('',#3097,#2524,#2525);
#2376=AXIS2_PLACEMENT_3D('',#3098,#2526,#2527);
#2377=AXIS2_PLACEMENT_3D('',#3099,#2528,#2529);
#2378=AXIS2_PLACEMENT_3D('',#3108,#2534,#2535);
#2379=AXIS2_PLACEMENT_3D('',#3114,#2539,#2540);
#2380=AXIS2_PLACEMENT_3D('',#3120,#2544,#2545);
#2381=AXIS2_PLACEMENT_3D('',#3126,#2549,#2550);
#2382=AXIS2_PLACEMENT_3D('',#3132,#2554,#2555);
#2383=AXIS2_PLACEMENT_3D('',#3138,#2559,#2560);
#2384=AXIS2_PLACEMENT_3D('',#3144,#2564,#2565);
#2385=AXIS2_PLACEMENT_3D('',#3150,#2569,#2570);
#2386=AXIS2_PLACEMENT_3D('',#3156,#2574,#2575);
#2387=AXIS2_PLACEMENT_3D('',#3162,#2579,#2580);
#2388=AXIS2_PLACEMENT_3D('',#3168,#2584,#2585);
#2389=AXIS2_PLACEMENT_3D('',#3174,#2589,#2590);
#2390=AXIS2_PLACEMENT_3D('',#3180,#2594,#2595);
#2391=AXIS2_PLACEMENT_3D('',#3186,#2599,#2600);
#2392=AXIS2_PLACEMENT_3D('',#3192,#2604,#2605);
#2393=AXIS2_PLACEMENT_3D('',#3198,#2609,#2610);
#2394=AXIS2_PLACEMENT_3D('',#3204,#2614,#2615);
#2395=AXIS2_PLACEMENT_3D('',#3210,#2619,#2620);
#2396=AXIS2_PLACEMENT_3D('',#3216,#2624,#2625);
#2397=AXIS2_PLACEMENT_3D('',#3222,#2629,#2630);
#2398=AXIS2_PLACEMENT_3D('',#3228,#2634,#2635);
#2399=AXIS2_PLACEMENT_3D('',#3234,#2639,#2640);
#2400=AXIS2_PLACEMENT_3D('',#3240,#2644,#2645);
#2401=AXIS2_PLACEMENT_3D('',#3243,#2648,#2649);
#2402=AXIS2_PLACEMENT_3D('',#3244,#2650,#2651);
#2403=AXIS2_PLACEMENT_3D('',#3245,#2652,#2653);
#2404=AXIS2_PLACEMENT_3D('',#3246,#2654,#2655);
#2405=AXIS2_PLACEMENT_3D('',#3255,#2660,#2661);
#2406=AXIS2_PLACEMENT_3D('',#3261,#2665,#2666);
#2407=AXIS2_PLACEMENT_3D('',#3267,#2670,#2671);
#2408=AXIS2_PLACEMENT_3D('',#3273,#2675,#2676);
#2409=AXIS2_PLACEMENT_3D('',#3279,#2680,#2681);
#2410=AXIS2_PLACEMENT_3D('',#3285,#2685,#2686);
#2411=AXIS2_PLACEMENT_3D('',#3291,#2690,#2691);
#2412=AXIS2_PLACEMENT_3D('',#3297,#2695,#2696);
#2413=AXIS2_PLACEMENT_3D('',#3303,#2700,#2701);
#2414=AXIS2_PLACEMENT_3D('',#3309,#2705,#2706);
#2415=AXIS2_PLACEMENT_3D('',#3315,#2710,#2711);
#2416=AXIS2_PLACEMENT_3D('',#3321,#2715,#2716);
#2417=AXIS2_PLACEMENT_3D('',#3327,#2720,#2721);
#2418=AXIS2_PLACEMENT_3D('',#3333,#2725,#2726);
#2419=AXIS2_PLACEMENT_3D('',#3339,#2730,#2731);
#2420=AXIS2_PLACEMENT_3D('',#3345,#2735,#2736);
#2421=AXIS2_PLACEMENT_3D('',#3351,#2740,#2741);
#2422=AXIS2_PLACEMENT_3D('',#3357,#2745,#2746);
#2423=AXIS2_PLACEMENT_3D('',#3363,#2750,#2751);
#2424=AXIS2_PLACEMENT_3D('',#3369,#2755,#2756);
#2425=AXIS2_PLACEMENT_3D('',#3375,#2760,#2761);
#2426=AXIS2_PLACEMENT_3D('',#3381,#2765,#2766);
#2427=AXIS2_PLACEMENT_3D('',#3387,#2770,#2771);
#2428=AXIS2_PLACEMENT_3D('',#3390,#2774,#2775);
#2429=AXIS2_PLACEMENT_3D('',#3391,#2776,#2777);
#2430=AXIS2_PLACEMENT_3D('',#3392,#2778,#2779);
#2431=AXIS2_PLACEMENT_3D('',#3393,#2780,#2781);
#2432=AXIS2_PLACEMENT_3D('',#3402,#2786,#2787);
#2433=AXIS2_PLACEMENT_3D('',#3408,#2791,#2792);
#2434=AXIS2_PLACEMENT_3D('',#3414,#2796,#2797);
#2435=AXIS2_PLACEMENT_3D('',#3420,#2801,#2802);
#2436=AXIS2_PLACEMENT_3D('',#3426,#2806,#2807);
#2437=AXIS2_PLACEMENT_3D('',#3432,#2811,#2812);
#2438=AXIS2_PLACEMENT_3D('',#3438,#2816,#2817);
#2439=AXIS2_PLACEMENT_3D('',#3444,#2821,#2822);
#2440=AXIS2_PLACEMENT_3D('',#3450,#2826,#2827);
#2441=AXIS2_PLACEMENT_3D('',#3456,#2831,#2832);
#2442=AXIS2_PLACEMENT_3D('',#3462,#2836,#2837);
#2443=AXIS2_PLACEMENT_3D('',#3468,#2841,#2842);
#2444=AXIS2_PLACEMENT_3D('',#3474,#2846,#2847);
#2445=AXIS2_PLACEMENT_3D('',#3480,#2851,#2852);
#2446=AXIS2_PLACEMENT_3D('',#3486,#2856,#2857);
#2447=AXIS2_PLACEMENT_3D('',#3492,#2861,#2862);
#2448=AXIS2_PLACEMENT_3D('',#3498,#2866,#2867);
#2449=AXIS2_PLACEMENT_3D('',#3504,#2871,#2872);
#2450=AXIS2_PLACEMENT_3D('',#3510,#2876,#2877);
#2451=AXIS2_PLACEMENT_3D('',#3516,#2881,#2882);
#2452=AXIS2_PLACEMENT_3D('',#3522,#2886,#2887);
#2453=AXIS2_PLACEMENT_3D('',#3528,#2891,#2892);
#2454=AXIS2_PLACEMENT_3D('',#3534,#2896,#2897);
#2455=AXIS2_PLACEMENT_3D('',#3537,#2900,#2901);
#2456=AXIS2_PLACEMENT_3D('',#3538,#2902,#2903);
#2457=AXIS2_PLACEMENT_3D('',#3539,#2904,#2905);
#2458=AXIS2_PLACEMENT_3D('',#3540,#2906,#2907);
#2459=AXIS2_PLACEMENT_3D('',#3549,#2912,#2913);
#2460=AXIS2_PLACEMENT_3D('',#3555,#2917,#2918);
#2461=AXIS2_PLACEMENT_3D('',#3561,#2922,#2923);
#2462=AXIS2_PLACEMENT_3D('',#3567,#2927,#2928);
#2463=AXIS2_PLACEMENT_3D('',#3573,#2932,#2933);
#2464=AXIS2_PLACEMENT_3D('',#3579,#2937,#2938);
#2465=AXIS2_PLACEMENT_3D('',#3585,#2942,#2943);
#2466=AXIS2_PLACEMENT_3D('',#3591,#2947,#2948);
#2467=AXIS2_PLACEMENT_3D('',#3597,#2952,#2953);
#2468=AXIS2_PLACEMENT_3D('',#3603,#2957,#2958);
#2469=AXIS2_PLACEMENT_3D('',#3609,#2962,#2963);
#2470=AXIS2_PLACEMENT_3D('',#3615,#2967,#2968);
#2471=AXIS2_PLACEMENT_3D('',#3621,#2972,#2973);
#2472=AXIS2_PLACEMENT_3D('',#3627,#2977,#2978);
#2473=AXIS2_PLACEMENT_3D('',#3633,#2982,#2983);
#2474=AXIS2_PLACEMENT_3D('',#3639,#2987,#2988);
#2475=AXIS2_PLACEMENT_3D('',#3645,#2992,#2993);
#2476=AXIS2_PLACEMENT_3D('',#3651,#2997,#2998);
#2477=AXIS2_PLACEMENT_3D('',#3657,#3002,#3003);
#2478=AXIS2_PLACEMENT_3D('',#3663,#3007,#3008);
#2479=AXIS2_PLACEMENT_3D('',#3669,#3012,#3013);
#2480=AXIS2_PLACEMENT_3D('',#3675,#3017,#3018);
#2481=AXIS2_PLACEMENT_3D('',#3681,#3022,#3023);
#2482=AXIS2_PLACEMENT_3D('',#3684,#3026,#3027);
#2483=AXIS2_PLACEMENT_3D('',#3685,#3028,#3029);
#2484=AXIS2_PLACEMENT_3D('',#3686,#3030,#3031);
#2485=AXIS2_PLACEMENT_3D('',#3687,#3032,#3033);
#2486=AXIS2_PLACEMENT_3D('',#3696,#3038,#3039);
#2487=AXIS2_PLACEMENT_3D('',#3702,#3043,#3044);
#2488=AXIS2_PLACEMENT_3D('',#3708,#3048,#3049);
#2489=AXIS2_PLACEMENT_3D('',#3711,#3052,#3053);
#2490=AXIS2_PLACEMENT_3D('',#3712,#3054,#3055);
#2491=AXIS2_PLACEMENT_3D('',#3713,#3056,#3057);
#2492=AXIS2_PLACEMENT_3D('',#3714,#3058,#3059);
#2493=AXIS2_PLACEMENT_3D('',#3715,#3060,#3061);
#2494=AXIS2_PLACEMENT_3D('',#3716,#3062,#3063);
#2495=AXIS2_PLACEMENT_3D('',#3717,#3064,#3065);
#2496=AXIS2_PLACEMENT_3D('',#3718,#3066,#3067);
#2497=AXIS2_PLACEMENT_3D('',#3719,#3068,#3069);
#2498=DIRECTION('axis',(0.,0.,1.));
#2499=DIRECTION('refdir',(1.,0.,0.));
#2500=DIRECTION('axis',(0.,0.,1.));
#2501=DIRECTION('refdir',(1.,0.,0.));
#2502=DIRECTION('center_axis',(0.,-1.,0.));
#2503=DIRECTION('ref_axis',(-1.,0.,0.));
#2504=DIRECTION('',(1.,0.,0.));
#2505=DIRECTION('',(0.,0.,-1.));
#2506=DIRECTION('',(-1.,0.,0.));
#2507=DIRECTION('',(0.,0.,-1.));
#2508=DIRECTION('center_axis',(1.,0.,0.));
#2509=DIRECTION('ref_axis',(0.,-1.,0.));
#2510=DIRECTION('',(0.,1.,0.));
#2511=DIRECTION('',(0.,-1.,0.));
#2512=DIRECTION('',(0.,0.,-1.));
#2513=DIRECTION('center_axis',(0.,1.,0.));
#2514=DIRECTION('ref_axis',(1.,0.,0.));
#2515=DIRECTION('',(-1.,0.,0.));
#2516=DIRECTION('',(1.,0.,0.));
#2517=DIRECTION('',(0.,0.,-1.));
#2518=DIRECTION('center_axis',(-1.,0.,0.));
#2519=DIRECTION('ref_axis',(0.,1.,0.));
#2520=DIRECTION('',(0.,-1.,0.));
#2521=DIRECTION('',(0.,1.,0.));
#2522=DIRECTION('center_axis',(0.,0.,1.));
#2523=DIRECTION('ref_axis',(1.,0.,0.));
#2524=DIRECTION('center_axis',(0.,0.,-1.));
#2525=DIRECTION('ref_axis',(-1.,0.,0.));
#2526=DIRECTION('axis',(0.,0.,1.));
#2527=DIRECTION('refdir',(1.,0.,0.));
#2528=DIRECTION('center_axis',(0.,0.,-1.));
#2529=DIRECTION('ref_axis',(1.,0.,0.));
#2530=DIRECTION('',(-1.,0.,0.));
#2531=DIRECTION('',(0.,-1.,0.));
#2532=DIRECTION('',(1.,0.,0.));
#2533=DIRECTION('',(0.,-1.,0.));
#2534=DIRECTION('center_axis',(-1.,0.,0.));
#2535=DIRECTION('ref_axis',(0.,0.,-1.));
#2536=DIRECTION('',(0.,0.,1.));
#2537=DIRECTION('',(0.,0.,-1.));
#2538=DIRECTION('',(0.,-1.,0.));
#2539=DIRECTION('center_axis',(0.,0.,1.));
#2540=DIRECTION('ref_axis',(-1.,0.,0.));
#2541=DIRECTION('',(1.,0.,0.));
#2542=DIRECTION('',(-1.,0.,0.));
#2543=DIRECTION('',(0.,-1.,0.));
#2544=DIRECTION('center_axis',(-1.,0.,0.));
#2545=DIRECTION('ref_axis',(0.,0.,-1.));
#2546=DIRECTION('',(0.,0.,1.));
#2547=DIRECTION('',(0.,0.,-1.));
#2548=DIRECTION('',(0.,-1.,0.));
#2549=DIRECTION('center_axis',(5.28677630773884E-16,0.,-1.));
#2550=DIRECTION('ref_axis',(1.,0.,5.28677630773884E-16));
#2551=DIRECTION('',(-1.,0.,-5.28677630773884E-16));
#2552=DIRECTION('',(1.,0.,5.28677630773884E-16));
#2553=DIRECTION('',(0.,-1.,0.));
#2554=DIRECTION('center_axis',(-1.,0.,0.));
#2555=DIRECTION('ref_axis',(0.,0.,-1.));
#2556=DIRECTION('',(0.,0.,1.));
#2557=DIRECTION('',(0.,0.,-1.));
#2558=DIRECTION('',(0.,-1.,0.));
#2559=DIRECTION('center_axis',(0.,0.,1.));
#2560=DIRECTION('ref_axis',(-1.,0.,0.));
#2561=DIRECTION('',(1.,0.,0.));
#2562=DIRECTION('',(-1.,0.,0.));
#2563=DIRECTION('',(0.,-1.,0.));
#2564=DIRECTION('center_axis',(-1.,0.,0.));
#2565=DIRECTION('ref_axis',(0.,0.,-1.));
#2566=DIRECTION('',(0.,0.,1.));
#2567=DIRECTION('',(0.,0.,-1.));
#2568=DIRECTION('',(0.,-1.,0.));
#2569=DIRECTION('center_axis',(0.,0.,1.));
#2570=DIRECTION('ref_axis',(-1.,0.,0.));
#2571=DIRECTION('',(1.,0.,0.));
#2572=DIRECTION('',(-1.,0.,0.));
#2573=DIRECTION('',(0.,-1.,0.));
#2574=DIRECTION('center_axis',(1.,0.,0.));
#2575=DIRECTION('ref_axis',(0.,0.,1.));
#2576=DIRECTION('',(0.,0.,-1.));
#2577=DIRECTION('',(0.,0.,1.));
#2578=DIRECTION('',(0.,-1.,0.));
#2579=DIRECTION('center_axis',(0.,0.,1.));
#2580=DIRECTION('ref_axis',(-1.,0.,0.));
#2581=DIRECTION('',(-1.,0.,0.));
#2582=DIRECTION('',(-1.,0.,0.));
#2583=DIRECTION('',(0.,-1.,0.));
#2584=DIRECTION('center_axis',(1.,0.,0.));
#2585=DIRECTION('ref_axis',(0.,0.,1.));
#2586=DIRECTION('',(0.,0.,1.));
#2587=DIRECTION('',(0.,0.,1.));
#2588=DIRECTION('',(0.,-1.,0.));
#2589=DIRECTION('center_axis',(0.,0.,-1.));
#2590=DIRECTION('ref_axis',(1.,0.,0.));
#2591=DIRECTION('',(1.,0.,0.));
#2592=DIRECTION('',(1.,0.,0.));
#2593=DIRECTION('',(0.,-1.,0.));
#2594=DIRECTION('center_axis',(1.,0.,0.));
#2595=DIRECTION('ref_axis',(0.,0.,1.));
#2596=DIRECTION('',(0.,0.,-1.));
#2597=DIRECTION('',(0.,0.,1.));
#2598=DIRECTION('',(0.,-1.,0.));
#2599=DIRECTION('center_axis',(0.,0.,1.));
#2600=DIRECTION('ref_axis',(-1.,0.,0.));
#2601=DIRECTION('',(-1.,0.,0.));
#2602=DIRECTION('',(-1.,0.,0.));
#2603=DIRECTION('',(0.,-1.,0.));
#2604=DIRECTION('center_axis',(1.,0.,0.));
#2605=DIRECTION('ref_axis',(0.,0.,1.));
#2606=DIRECTION('',(0.,0.,1.));
#2607=DIRECTION('',(0.,0.,1.));
#2608=DIRECTION('',(0.,-1.,0.));
#2609=DIRECTION('center_axis',(0.,0.,-1.));
#2610=DIRECTION('ref_axis',(1.,0.,0.));
#2611=DIRECTION('',(1.,0.,0.));
#2612=DIRECTION('',(1.,0.,0.));
#2613=DIRECTION('',(0.,-1.,0.));
#2614=DIRECTION('center_axis',(1.,0.,0.));
#2615=DIRECTION('ref_axis',(0.,0.,1.));
#2616=DIRECTION('',(0.,0.,-1.));
#2617=DIRECTION('',(0.,0.,1.));
#2618=DIRECTION('',(0.,-1.,0.));
#2619=DIRECTION('center_axis',(0.,0.,1.));
#2620=DIRECTION('ref_axis',(-1.,0.,0.));
#2621=DIRECTION('',(-1.,0.,0.));
#2622=DIRECTION('',(-1.,0.,0.));
#2623=DIRECTION('',(0.,-1.,0.));
#2624=DIRECTION('center_axis',(1.,0.,0.));
#2625=DIRECTION('ref_axis',(0.,0.,1.));
#2626=DIRECTION('',(0.,0.,1.));
#2627=DIRECTION('',(0.,0.,1.));
#2628=DIRECTION('',(0.,-1.,0.));
#2629=DIRECTION('center_axis',(2.44005060357177E-17,0.,-1.));
#2630=DIRECTION('ref_axis',(1.,0.,2.44005060357177E-17));
#2631=DIRECTION('',(-1.,0.,-2.44005060357177E-17));
#2632=DIRECTION('',(1.,0.,2.44005060357177E-17));
#2633=DIRECTION('',(0.,-1.,0.));
#2634=DIRECTION('center_axis',(-1.,0.,0.));
#2635=DIRECTION('ref_axis',(0.,0.,-1.));
#2636=DIRECTION('',(0.,0.,1.));
#2637=DIRECTION('',(0.,0.,-1.));
#2638=DIRECTION('',(0.,-1.,0.));
#2639=DIRECTION('center_axis',(0.,0.,1.));
#2640=DIRECTION('ref_axis',(-1.,0.,0.));
#2641=DIRECTION('',(1.,0.,0.));
#2642=DIRECTION('',(-1.,0.,0.));
#2643=DIRECTION('',(0.,-1.,0.));
#2644=DIRECTION('center_axis',(-1.,0.,0.));
#2645=DIRECTION('ref_axis',(0.,0.,-1.));
#2646=DIRECTION('',(0.,0.,1.));
#2647=DIRECTION('',(0.,0.,-1.));
#2648=DIRECTION('center_axis',(0.,-1.,0.));
#2649=DIRECTION('ref_axis',(0.,0.,-1.));
#2650=DIRECTION('center_axis',(0.,-1.,0.));
#2651=DIRECTION('ref_axis',(1.,0.,0.));
#2652=DIRECTION('axis',(0.,0.,1.));
#2653=DIRECTION('refdir',(1.,0.,0.));
#2654=DIRECTION('center_axis',(0.,-1.,0.));
#2655=DIRECTION('ref_axis',(0.,0.,1.));
#2656=DIRECTION('',(0.,0.,-1.));
#2657=DIRECTION('',(-1.,0.,0.));
#2658=DIRECTION('',(0.,0.,1.));
#2659=DIRECTION('',(-1.,0.,0.));
#2660=DIRECTION('center_axis',(0.,0.,-1.));
#2661=DIRECTION('ref_axis',(0.,-1.,0.));
#2662=DIRECTION('',(0.,1.,0.));
#2663=DIRECTION('',(0.,-1.,0.));
#2664=DIRECTION('',(-1.,0.,0.));
#2665=DIRECTION('center_axis',(0.,-1.,6.12323399573677E-17));
#2666=DIRECTION('ref_axis',(0.,6.12323399573677E-17,1.));
#2667=DIRECTION('',(0.,-6.12323399573677E-17,-1.));
#2668=DIRECTION('',(0.,6.12323399573677E-17,1.));
#2669=DIRECTION('',(-1.,0.,0.));
#2670=DIRECTION('center_axis',(0.,0.,1.));
#2671=DIRECTION('ref_axis',(0.,1.,0.));
#2672=DIRECTION('',(0.,-1.,0.));
#2673=DIRECTION('',(0.,1.,0.));
#2674=DIRECTION('',(-1.,0.,0.));
#2675=DIRECTION('center_axis',(0.,-1.,0.));
#2676=DIRECTION('ref_axis',(0.,0.,1.));
#2677=DIRECTION('',(0.,0.,-1.));
#2678=DIRECTION('',(0.,0.,1.));
#2679=DIRECTION('',(-1.,0.,0.));
#2680=DIRECTION('center_axis',(0.,0.,-1.));
#2681=DIRECTION('ref_axis',(0.,-1.,0.));
#2682=DIRECTION('',(0.,1.,0.));
#2683=DIRECTION('',(0.,-1.,0.));
#2684=DIRECTION('',(-1.,0.,0.));
#2685=DIRECTION('center_axis',(0.,-1.,6.12323399573677E-17));
#2686=DIRECTION('ref_axis',(0.,6.12323399573677E-17,1.));
#2687=DIRECTION('',(0.,-6.12323399573677E-17,-1.));
#2688=DIRECTION('',(0.,6.12323399573677E-17,1.));
#2689=DIRECTION('',(-1.,0.,0.));
#2690=DIRECTION('center_axis',(0.,0.,1.));
#2691=DIRECTION('ref_axis',(0.,1.,0.));
#2692=DIRECTION('',(0.,-1.,0.));
#2693=DIRECTION('',(0.,1.,0.));
#2694=DIRECTION('',(-1.,0.,0.));
#2695=DIRECTION('center_axis',(0.,-1.,0.));
#2696=DIRECTION('ref_axis',(0.,0.,1.));
#2697=DIRECTION('',(0.,0.,-1.));
#2698=DIRECTION('',(0.,0.,1.));
#2699=DIRECTION('',(-1.,0.,0.));
#2700=DIRECTION('center_axis',(0.,0.,-1.));
#2701=DIRECTION('ref_axis',(0.,-1.,0.));
#2702=DIRECTION('',(0.,1.,0.));
#2703=DIRECTION('',(0.,-1.,0.));
#2704=DIRECTION('',(-1.,0.,0.));
#2705=DIRECTION('center_axis',(0.,-1.,6.12323399573677E-17));
#2706=DIRECTION('ref_axis',(0.,6.12323399573677E-17,1.));
#2707=DIRECTION('',(0.,-6.12323399573677E-17,-1.));
#2708=DIRECTION('',(0.,6.12323399573677E-17,1.));
#2709=DIRECTION('',(-1.,0.,0.));
#2710=DIRECTION('center_axis',(0.,0.,-1.));
#2711=DIRECTION('ref_axis',(0.,-1.,0.));
#2712=DIRECTION('',(0.,1.,0.));
#2713=DIRECTION('',(0.,-1.,0.));
#2714=DIRECTION('',(-1.,0.,0.));
#2715=DIRECTION('center_axis',(0.,1.,0.));
#2716=DIRECTION('ref_axis',(0.,0.,-1.));
#2717=DIRECTION('',(0.,0.,1.));
#2718=DIRECTION('',(0.,0.,-1.));
#2719=DIRECTION('',(-1.,0.,0.));
#2720=DIRECTION('center_axis',(0.,0.,-1.));
#2721=DIRECTION('ref_axis',(0.,-1.,0.));
#2722=DIRECTION('',(0.,-1.,0.));
#2723=DIRECTION('',(0.,-1.,0.));
#2724=DIRECTION('',(-1.,0.,0.));
#2725=DIRECTION('center_axis',(0.,1.,0.));
#2726=DIRECTION('ref_axis',(0.,0.,-1.));
#2727=DIRECTION('',(0.,0.,-1.));
#2728=DIRECTION('',(0.,0.,-1.));
#2729=DIRECTION('',(-1.,0.,0.));
#2730=DIRECTION('center_axis',(0.,0.,1.));
#2731=DIRECTION('ref_axis',(0.,1.,0.));
#2732=DIRECTION('',(0.,1.,0.));
#2733=DIRECTION('',(0.,1.,0.));
#2734=DIRECTION('',(-1.,0.,0.));
#2735=DIRECTION('center_axis',(0.,1.,0.));
#2736=DIRECTION('ref_axis',(0.,0.,-1.));
#2737=DIRECTION('',(0.,0.,1.));
#2738=DIRECTION('',(0.,0.,-1.));
#2739=DIRECTION('',(-1.,0.,0.));
#2740=DIRECTION('center_axis',(0.,0.,-1.));
#2741=DIRECTION('ref_axis',(0.,-1.,0.));
#2742=DIRECTION('',(0.,-1.,0.));
#2743=DIRECTION('',(0.,-1.,0.));
#2744=DIRECTION('',(-1.,0.,0.));
#2745=DIRECTION('center_axis',(0.,1.,0.));
#2746=DIRECTION('ref_axis',(0.,0.,-1.));
#2747=DIRECTION('',(0.,0.,-1.));
#2748=DIRECTION('',(0.,0.,-1.));
#2749=DIRECTION('',(-1.,0.,0.));
#2750=DIRECTION('center_axis',(0.,0.,1.));
#2751=DIRECTION('ref_axis',(0.,1.,0.));
#2752=DIRECTION('',(0.,1.,0.));
#2753=DIRECTION('',(0.,1.,0.));
#2754=DIRECTION('',(-1.,0.,0.));
#2755=DIRECTION('center_axis',(0.,1.,0.));
#2756=DIRECTION('ref_axis',(0.,0.,-1.));
#2757=DIRECTION('',(0.,0.,1.));
#2758=DIRECTION('',(0.,0.,-1.));
#2759=DIRECTION('',(-1.,0.,0.));
#2760=DIRECTION('center_axis',(0.,0.,-1.));
#2761=DIRECTION('ref_axis',(0.,-1.,0.));
#2762=DIRECTION('',(0.,-1.,0.));
#2763=DIRECTION('',(0.,-1.,0.));
#2764=DIRECTION('',(-1.,0.,0.));
#2765=DIRECTION('center_axis',(0.,1.,0.));
#2766=DIRECTION('ref_axis',(0.,0.,-1.));
#2767=DIRECTION('',(0.,0.,-1.));
#2768=DIRECTION('',(0.,0.,-1.));
#2769=DIRECTION('',(-1.,0.,0.));
#2770=DIRECTION('center_axis',(0.,0.,1.));
#2771=DIRECTION('ref_axis',(0.,1.,0.));
#2772=DIRECTION('',(0.,-1.,0.));
#2773=DIRECTION('',(0.,1.,0.));
#2774=DIRECTION('center_axis',(-1.,0.,0.));
#2775=DIRECTION('ref_axis',(0.,0.,1.));
#2776=DIRECTION('center_axis',(-1.,0.,0.));
#2777=DIRECTION('ref_axis',(0.,-1.,0.));
#2778=DIRECTION('axis',(0.,0.,1.));
#2779=DIRECTION('refdir',(1.,0.,0.));
#2780=DIRECTION('center_axis',(0.,1.,0.));
#2781=DIRECTION('ref_axis',(0.,0.,-1.));
#2782=DIRECTION('',(0.,0.,1.));
#2783=DIRECTION('',(-1.,0.,0.));
#2784=DIRECTION('',(0.,0.,-1.));
#2785=DIRECTION('',(-1.,0.,0.));
#2786=DIRECTION('center_axis',(0.,0.,-1.));
#2787=DIRECTION('ref_axis',(0.,-1.,0.));
#2788=DIRECTION('',(0.,1.,0.));
#2789=DIRECTION('',(-1.,0.,0.));
#2790=DIRECTION('',(0.,-1.,0.));
#2791=DIRECTION('center_axis',(0.,1.,6.12323399573677E-17));
#2792=DIRECTION('ref_axis',(0.,6.12323399573677E-17,-1.));
#2793=DIRECTION('',(0.,-6.12323399573677E-17,1.));
#2794=DIRECTION('',(-1.,0.,0.));
#2795=DIRECTION('',(0.,6.12323399573677E-17,-1.));
#2796=DIRECTION('center_axis',(0.,0.,1.));
#2797=DIRECTION('ref_axis',(0.,1.,0.));
#2798=DIRECTION('',(0.,-1.,0.));
#2799=DIRECTION('',(-1.,0.,0.));
#2800=DIRECTION('',(0.,1.,0.));
#2801=DIRECTION('center_axis',(0.,1.,0.));
#2802=DIRECTION('ref_axis',(0.,0.,-1.));
#2803=DIRECTION('',(0.,0.,1.));
#2804=DIRECTION('',(-1.,0.,0.));
#2805=DIRECTION('',(0.,0.,-1.));
#2806=DIRECTION('center_axis',(0.,0.,-1.));
#2807=DIRECTION('ref_axis',(0.,-1.,0.));
#2808=DIRECTION('',(0.,1.,0.));
#2809=DIRECTION('',(-1.,0.,0.));
#2810=DIRECTION('',(0.,-1.,0.));
#2811=DIRECTION('center_axis',(0.,1.,6.12323399573677E-17));
#2812=DIRECTION('ref_axis',(0.,6.12323399573677E-17,-1.));
#2813=DIRECTION('',(0.,-6.12323399573677E-17,1.));
#2814=DIRECTION('',(-1.,0.,0.));
#2815=DIRECTION('',(0.,6.12323399573677E-17,-1.));
#2816=DIRECTION('center_axis',(0.,0.,1.));
#2817=DIRECTION('ref_axis',(0.,1.,0.));
#2818=DIRECTION('',(0.,-1.,0.));
#2819=DIRECTION('',(-1.,0.,0.));
#2820=DIRECTION('',(0.,1.,0.));
#2821=DIRECTION('center_axis',(0.,1.,0.));
#2822=DIRECTION('ref_axis',(0.,0.,-1.));
#2823=DIRECTION('',(0.,0.,1.));
#2824=DIRECTION('',(-1.,0.,0.));
#2825=DIRECTION('',(0.,0.,-1.));
#2826=DIRECTION('center_axis',(0.,0.,-1.));
#2827=DIRECTION('ref_axis',(0.,-1.,0.));
#2828=DIRECTION('',(0.,1.,0.));
#2829=DIRECTION('',(-1.,0.,0.));
#2830=DIRECTION('',(0.,-1.,0.));
#2831=DIRECTION('center_axis',(0.,1.,6.12323399573677E-17));
#2832=DIRECTION('ref_axis',(0.,6.12323399573677E-17,-1.));
#2833=DIRECTION('',(0.,-6.12323399573677E-17,1.));
#2834=DIRECTION('',(-1.,0.,0.));
#2835=DIRECTION('',(0.,6.12323399573677E-17,-1.));
#2836=DIRECTION('center_axis',(0.,0.,-1.));
#2837=DIRECTION('ref_axis',(0.,-1.,0.));
#2838=DIRECTION('',(0.,1.,0.));
#2839=DIRECTION('',(-1.,0.,0.));
#2840=DIRECTION('',(0.,-1.,0.));
#2841=DIRECTION('center_axis',(0.,-1.,0.));
#2842=DIRECTION('ref_axis',(0.,0.,1.));
#2843=DIRECTION('',(0.,0.,-1.));
#2844=DIRECTION('',(-1.,0.,0.));
#2845=DIRECTION('',(0.,0.,1.));
#2846=DIRECTION('center_axis',(0.,0.,-1.));
#2847=DIRECTION('ref_axis',(0.,-1.,0.));
#2848=DIRECTION('',(0.,-1.,0.));
#2849=DIRECTION('',(-1.,0.,0.));
#2850=DIRECTION('',(0.,-1.,0.));
#2851=DIRECTION('center_axis',(0.,-1.,0.));
#2852=DIRECTION('ref_axis',(0.,0.,1.));
#2853=DIRECTION('',(0.,0.,1.));
#2854=DIRECTION('',(-1.,0.,0.));
#2855=DIRECTION('',(0.,0.,1.));
#2856=DIRECTION('center_axis',(0.,0.,1.));
#2857=DIRECTION('ref_axis',(0.,1.,0.));
#2858=DIRECTION('',(0.,1.,0.));
#2859=DIRECTION('',(-1.,0.,0.));
#2860=DIRECTION('',(0.,1.,0.));
#2861=DIRECTION('center_axis',(0.,-1.,0.));
#2862=DIRECTION('ref_axis',(0.,0.,1.));
#2863=DIRECTION('',(0.,0.,-1.));
#2864=DIRECTION('',(-1.,0.,0.));
#2865=DIRECTION('',(0.,0.,1.));
#2866=DIRECTION('center_axis',(0.,0.,-1.));
#2867=DIRECTION('ref_axis',(0.,-1.,0.));
#2868=DIRECTION('',(0.,-1.,0.));
#2869=DIRECTION('',(-1.,0.,0.));
#2870=DIRECTION('',(0.,-1.,0.));
#2871=DIRECTION('center_axis',(0.,-1.,0.));
#2872=DIRECTION('ref_axis',(0.,0.,1.));
#2873=DIRECTION('',(0.,0.,1.));
#2874=DIRECTION('',(-1.,0.,0.));
#2875=DIRECTION('',(0.,0.,1.));
#2876=DIRECTION('center_axis',(0.,0.,1.));
#2877=DIRECTION('ref_axis',(0.,1.,0.));
#2878=DIRECTION('',(0.,1.,0.));
#2879=DIRECTION('',(-1.,0.,0.));
#2880=DIRECTION('',(0.,1.,0.));
#2881=DIRECTION('center_axis',(0.,-1.,0.));
#2882=DIRECTION('ref_axis',(0.,0.,1.));
#2883=DIRECTION('',(0.,0.,-1.));
#2884=DIRECTION('',(-1.,0.,0.));
#2885=DIRECTION('',(0.,0.,1.));
#2886=DIRECTION('center_axis',(0.,0.,-1.));
#2887=DIRECTION('ref_axis',(0.,-1.,0.));
#2888=DIRECTION('',(0.,-1.,0.));
#2889=DIRECTION('',(-1.,0.,0.));
#2890=DIRECTION('',(0.,-1.,0.));
#2891=DIRECTION('center_axis',(0.,-1.,0.));
#2892=DIRECTION('ref_axis',(0.,0.,1.));
#2893=DIRECTION('',(0.,0.,1.));
#2894=DIRECTION('',(-1.,0.,0.));
#2895=DIRECTION('',(0.,0.,1.));
#2896=DIRECTION('center_axis',(0.,0.,1.));
#2897=DIRECTION('ref_axis',(0.,1.,0.));
#2898=DIRECTION('',(0.,-1.,0.));
#2899=DIRECTION('',(0.,1.,0.));
#2900=DIRECTION('center_axis',(1.,0.,0.));
#2901=DIRECTION('ref_axis',(0.,0.,-1.));
#2902=DIRECTION('center_axis',(1.,0.,0.));
#2903=DIRECTION('ref_axis',(0.,-1.,0.));
#2904=DIRECTION('axis',(0.,0.,1.));
#2905=DIRECTION('refdir',(1.,0.,0.));
#2906=DIRECTION('center_axis',(0.,0.,-1.));
#2907=DIRECTION('ref_axis',(1.,0.,0.));
#2908=DIRECTION('',(-1.,0.,0.));
#2909=DIRECTION('',(0.,-1.,0.));
#2910=DIRECTION('',(1.,0.,0.));
#2911=DIRECTION('',(0.,-1.,0.));
#2912=DIRECTION('center_axis',(1.,0.,0.));
#2913=DIRECTION('ref_axis',(0.,0.,1.));
#2914=DIRECTION('',(0.,0.,-1.));
#2915=DIRECTION('',(0.,-1.,0.));
#2916=DIRECTION('',(0.,0.,1.));
#2917=DIRECTION('center_axis',(0.,0.,1.));
#2918=DIRECTION('ref_axis',(-1.,0.,0.));
#2919=DIRECTION('',(1.,0.,0.));
#2920=DIRECTION('',(0.,-1.,0.));
#2921=DIRECTION('',(-1.,0.,0.));
#2922=DIRECTION('center_axis',(1.,0.,0.));
#2923=DIRECTION('ref_axis',(0.,0.,1.));
#2924=DIRECTION('',(0.,0.,-1.));
#2925=DIRECTION('',(0.,-1.,0.));
#2926=DIRECTION('',(0.,0.,1.));
#2927=DIRECTION('center_axis',(-5.28677630773884E-16,0.,-1.));
#2928=DIRECTION('ref_axis',(1.,0.,-5.28677630773884E-16));
#2929=DIRECTION('',(-1.,0.,5.28677630773884E-16));
#2930=DIRECTION('',(0.,-1.,0.));
#2931=DIRECTION('',(1.,0.,-5.28677630773884E-16));
#2932=DIRECTION('center_axis',(1.,0.,0.));
#2933=DIRECTION('ref_axis',(0.,0.,1.));
#2934=DIRECTION('',(0.,0.,-1.));
#2935=DIRECTION('',(0.,-1.,0.));
#2936=DIRECTION('',(0.,0.,1.));
#2937=DIRECTION('center_axis',(0.,0.,1.));
#2938=DIRECTION('ref_axis',(-1.,0.,0.));
#2939=DIRECTION('',(1.,0.,0.));
#2940=DIRECTION('',(0.,-1.,0.));
#2941=DIRECTION('',(-1.,0.,0.));
#2942=DIRECTION('center_axis',(1.,0.,0.));
#2943=DIRECTION('ref_axis',(0.,0.,1.));
#2944=DIRECTION('',(0.,0.,-1.));
#2945=DIRECTION('',(0.,-1.,0.));
#2946=DIRECTION('',(0.,0.,1.));
#2947=DIRECTION('center_axis',(0.,0.,1.));
#2948=DIRECTION('ref_axis',(-1.,0.,0.));
#2949=DIRECTION('',(1.,0.,0.));
#2950=DIRECTION('',(0.,-1.,0.));
#2951=DIRECTION('',(-1.,0.,0.));
#2952=DIRECTION('center_axis',(-1.,0.,0.));
#2953=DIRECTION('ref_axis',(0.,0.,-1.));
#2954=DIRECTION('',(0.,0.,1.));
#2955=DIRECTION('',(0.,-1.,0.));
#2956=DIRECTION('',(0.,0.,-1.));
#2957=DIRECTION('center_axis',(0.,0.,1.));
#2958=DIRECTION('ref_axis',(-1.,0.,0.));
#2959=DIRECTION('',(-1.,0.,0.));
#2960=DIRECTION('',(0.,-1.,0.));
#2961=DIRECTION('',(-1.,0.,0.));
#2962=DIRECTION('center_axis',(-1.,0.,0.));
#2963=DIRECTION('ref_axis',(0.,0.,-1.));
#2964=DIRECTION('',(0.,0.,-1.));
#2965=DIRECTION('',(0.,-1.,0.));
#2966=DIRECTION('',(0.,0.,-1.));
#2967=DIRECTION('center_axis',(0.,0.,-1.));
#2968=DIRECTION('ref_axis',(1.,0.,0.));
#2969=DIRECTION('',(1.,0.,0.));
#2970=DIRECTION('',(0.,-1.,0.));
#2971=DIRECTION('',(1.,0.,0.));
#2972=DIRECTION('center_axis',(-1.,0.,0.));
#2973=DIRECTION('ref_axis',(0.,0.,-1.));
#2974=DIRECTION('',(0.,0.,1.));
#2975=DIRECTION('',(0.,-1.,0.));
#2976=DIRECTION('',(0.,0.,-1.));
#2977=DIRECTION('center_axis',(0.,0.,1.));
#2978=DIRECTION('ref_axis',(-1.,0.,0.));
#2979=DIRECTION('',(-1.,0.,0.));
#2980=DIRECTION('',(0.,-1.,0.));
#2981=DIRECTION('',(-1.,0.,0.));
#2982=DIRECTION('center_axis',(-1.,0.,0.));
#2983=DIRECTION('ref_axis',(0.,0.,-1.));
#2984=DIRECTION('',(0.,0.,-1.));
#2985=DIRECTION('',(0.,-1.,0.));
#2986=DIRECTION('',(0.,0.,-1.));
#2987=DIRECTION('center_axis',(0.,0.,-1.));
#2988=DIRECTION('ref_axis',(1.,0.,0.));
#2989=DIRECTION('',(1.,0.,0.));
#2990=DIRECTION('',(0.,-1.,0.));
#2991=DIRECTION('',(1.,0.,0.));
#2992=DIRECTION('center_axis',(-1.,0.,0.));
#2993=DIRECTION('ref_axis',(0.,0.,-1.));
#2994=DIRECTION('',(0.,0.,1.));
#2995=DIRECTION('',(0.,-1.,0.));
#2996=DIRECTION('',(0.,0.,-1.));
#2997=DIRECTION('center_axis',(0.,0.,1.));
#2998=DIRECTION('ref_axis',(-1.,0.,0.));
#2999=DIRECTION('',(-1.,0.,0.));
#3000=DIRECTION('',(0.,-1.,0.));
#3001=DIRECTION('',(-1.,0.,0.));
#3002=DIRECTION('center_axis',(-1.,0.,0.));
#3003=DIRECTION('ref_axis',(0.,0.,-1.));
#3004=DIRECTION('',(0.,0.,-1.));
#3005=DIRECTION('',(0.,-1.,0.));
#3006=DIRECTION('',(0.,0.,-1.));
#3007=DIRECTION('center_axis',(-2.44005060357177E-17,0.,-1.));
#3008=DIRECTION('ref_axis',(1.,0.,-2.44005060357177E-17));
#3009=DIRECTION('',(-1.,0.,2.44005060357177E-17));
#3010=DIRECTION('',(0.,-1.,0.));
#3011=DIRECTION('',(1.,0.,-2.44005060357177E-17));
#3012=DIRECTION('center_axis',(1.,0.,0.));
#3013=DIRECTION('ref_axis',(0.,0.,1.));
#3014=DIRECTION('',(0.,0.,-1.));
#3015=DIRECTION('',(0.,-1.,0.));
#3016=DIRECTION('',(0.,0.,1.));
#3017=DIRECTION('center_axis',(0.,0.,1.));
#3018=DIRECTION('ref_axis',(-1.,0.,0.));
#3019=DIRECTION('',(1.,0.,0.));
#3020=DIRECTION('',(0.,-1.,0.));
#3021=DIRECTION('',(-1.,0.,0.));
#3022=DIRECTION('center_axis',(1.,0.,0.));
#3023=DIRECTION('ref_axis',(0.,0.,1.));
#3024=DIRECTION('',(0.,0.,-1.));
#3025=DIRECTION('',(0.,0.,1.));
#3026=DIRECTION('center_axis',(0.,1.,0.));
#3027=DIRECTION('ref_axis',(0.,0.,1.));
#3028=DIRECTION('center_axis',(0.,1.,0.));
#3029=DIRECTION('ref_axis',(1.,0.,0.));
#3030=DIRECTION('axis',(0.,0.,1.));
#3031=DIRECTION('refdir',(1.,0.,0.));
#3032=DIRECTION('center_axis',(-1.,0.,0.));
#3033=DIRECTION('ref_axis',(0.,-1.,0.));
#3034=DIRECTION('',(0.,1.,0.));
#3035=DIRECTION('',(0.,0.,1.));
#3036=DIRECTION('',(0.,-1.,0.));
#3037=DIRECTION('',(0.,0.,1.));
#3038=DIRECTION('center_axis',(3.57415863058401E-16,1.,0.));
#3039=DIRECTION('ref_axis',(-1.,3.57415863058401E-16,0.));
#3040=DIRECTION('',(1.,-3.57415863058401E-16,0.));
#3041=DIRECTION('',(-1.,3.57415863058401E-16,0.));
#3042=DIRECTION('',(0.,0.,1.));
#3043=DIRECTION('center_axis',(1.,0.,0.));
#3044=DIRECTION('ref_axis',(0.,1.,0.));
#3045=DIRECTION('',(0.,-1.,0.));
#3046=DIRECTION('',(0.,1.,0.));
#3047=DIRECTION('',(0.,0.,1.));
#3048=DIRECTION('center_axis',(0.,-1.,0.));
#3049=DIRECTION('ref_axis',(1.,0.,0.));
#3050=DIRECTION('',(-1.,0.,0.));
#3051=DIRECTION('',(1.,0.,0.));
#3052=DIRECTION('center_axis',(0.,0.,1.));
#3053=DIRECTION('ref_axis',(1.,0.,0.));
#3054=DIRECTION('center_axis',(0.,0.,1.));
#3055=DIRECTION('ref_axis',(-1.,0.,0.));
#3056=DIRECTION('',(0.,0.,1.));
#3057=DIRECTION('',(1.,0.,0.));
#3058=DIRECTION('',(1.11022302462516E-17,-1.,6.93889390390723E-17));
#3059=DIRECTION('',(1.,1.11022302462516E-17,-5.77778983316171E-34));
#3060=DIRECTION('',(-1.,0.,5.55111512312578E-17));
#3061=DIRECTION('',(5.55111512312578E-17,0.,1.));
#3062=DIRECTION('',(-0.999999999999998,0.,-1.80411241501588E-16));
#3063=DIRECTION('',(-1.80411241501588E-16,0.,0.999999999999999));
#3064=DIRECTION('',(-1.11022302462516E-17,-0.999999999999999,-1.80411241501588E-16));
#3065=DIRECTION('',(1.,-1.11022302462516E-17,-2.50370892770341E-33));
#3066=DIRECTION('',(-4.29504514654209E-32,1.1917890154422E-16,-1.));
#3067=DIRECTION('',(1.,-1.11022302462516E-17,-3.72246994744029E-32));
#3068=DIRECTION('center_axis',(0.,0.,1.));
#3069=DIRECTION('ref_axis',(1.,0.,0.));
#3070=CARTESIAN_POINT('',(0.,0.,0.));
#3071=CARTESIAN_POINT('',(0.,0.,0.));
#3072=CARTESIAN_POINT('Origin',(91.,0.,0.));
#3073=CARTESIAN_POINT('',(0.,0.,0.));
#3074=CARTESIAN_POINT('',(91.,0.,0.));
#3075=CARTESIAN_POINT('',(0.,0.,0.));
#3076=CARTESIAN_POINT('',(0.,0.,-4.2));
#3077=CARTESIAN_POINT('',(0.,0.,0.));
#3078=CARTESIAN_POINT('',(91.,0.,-4.2));
#3079=CARTESIAN_POINT('',(0.,0.,-4.2));
#3080=CARTESIAN_POINT('',(91.,0.,0.));
#3081=CARTESIAN_POINT('Origin',(91.,75.,0.));
#3082=CARTESIAN_POINT('',(91.,75.,0.));
#3083=CARTESIAN_POINT('',(91.,0.,0.));
#3084=CARTESIAN_POINT('',(91.,75.,-4.2));
#3085=CARTESIAN_POINT('',(91.,0.,-4.2));
#3086=CARTESIAN_POINT('',(91.,75.,0.));
#3087=CARTESIAN_POINT('Origin',(0.,75.,0.));
#3088=CARTESIAN_POINT('',(0.,75.,0.));
#3089=CARTESIAN_POINT('',(91.,75.,0.));
#3090=CARTESIAN_POINT('',(0.,75.,-4.2));
#3091=CARTESIAN_POINT('',(91.,75.,-4.2));
#3092=CARTESIAN_POINT('',(0.,75.,0.));
#3093=CARTESIAN_POINT('Origin',(0.,0.,0.));
#3094=CARTESIAN_POINT('',(0.,75.,0.));
#3095=CARTESIAN_POINT('',(0.,75.,-4.2));
#3096=CARTESIAN_POINT('Origin',(45.5,37.5,0.));
#3097=CARTESIAN_POINT('Origin',(45.5,37.5,-4.2));
#3098=CARTESIAN_POINT('',(0.,0.,0.));
#3099=CARTESIAN_POINT('Origin',(-4.2,0.,10.));
#3100=CARTESIAN_POINT('',(1.11022302462516E-15,0.,10.));
#3101=CARTESIAN_POINT('',(-4.2,0.,10.));
#3102=CARTESIAN_POINT('',(1.11022302462516E-15,0.,10.));
#3103=CARTESIAN_POINT('',(1.11022302462516E-15,-4.2,10.));
#3104=CARTESIAN_POINT('',(1.11022302462516E-15,0.,10.));
#3105=CARTESIAN_POINT('',(-4.2,-4.2,10.));
#3106=CARTESIAN_POINT('',(1.11022302462516E-15,-4.2,10.));
#3107=CARTESIAN_POINT('',(-4.2,0.,10.));
#3108=CARTESIAN_POINT('Origin',(-4.2,0.,15.3));
#3109=CARTESIAN_POINT('',(-4.2,0.,15.3));
#3110=CARTESIAN_POINT('',(-4.2,0.,10.));
#3111=CARTESIAN_POINT('',(-4.2,-4.2,15.3));
#3112=CARTESIAN_POINT('',(-4.2,-4.2,10.));
#3113=CARTESIAN_POINT('',(-4.2,0.,15.3));
#3114=CARTESIAN_POINT('Origin',(1.66533453693773E-15,0.,15.3));
#3115=CARTESIAN_POINT('',(1.66533453693773E-15,0.,15.3));
#3116=CARTESIAN_POINT('',(-4.2,0.,15.3));
#3117=CARTESIAN_POINT('',(1.66533453693773E-15,-4.2,15.3));
#3118=CARTESIAN_POINT('',(-4.2,-4.2,15.3));
#3119=CARTESIAN_POINT('',(1.66533453693773E-15,0.,15.3));
#3120=CARTESIAN_POINT('Origin',(1.11022302462516E-15,0.,20.));
#3121=CARTESIAN_POINT('',(1.11022302462516E-15,0.,20.));
#3122=CARTESIAN_POINT('',(1.11022302462516E-15,0.,-1.11022302462516E-15));
#3123=CARTESIAN_POINT('',(1.11022302462516E-15,-4.2,20.));
#3124=CARTESIAN_POINT('',(1.11022302462516E-15,-4.2,-1.11022302462516E-15));
#3125=CARTESIAN_POINT('',(1.11022302462516E-15,0.,20.));
#3126=CARTESIAN_POINT('Origin',(-4.2,0.,20.));
#3127=CARTESIAN_POINT('',(-4.2,0.,20.));
#3128=CARTESIAN_POINT('',(1.11022302462516E-15,0.,20.));
#3129=CARTESIAN_POINT('',(-4.2,-4.2,20.));
#3130=CARTESIAN_POINT('',(1.11022302462516E-15,-4.2,20.));
#3131=CARTESIAN_POINT('',(-4.2,0.,20.));
#3132=CARTESIAN_POINT('Origin',(-4.2,0.,25.3));
#3133=CARTESIAN_POINT('',(-4.2,0.,25.3));
#3134=CARTESIAN_POINT('',(-4.2,0.,20.));
#3135=CARTESIAN_POINT('',(-4.2,-4.2,25.3));
#3136=CARTESIAN_POINT('',(-4.2,-4.2,20.));
#3137=CARTESIAN_POINT('',(-4.2,0.,25.3));
#3138=CARTESIAN_POINT('Origin',(1.66533453693773E-15,0.,25.3));
#3139=CARTESIAN_POINT('',(1.66533453693773E-15,0.,25.3));
#3140=CARTESIAN_POINT('',(-4.2,0.,25.3));
#3141=CARTESIAN_POINT('',(1.66533453693773E-15,-4.2,25.3));
#3142=CARTESIAN_POINT('',(-4.2,-4.2,25.3));
#3143=CARTESIAN_POINT('',(1.66533453693773E-15,0.,25.3));
#3144=CARTESIAN_POINT('Origin',(1.11022302462516E-15,0.,30.));
#3145=CARTESIAN_POINT('',(1.11022302462516E-15,0.,30.));
#3146=CARTESIAN_POINT('',(1.11022302462516E-15,0.,-1.11022302462516E-15));
#3147=CARTESIAN_POINT('',(1.11022302462516E-15,-4.2,30.));
#3148=CARTESIAN_POINT('',(1.11022302462516E-15,-4.2,-1.11022302462516E-15));
#3149=CARTESIAN_POINT('',(1.11022302462516E-15,0.,30.));
#3150=CARTESIAN_POINT('Origin',(91.,0.,30.));
#3151=CARTESIAN_POINT('',(91.,0.,30.));
#3152=CARTESIAN_POINT('',(1.11022302462516E-15,0.,30.));
#3153=CARTESIAN_POINT('',(91.,-4.2,30.));
#3154=CARTESIAN_POINT('',(1.11022302462516E-15,-4.2,30.));
#3155=CARTESIAN_POINT('',(91.,0.,30.));
#3156=CARTESIAN_POINT('Origin',(91.,0.,25.3));
#3157=CARTESIAN_POINT('',(91.,0.,25.3));
#3158=CARTESIAN_POINT('',(91.,0.,30.));
#3159=CARTESIAN_POINT('',(91.,-4.2,25.3));
#3160=CARTESIAN_POINT('',(91.,-4.2,30.));
#3161=CARTESIAN_POINT('',(91.,0.,25.3));
#3162=CARTESIAN_POINT('Origin',(95.2,0.,25.3));
#3163=CARTESIAN_POINT('',(95.2,0.,25.3));
#3164=CARTESIAN_POINT('',(95.2,0.,25.3));
#3165=CARTESIAN_POINT('',(95.2,-4.2,25.3));
#3166=CARTESIAN_POINT('',(95.2,-4.2,25.3));
#3167=CARTESIAN_POINT('',(95.2,0.,25.3));
#3168=CARTESIAN_POINT('Origin',(95.2,0.,20.));
#3169=CARTESIAN_POINT('',(95.2,0.,20.));
#3170=CARTESIAN_POINT('',(95.2,0.,20.));
#3171=CARTESIAN_POINT('',(95.2,-4.2,20.));
#3172=CARTESIAN_POINT('',(95.2,-4.2,20.));
#3173=CARTESIAN_POINT('',(95.2,0.,20.));
#3174=CARTESIAN_POINT('Origin',(91.,0.,20.));
#3175=CARTESIAN_POINT('',(91.,0.,20.));
#3176=CARTESIAN_POINT('',(91.,0.,20.));
#3177=CARTESIAN_POINT('',(91.,-4.2,20.));
#3178=CARTESIAN_POINT('',(91.,-4.2,20.));
#3179=CARTESIAN_POINT('',(91.,0.,20.));
#3180=CARTESIAN_POINT('Origin',(91.,0.,15.3));
#3181=CARTESIAN_POINT('',(91.,0.,15.3));
#3182=CARTESIAN_POINT('',(91.,0.,30.));
#3183=CARTESIAN_POINT('',(91.,-4.2,15.3));
#3184=CARTESIAN_POINT('',(91.,-4.2,30.));
#3185=CARTESIAN_POINT('',(91.,0.,15.3));
#3186=CARTESIAN_POINT('Origin',(95.2,0.,15.3));
#3187=CARTESIAN_POINT('',(95.2,0.,15.3));
#3188=CARTESIAN_POINT('',(95.2,0.,15.3));
#3189=CARTESIAN_POINT('',(95.2,-4.2,15.3));
#3190=CARTESIAN_POINT('',(95.2,-4.2,15.3));
#3191=CARTESIAN_POINT('',(95.2,0.,15.3));
#3192=CARTESIAN_POINT('Origin',(95.2,0.,10.));
#3193=CARTESIAN_POINT('',(95.2,0.,10.));
#3194=CARTESIAN_POINT('',(95.2,0.,10.));
#3195=CARTESIAN_POINT('',(95.2,-4.2,10.));
#3196=CARTESIAN_POINT('',(95.2,-4.2,10.));
#3197=CARTESIAN_POINT('',(95.2,0.,10.));
#3198=CARTESIAN_POINT('Origin',(91.,0.,10.));
#3199=CARTESIAN_POINT('',(91.,0.,10.));
#3200=CARTESIAN_POINT('',(91.,0.,10.));
#3201=CARTESIAN_POINT('',(91.,-4.2,10.));
#3202=CARTESIAN_POINT('',(91.,-4.2,10.));
#3203=CARTESIAN_POINT('',(91.,0.,10.));
#3204=CARTESIAN_POINT('Origin',(91.,0.,5.3));
#3205=CARTESIAN_POINT('',(91.,0.,5.3));
#3206=CARTESIAN_POINT('',(91.,0.,30.));
#3207=CARTESIAN_POINT('',(91.,-4.2,5.3));
#3208=CARTESIAN_POINT('',(91.,-4.2,30.));
#3209=CARTESIAN_POINT('',(91.,0.,5.3));
#3210=CARTESIAN_POINT('Origin',(95.2,0.,5.3));
#3211=CARTESIAN_POINT('',(95.2,0.,5.3));
#3212=CARTESIAN_POINT('',(95.2,0.,5.3));
#3213=CARTESIAN_POINT('',(95.2,-4.2,5.3));
#3214=CARTESIAN_POINT('',(95.2,-4.2,5.3));
#3215=CARTESIAN_POINT('',(95.2,0.,5.3));
#3216=CARTESIAN_POINT('Origin',(95.2,0.,0.));
#3217=CARTESIAN_POINT('',(95.2,0.,0.));
#3218=CARTESIAN_POINT('',(95.2,0.,0.));
#3219=CARTESIAN_POINT('',(95.2,-4.2,0.));
#3220=CARTESIAN_POINT('',(95.2,-4.2,0.));
#3221=CARTESIAN_POINT('',(95.2,0.,0.));
#3222=CARTESIAN_POINT('Origin',(-4.2,0.,-1.21270514997517E-15));
#3223=CARTESIAN_POINT('',(-4.2,0.,-1.11022302462516E-15));
#3224=CARTESIAN_POINT('',(91.,0.,1.11022302462516E-15));
#3225=CARTESIAN_POINT('',(-4.2,-4.2,-1.11022302462516E-15));
#3226=CARTESIAN_POINT('',(91.,-4.2,1.11022302462516E-15));
#3227=CARTESIAN_POINT('',(-4.2,0.,-1.11022302462516E-15));
#3228=CARTESIAN_POINT('Origin',(-4.2,0.,5.3));
#3229=CARTESIAN_POINT('',(-4.2,0.,5.3));
#3230=CARTESIAN_POINT('',(-4.2,0.,-1.11022302462516E-15));
#3231=CARTESIAN_POINT('',(-4.2,-4.2,5.3));
#3232=CARTESIAN_POINT('',(-4.2,-4.2,-1.11022302462516E-15));
#3233=CARTESIAN_POINT('',(-4.2,0.,5.3));
#3234=CARTESIAN_POINT('Origin',(1.66533453693773E-15,0.,5.3));
#3235=CARTESIAN_POINT('',(1.88252423388372E-15,0.,5.3));
#3236=CARTESIAN_POINT('',(-4.2,0.,5.3));
#3237=CARTESIAN_POINT('',(1.88252423388372E-15,-4.2,5.3));
#3238=CARTESIAN_POINT('',(-4.2,-4.2,5.3));
#3239=CARTESIAN_POINT('',(1.88252423388372E-15,0.,5.3));
#3240=CARTESIAN_POINT('Origin',(1.11022302462516E-15,0.,10.));
#3241=CARTESIAN_POINT('',(1.11022302462516E-15,0.,-1.11022302462516E-15));
#3242=CARTESIAN_POINT('',(1.11022302462516E-15,-4.2,-1.11022302462516E-15));
#3243=CARTESIAN_POINT('Origin',(45.5,-4.2,15.));
#3244=CARTESIAN_POINT('Origin',(45.5,0.,15.));
#3245=CARTESIAN_POINT('',(0.,0.,0.));
#3246=CARTESIAN_POINT('Origin',(0.,-4.2,24.7));
#3247=CARTESIAN_POINT('',(0.,-4.2,30.));
#3248=CARTESIAN_POINT('',(0.,-4.2,24.7));
#3249=CARTESIAN_POINT('',(0.,-4.2,30.));
#3250=CARTESIAN_POINT('',(-4.2,-4.2,30.));
#3251=CARTESIAN_POINT('',(0.,-4.2,30.));
#3252=CARTESIAN_POINT('',(-4.2,-4.2,24.7));
#3253=CARTESIAN_POINT('',(-4.2,-4.2,30.));
#3254=CARTESIAN_POINT('',(0.,-4.2,24.7));
#3255=CARTESIAN_POINT('Origin',(0.,1.11022302462516E-15,24.7));
#3256=CARTESIAN_POINT('',(0.,1.11022302462516E-15,24.7));
#3257=CARTESIAN_POINT('',(0.,-4.2,24.7));
#3258=CARTESIAN_POINT('',(-4.2,0.,24.7));
#3259=CARTESIAN_POINT('',(-4.2,-4.2,24.7));
#3260=CARTESIAN_POINT('',(0.,1.11022302462516E-15,24.7));
#3261=CARTESIAN_POINT('Origin',(0.,1.22464679914735E-15,20.));
#3262=CARTESIAN_POINT('',(0.,6.12323399573677E-16,20.));
#3263=CARTESIAN_POINT('',(0.,1.83697019872103E-15,30.));
#3264=CARTESIAN_POINT('',(-4.2,0.,20.));
#3265=CARTESIAN_POINT('',(-4.2,1.83697019872103E-15,30.));
#3266=CARTESIAN_POINT('',(0.,6.12323399573677E-16,20.));
#3267=CARTESIAN_POINT('Origin',(0.,-4.2,20.));
#3268=CARTESIAN_POINT('',(0.,-4.2,20.));
#3269=CARTESIAN_POINT('',(0.,6.12323399573677E-16,20.));
#3270=CARTESIAN_POINT('',(-4.2,-4.2,20.));
#3271=CARTESIAN_POINT('',(-4.2,6.12323399573677E-16,20.));
#3272=CARTESIAN_POINT('',(0.,-4.2,20.));
#3273=CARTESIAN_POINT('Origin',(0.,-4.2,14.7));
#3274=CARTESIAN_POINT('',(0.,-4.2,14.7));
#3275=CARTESIAN_POINT('',(0.,-4.2,20.));
#3276=CARTESIAN_POINT('',(-4.2,-4.2,14.7));
#3277=CARTESIAN_POINT('',(-4.2,-4.2,20.));
#3278=CARTESIAN_POINT('',(0.,-4.2,14.7));
#3279=CARTESIAN_POINT('Origin',(0.,1.11022302462516E-15,14.7));
#3280=CARTESIAN_POINT('',(0.,1.11022302462516E-15,14.7));
#3281=CARTESIAN_POINT('',(0.,-4.2,14.7));
#3282=CARTESIAN_POINT('',(-4.2,0.,14.7));
#3283=CARTESIAN_POINT('',(-4.2,-4.2,14.7));
#3284=CARTESIAN_POINT('',(0.,1.11022302462516E-15,14.7));
#3285=CARTESIAN_POINT('Origin',(0.,6.12323399573677E-16,10.));
#3286=CARTESIAN_POINT('',(0.,6.12323399573677E-16,10.));
#3287=CARTESIAN_POINT('',(0.,1.83697019872103E-15,30.));
#3288=CARTESIAN_POINT('',(-4.2,0.,10.));
#3289=CARTESIAN_POINT('',(-4.2,1.83697019872103E-15,30.));
#3290=CARTESIAN_POINT('',(0.,6.12323399573677E-16,10.));
#3291=CARTESIAN_POINT('Origin',(0.,-4.2,10.));
#3292=CARTESIAN_POINT('',(0.,-4.2,10.));
#3293=CARTESIAN_POINT('',(0.,6.12323399573677E-16,10.));
#3294=CARTESIAN_POINT('',(-4.2,-4.2,10.));
#3295=CARTESIAN_POINT('',(-4.2,6.12323399573677E-16,10.));
#3296=CARTESIAN_POINT('',(0.,-4.2,10.));
#3297=CARTESIAN_POINT('Origin',(0.,-4.2,4.7));
#3298=CARTESIAN_POINT('',(0.,-4.2,4.7));
#3299=CARTESIAN_POINT('',(0.,-4.2,10.));
#3300=CARTESIAN_POINT('',(-4.2,-4.2,4.7));
#3301=CARTESIAN_POINT('',(-4.2,-4.2,10.));
#3302=CARTESIAN_POINT('',(0.,-4.2,4.7));
#3303=CARTESIAN_POINT('Origin',(0.,1.11022302462516E-15,4.7));
#3304=CARTESIAN_POINT('',(0.,1.11022302462516E-15,4.7));
#3305=CARTESIAN_POINT('',(0.,-4.2,4.7));
#3306=CARTESIAN_POINT('',(-4.2,0.,4.7));
#3307=CARTESIAN_POINT('',(-4.2,-4.2,4.7));
#3308=CARTESIAN_POINT('',(0.,1.11022302462516E-15,4.7));
#3309=CARTESIAN_POINT('Origin',(0.,0.,0.));
#3310=CARTESIAN_POINT('',(0.,0.,0.));
#3311=CARTESIAN_POINT('',(0.,1.83697019872103E-15,30.));
#3312=CARTESIAN_POINT('',(-4.2,0.,0.));
#3313=CARTESIAN_POINT('',(-4.2,1.83697019872103E-15,30.));
#3314=CARTESIAN_POINT('',(0.,0.,0.));
#3315=CARTESIAN_POINT('Origin',(0.,75.,0.));
#3316=CARTESIAN_POINT('',(0.,75.,0.));
#3317=CARTESIAN_POINT('',(0.,0.,0.));
#3318=CARTESIAN_POINT('',(-4.2,75.,0.));
#3319=CARTESIAN_POINT('',(-4.2,0.,0.));
#3320=CARTESIAN_POINT('',(0.,75.,0.));
#3321=CARTESIAN_POINT('Origin',(0.,75.,4.7));
#3322=CARTESIAN_POINT('',(0.,75.,4.7));
#3323=CARTESIAN_POINT('',(0.,75.,0.));
#3324=CARTESIAN_POINT('',(-4.2,75.,4.7));
#3325=CARTESIAN_POINT('',(-4.2,75.,0.));
#3326=CARTESIAN_POINT('',(0.,75.,4.7));
#3327=CARTESIAN_POINT('Origin',(0.,79.2,4.7));
#3328=CARTESIAN_POINT('',(0.,79.2,4.7));
#3329=CARTESIAN_POINT('',(0.,79.2,4.7));
#3330=CARTESIAN_POINT('',(-4.2,79.2,4.7));
#3331=CARTESIAN_POINT('',(-4.2,79.2,4.7));
#3332=CARTESIAN_POINT('',(0.,79.2,4.7));
#3333=CARTESIAN_POINT('Origin',(0.,79.2,10.));
#3334=CARTESIAN_POINT('',(0.,79.2,10.));
#3335=CARTESIAN_POINT('',(0.,79.2,10.));
#3336=CARTESIAN_POINT('',(-4.2,79.2,10.));
#3337=CARTESIAN_POINT('',(-4.2,79.2,10.));
#3338=CARTESIAN_POINT('',(0.,79.2,10.));
#3339=CARTESIAN_POINT('Origin',(0.,75.,10.));
#3340=CARTESIAN_POINT('',(0.,75.,10.));
#3341=CARTESIAN_POINT('',(0.,75.,10.));
#3342=CARTESIAN_POINT('',(-4.2,75.,10.));
#3343=CARTESIAN_POINT('',(-4.2,75.,10.));
#3344=CARTESIAN_POINT('',(0.,75.,10.));
#3345=CARTESIAN_POINT('Origin',(0.,75.,14.7));
#3346=CARTESIAN_POINT('',(0.,75.,14.7));
#3347=CARTESIAN_POINT('',(0.,75.,0.));
#3348=CARTESIAN_POINT('',(-4.2,75.,14.7));
#3349=CARTESIAN_POINT('',(-4.2,75.,0.));
#3350=CARTESIAN_POINT('',(0.,75.,14.7));
#3351=CARTESIAN_POINT('Origin',(0.,79.2,14.7));
#3352=CARTESIAN_POINT('',(0.,79.2,14.7));
#3353=CARTESIAN_POINT('',(0.,79.2,14.7));
#3354=CARTESIAN_POINT('',(-4.2,79.2,14.7));
#3355=CARTESIAN_POINT('',(-4.2,79.2,14.7));
#3356=CARTESIAN_POINT('',(0.,79.2,14.7));
#3357=CARTESIAN_POINT('Origin',(0.,79.2,20.));
#3358=CARTESIAN_POINT('',(0.,79.2,20.));
#3359=CARTESIAN_POINT('',(0.,79.2,20.));
#3360=CARTESIAN_POINT('',(-4.2,79.2,20.));
#3361=CARTESIAN_POINT('',(-4.2,79.2,20.));
#3362=CARTESIAN_POINT('',(0.,79.2,20.));
#3363=CARTESIAN_POINT('Origin',(0.,75.,20.));
#3364=CARTESIAN_POINT('',(0.,75.,20.));
#3365=CARTESIAN_POINT('',(0.,75.,20.));
#3366=CARTESIAN_POINT('',(-4.2,75.,20.));
#3367=CARTESIAN_POINT('',(-4.2,75.,20.));
#3368=CARTESIAN_POINT('',(0.,75.,20.));
#3369=CARTESIAN_POINT('Origin',(0.,75.,24.7));
#3370=CARTESIAN_POINT('',(0.,75.,24.7));
#3371=CARTESIAN_POINT('',(0.,75.,0.));
#3372=CARTESIAN_POINT('',(-4.2,75.,24.7));
#3373=CARTESIAN_POINT('',(-4.2,75.,0.));
#3374=CARTESIAN_POINT('',(0.,75.,24.7));
#3375=CARTESIAN_POINT('Origin',(0.,79.2,24.7));
#3376=CARTESIAN_POINT('',(0.,79.2,24.7));
#3377=CARTESIAN_POINT('',(0.,79.2,24.7));
#3378=CARTESIAN_POINT('',(-4.2,79.2,24.7));
#3379=CARTESIAN_POINT('',(-4.2,79.2,24.7));
#3380=CARTESIAN_POINT('',(0.,79.2,24.7));
#3381=CARTESIAN_POINT('Origin',(0.,79.2,30.));
#3382=CARTESIAN_POINT('',(0.,79.2,30.));
#3383=CARTESIAN_POINT('',(0.,79.2,30.));
#3384=CARTESIAN_POINT('',(-4.2,79.2,30.));
#3385=CARTESIAN_POINT('',(-4.2,79.2,30.));
#3386=CARTESIAN_POINT('',(0.,79.2,30.));
#3387=CARTESIAN_POINT('Origin',(0.,-4.2,30.));
#3388=CARTESIAN_POINT('',(0.,6.12323399573677E-16,30.));
#3389=CARTESIAN_POINT('',(-4.2,6.12323399573677E-16,30.));
#3390=CARTESIAN_POINT('Origin',(-4.2,37.5,15.));
#3391=CARTESIAN_POINT('Origin',(0.,37.5,15.));
#3392=CARTESIAN_POINT('',(0.,0.,0.));
#3393=CARTESIAN_POINT('Origin',(0.,-4.2,-24.7));
#3394=CARTESIAN_POINT('',(0.,-4.2,-30.));
#3395=CARTESIAN_POINT('',(0.,-4.2,-24.7));
#3396=CARTESIAN_POINT('',(0.,-4.2,-30.));
#3397=CARTESIAN_POINT('',(-4.2,-4.2,-24.7));
#3398=CARTESIAN_POINT('',(0.,-4.2,-24.7));
#3399=CARTESIAN_POINT('',(-4.2,-4.2,-30.));
#3400=CARTESIAN_POINT('',(-4.2,-4.2,-30.));
#3401=CARTESIAN_POINT('',(0.,-4.2,-30.));
#3402=CARTESIAN_POINT('Origin',(0.,1.11022302462516E-15,-24.7));
#3403=CARTESIAN_POINT('',(0.,1.11022302462516E-15,-24.7));
#3404=CARTESIAN_POINT('',(0.,-4.2,-24.7));
#3405=CARTESIAN_POINT('',(-4.2,0.,-24.7));
#3406=CARTESIAN_POINT('',(0.,1.11022302462516E-15,-24.7));
#3407=CARTESIAN_POINT('',(-4.2,-4.2,-24.7));
#3408=CARTESIAN_POINT('Origin',(0.,1.22464679914735E-15,-20.));
#3409=CARTESIAN_POINT('',(0.,6.12323399573677E-16,-20.));
#3410=CARTESIAN_POINT('',(0.,1.83697019872103E-15,-30.));
#3411=CARTESIAN_POINT('',(-4.2,0.,-20.));
#3412=CARTESIAN_POINT('',(0.,6.12323399573677E-16,-20.));
#3413=CARTESIAN_POINT('',(-4.2,1.83697019872103E-15,-30.));
#3414=CARTESIAN_POINT('Origin',(0.,-4.2,-20.));
#3415=CARTESIAN_POINT('',(0.,-4.2,-20.));
#3416=CARTESIAN_POINT('',(0.,6.12323399573677E-16,-20.));
#3417=CARTESIAN_POINT('',(-4.2,-4.2,-20.));
#3418=CARTESIAN_POINT('',(0.,-4.2,-20.));
#3419=CARTESIAN_POINT('',(-4.2,6.12323399573677E-16,-20.));
#3420=CARTESIAN_POINT('Origin',(0.,-4.2,-14.7));
#3421=CARTESIAN_POINT('',(0.,-4.2,-14.7));
#3422=CARTESIAN_POINT('',(0.,-4.2,-20.));
#3423=CARTESIAN_POINT('',(-4.2,-4.2,-14.7));
#3424=CARTESIAN_POINT('',(0.,-4.2,-14.7));
#3425=CARTESIAN_POINT('',(-4.2,-4.2,-20.));
#3426=CARTESIAN_POINT('Origin',(0.,1.11022302462516E-15,-14.7));
#3427=CARTESIAN_POINT('',(0.,1.11022302462516E-15,-14.7));
#3428=CARTESIAN_POINT('',(0.,-4.2,-14.7));
#3429=CARTESIAN_POINT('',(-4.2,0.,-14.7));
#3430=CARTESIAN_POINT('',(0.,1.11022302462516E-15,-14.7));
#3431=CARTESIAN_POINT('',(-4.2,-4.2,-14.7));
#3432=CARTESIAN_POINT('Origin',(0.,6.12323399573677E-16,-10.));
#3433=CARTESIAN_POINT('',(0.,6.12323399573677E-16,-10.));
#3434=CARTESIAN_POINT('',(0.,1.83697019872103E-15,-30.));
#3435=CARTESIAN_POINT('',(-4.2,0.,-10.));
#3436=CARTESIAN_POINT('',(0.,6.12323399573677E-16,-10.));
#3437=CARTESIAN_POINT('',(-4.2,1.83697019872103E-15,-30.));
#3438=CARTESIAN_POINT('Origin',(0.,-4.2,-10.));
#3439=CARTESIAN_POINT('',(0.,-4.2,-10.));
#3440=CARTESIAN_POINT('',(0.,6.12323399573677E-16,-10.));
#3441=CARTESIAN_POINT('',(-4.2,-4.2,-10.));
#3442=CARTESIAN_POINT('',(0.,-4.2,-10.));
#3443=CARTESIAN_POINT('',(-4.2,6.12323399573677E-16,-10.));
#3444=CARTESIAN_POINT('Origin',(0.,-4.2,-4.7));
#3445=CARTESIAN_POINT('',(0.,-4.2,-4.7));
#3446=CARTESIAN_POINT('',(0.,-4.2,-10.));
#3447=CARTESIAN_POINT('',(-4.2,-4.2,-4.7));
#3448=CARTESIAN_POINT('',(0.,-4.2,-4.7));
#3449=CARTESIAN_POINT('',(-4.2,-4.2,-10.));
#3450=CARTESIAN_POINT('Origin',(0.,1.11022302462516E-15,-4.7));
#3451=CARTESIAN_POINT('',(0.,1.11022302462516E-15,-4.7));
#3452=CARTESIAN_POINT('',(0.,-4.2,-4.7));
#3453=CARTESIAN_POINT('',(-4.2,0.,-4.7));
#3454=CARTESIAN_POINT('',(0.,1.11022302462516E-15,-4.7));
#3455=CARTESIAN_POINT('',(-4.2,-4.2,-4.7));
#3456=CARTESIAN_POINT('Origin',(0.,0.,0.));
#3457=CARTESIAN_POINT('',(0.,0.,0.));
#3458=CARTESIAN_POINT('',(0.,1.83697019872103E-15,-30.));
#3459=CARTESIAN_POINT('',(-4.2,0.,0.));
#3460=CARTESIAN_POINT('',(0.,0.,0.));
#3461=CARTESIAN_POINT('',(-4.2,1.83697019872103E-15,-30.));
#3462=CARTESIAN_POINT('Origin',(0.,75.,0.));
#3463=CARTESIAN_POINT('',(0.,75.,0.));
#3464=CARTESIAN_POINT('',(0.,0.,0.));
#3465=CARTESIAN_POINT('',(-4.2,75.,0.));
#3466=CARTESIAN_POINT('',(0.,75.,0.));
#3467=CARTESIAN_POINT('',(-4.2,0.,0.));
#3468=CARTESIAN_POINT('Origin',(0.,75.,-4.7));
#3469=CARTESIAN_POINT('',(0.,75.,-4.7));
#3470=CARTESIAN_POINT('',(0.,75.,0.));
#3471=CARTESIAN_POINT('',(-4.2,75.,-4.7));
#3472=CARTESIAN_POINT('',(0.,75.,-4.7));
#3473=CARTESIAN_POINT('',(-4.2,75.,0.));
#3474=CARTESIAN_POINT('Origin',(0.,79.2,-4.7));
#3475=CARTESIAN_POINT('',(0.,79.2,-4.7));
#3476=CARTESIAN_POINT('',(0.,79.2,-4.7));
#3477=CARTESIAN_POINT('',(-4.2,79.2,-4.7));
#3478=CARTESIAN_POINT('',(0.,79.2,-4.7));
#3479=CARTESIAN_POINT('',(-4.2,79.2,-4.7));
#3480=CARTESIAN_POINT('Origin',(0.,79.2,-10.));
#3481=CARTESIAN_POINT('',(0.,79.2,-10.));
#3482=CARTESIAN_POINT('',(0.,79.2,-10.));
#3483=CARTESIAN_POINT('',(-4.2,79.2,-10.));
#3484=CARTESIAN_POINT('',(0.,79.2,-10.));
#3485=CARTESIAN_POINT('',(-4.2,79.2,-10.));
#3486=CARTESIAN_POINT('Origin',(0.,75.,-10.));
#3487=CARTESIAN_POINT('',(0.,75.,-10.));
#3488=CARTESIAN_POINT('',(0.,75.,-10.));
#3489=CARTESIAN_POINT('',(-4.2,75.,-10.));
#3490=CARTESIAN_POINT('',(0.,75.,-10.));
#3491=CARTESIAN_POINT('',(-4.2,75.,-10.));
#3492=CARTESIAN_POINT('Origin',(0.,75.,-14.7));
#3493=CARTESIAN_POINT('',(0.,75.,-14.7));
#3494=CARTESIAN_POINT('',(0.,75.,0.));
#3495=CARTESIAN_POINT('',(-4.2,75.,-14.7));
#3496=CARTESIAN_POINT('',(0.,75.,-14.7));
#3497=CARTESIAN_POINT('',(-4.2,75.,0.));
#3498=CARTESIAN_POINT('Origin',(0.,79.2,-14.7));
#3499=CARTESIAN_POINT('',(0.,79.2,-14.7));
#3500=CARTESIAN_POINT('',(0.,79.2,-14.7));
#3501=CARTESIAN_POINT('',(-4.2,79.2,-14.7));
#3502=CARTESIAN_POINT('',(0.,79.2,-14.7));
#3503=CARTESIAN_POINT('',(-4.2,79.2,-14.7));
#3504=CARTESIAN_POINT('Origin',(0.,79.2,-20.));
#3505=CARTESIAN_POINT('',(0.,79.2,-20.));
#3506=CARTESIAN_POINT('',(0.,79.2,-20.));
#3507=CARTESIAN_POINT('',(-4.2,79.2,-20.));
#3508=CARTESIAN_POINT('',(0.,79.2,-20.));
#3509=CARTESIAN_POINT('',(-4.2,79.2,-20.));
#3510=CARTESIAN_POINT('Origin',(0.,75.,-20.));
#3511=CARTESIAN_POINT('',(0.,75.,-20.));
#3512=CARTESIAN_POINT('',(0.,75.,-20.));
#3513=CARTESIAN_POINT('',(-4.2,75.,-20.));
#3514=CARTESIAN_POINT('',(0.,75.,-20.));
#3515=CARTESIAN_POINT('',(-4.2,75.,-20.));
#3516=CARTESIAN_POINT('Origin',(0.,75.,-24.7));
#3517=CARTESIAN_POINT('',(0.,75.,-24.7));
#3518=CARTESIAN_POINT('',(0.,75.,0.));
#3519=CARTESIAN_POINT('',(-4.2,75.,-24.7));
#3520=CARTESIAN_POINT('',(0.,75.,-24.7));
#3521=CARTESIAN_POINT('',(-4.2,75.,0.));
#3522=CARTESIAN_POINT('Origin',(0.,79.2,-24.7));
#3523=CARTESIAN_POINT('',(0.,79.2,-24.7));
#3524=CARTESIAN_POINT('',(0.,79.2,-24.7));
#3525=CARTESIAN_POINT('',(-4.2,79.2,-24.7));
#3526=CARTESIAN_POINT('',(0.,79.2,-24.7));
#3527=CARTESIAN_POINT('',(-4.2,79.2,-24.7));
#3528=CARTESIAN_POINT('Origin',(0.,79.2,-30.));
#3529=CARTESIAN_POINT('',(0.,79.2,-30.));
#3530=CARTESIAN_POINT('',(0.,79.2,-30.));
#3531=CARTESIAN_POINT('',(-4.2,79.2,-30.));
#3532=CARTESIAN_POINT('',(0.,79.2,-30.));
#3533=CARTESIAN_POINT('',(-4.2,79.2,-30.));
#3534=CARTESIAN_POINT('Origin',(0.,-4.2,-30.));
#3535=CARTESIAN_POINT('',(0.,6.12323399573677E-16,-30.));
#3536=CARTESIAN_POINT('',(-4.2,6.12323399573677E-16,-30.));
#3537=CARTESIAN_POINT('Origin',(-4.2,37.5,-15.));
#3538=CARTESIAN_POINT('Origin',(0.,37.5,-15.));
#3539=CARTESIAN_POINT('',(0.,0.,0.));
#3540=CARTESIAN_POINT('Origin',(-4.2,0.,-10.));
#3541=CARTESIAN_POINT('',(1.11022302462516E-15,0.,-10.));
#3542=CARTESIAN_POINT('',(-4.2,0.,-10.));
#3543=CARTESIAN_POINT('',(1.11022302462516E-15,0.,-10.));
#3544=CARTESIAN_POINT('',(-4.2,-4.2,-10.));
#3545=CARTESIAN_POINT('',(-4.2,0.,-10.));
#3546=CARTESIAN_POINT('',(1.11022302462516E-15,-4.2,-10.));
#3547=CARTESIAN_POINT('',(1.11022302462516E-15,-4.2,-10.));
#3548=CARTESIAN_POINT('',(1.11022302462516E-15,0.,-10.));
#3549=CARTESIAN_POINT('Origin',(-4.2,0.,-15.3));
#3550=CARTESIAN_POINT('',(-4.2,0.,-15.3));
#3551=CARTESIAN_POINT('',(-4.2,0.,-10.));
#3552=CARTESIAN_POINT('',(-4.2,-4.2,-15.3));
#3553=CARTESIAN_POINT('',(-4.2,0.,-15.3));
#3554=CARTESIAN_POINT('',(-4.2,-4.2,-10.));
#3555=CARTESIAN_POINT('Origin',(1.66533453693773E-15,0.,-15.3));
#3556=CARTESIAN_POINT('',(1.66533453693773E-15,0.,-15.3));
#3557=CARTESIAN_POINT('',(-4.2,0.,-15.3));
#3558=CARTESIAN_POINT('',(1.66533453693773E-15,-4.2,-15.3));
#3559=CARTESIAN_POINT('',(1.66533453693773E-15,0.,-15.3));
#3560=CARTESIAN_POINT('',(-4.2,-4.2,-15.3));
#3561=CARTESIAN_POINT('Origin',(1.11022302462516E-15,0.,-20.));
#3562=CARTESIAN_POINT('',(1.11022302462516E-15,0.,-20.));
#3563=CARTESIAN_POINT('',(1.11022302462516E-15,0.,1.11022302462516E-15));
#3564=CARTESIAN_POINT('',(1.11022302462516E-15,-4.2,-20.));
#3565=CARTESIAN_POINT('',(1.11022302462516E-15,0.,-20.));
#3566=CARTESIAN_POINT('',(1.11022302462516E-15,-4.2,1.11022302462516E-15));
#3567=CARTESIAN_POINT('Origin',(-4.2,0.,-20.));
#3568=CARTESIAN_POINT('',(-4.2,0.,-20.));
#3569=CARTESIAN_POINT('',(1.11022302462516E-15,0.,-20.));
#3570=CARTESIAN_POINT('',(-4.2,-4.2,-20.));
#3571=CARTESIAN_POINT('',(-4.2,0.,-20.));
#3572=CARTESIAN_POINT('',(1.11022302462516E-15,-4.2,-20.));
#3573=CARTESIAN_POINT('Origin',(-4.2,0.,-25.3));
#3574=CARTESIAN_POINT('',(-4.2,0.,-25.3));
#3575=CARTESIAN_POINT('',(-4.2,0.,-20.));
#3576=CARTESIAN_POINT('',(-4.2,-4.2,-25.3));
#3577=CARTESIAN_POINT('',(-4.2,0.,-25.3));
#3578=CARTESIAN_POINT('',(-4.2,-4.2,-20.));
#3579=CARTESIAN_POINT('Origin',(1.66533453693773E-15,0.,-25.3));
#3580=CARTESIAN_POINT('',(1.66533453693773E-15,0.,-25.3));
#3581=CARTESIAN_POINT('',(-4.2,0.,-25.3));
#3582=CARTESIAN_POINT('',(1.66533453693773E-15,-4.2,-25.3));
#3583=CARTESIAN_POINT('',(1.66533453693773E-15,0.,-25.3));
#3584=CARTESIAN_POINT('',(-4.2,-4.2,-25.3));
#3585=CARTESIAN_POINT('Origin',(1.11022302462516E-15,0.,-30.));
#3586=CARTESIAN_POINT('',(1.11022302462516E-15,0.,-30.));
#3587=CARTESIAN_POINT('',(1.11022302462516E-15,0.,1.11022302462516E-15));
#3588=CARTESIAN_POINT('',(1.11022302462516E-15,-4.2,-30.));
#3589=CARTESIAN_POINT('',(1.11022302462516E-15,0.,-30.));
#3590=CARTESIAN_POINT('',(1.11022302462516E-15,-4.2,1.11022302462516E-15));
#3591=CARTESIAN_POINT('Origin',(91.,0.,-30.));
#3592=CARTESIAN_POINT('',(91.,0.,-30.));
#3593=CARTESIAN_POINT('',(1.11022302462516E-15,0.,-30.));
#3594=CARTESIAN_POINT('',(91.,-4.2,-30.));
#3595=CARTESIAN_POINT('',(91.,0.,-30.));
#3596=CARTESIAN_POINT('',(1.11022302462516E-15,-4.2,-30.));
#3597=CARTESIAN_POINT('Origin',(91.,0.,-25.3));
#3598=CARTESIAN_POINT('',(91.,0.,-25.3));
#3599=CARTESIAN_POINT('',(91.,0.,-30.));
#3600=CARTESIAN_POINT('',(91.,-4.2,-25.3));
#3601=CARTESIAN_POINT('',(91.,0.,-25.3));
#3602=CARTESIAN_POINT('',(91.,-4.2,-30.));
#3603=CARTESIAN_POINT('Origin',(95.2,0.,-25.3));
#3604=CARTESIAN_POINT('',(95.2,0.,-25.3));
#3605=CARTESIAN_POINT('',(95.2,0.,-25.3));
#3606=CARTESIAN_POINT('',(95.2,-4.2,-25.3));
#3607=CARTESIAN_POINT('',(95.2,0.,-25.3));
#3608=CARTESIAN_POINT('',(95.2,-4.2,-25.3));
#3609=CARTESIAN_POINT('Origin',(95.2,0.,-20.));
#3610=CARTESIAN_POINT('',(95.2,0.,-20.));
#3611=CARTESIAN_POINT('',(95.2,0.,-20.));
#3612=CARTESIAN_POINT('',(95.2,-4.2,-20.));
#3613=CARTESIAN_POINT('',(95.2,0.,-20.));
#3614=CARTESIAN_POINT('',(95.2,-4.2,-20.));
#3615=CARTESIAN_POINT('Origin',(91.,0.,-20.));
#3616=CARTESIAN_POINT('',(91.,0.,-20.));
#3617=CARTESIAN_POINT('',(91.,0.,-20.));
#3618=CARTESIAN_POINT('',(91.,-4.2,-20.));
#3619=CARTESIAN_POINT('',(91.,0.,-20.));
#3620=CARTESIAN_POINT('',(91.,-4.2,-20.));
#3621=CARTESIAN_POINT('Origin',(91.,0.,-15.3));
#3622=CARTESIAN_POINT('',(91.,0.,-15.3));
#3623=CARTESIAN_POINT('',(91.,0.,-30.));
#3624=CARTESIAN_POINT('',(91.,-4.2,-15.3));
#3625=CARTESIAN_POINT('',(91.,0.,-15.3));
#3626=CARTESIAN_POINT('',(91.,-4.2,-30.));
#3627=CARTESIAN_POINT('Origin',(95.2,0.,-15.3));
#3628=CARTESIAN_POINT('',(95.2,0.,-15.3));
#3629=CARTESIAN_POINT('',(95.2,0.,-15.3));
#3630=CARTESIAN_POINT('',(95.2,-4.2,-15.3));
#3631=CARTESIAN_POINT('',(95.2,0.,-15.3));
#3632=CARTESIAN_POINT('',(95.2,-4.2,-15.3));
#3633=CARTESIAN_POINT('Origin',(95.2,0.,-10.));
#3634=CARTESIAN_POINT('',(95.2,0.,-10.));
#3635=CARTESIAN_POINT('',(95.2,0.,-10.));
#3636=CARTESIAN_POINT('',(95.2,-4.2,-10.));
#3637=CARTESIAN_POINT('',(95.2,0.,-10.));
#3638=CARTESIAN_POINT('',(95.2,-4.2,-10.));
#3639=CARTESIAN_POINT('Origin',(91.,0.,-10.));
#3640=CARTESIAN_POINT('',(91.,0.,-10.));
#3641=CARTESIAN_POINT('',(91.,0.,-10.));
#3642=CARTESIAN_POINT('',(91.,-4.2,-10.));
#3643=CARTESIAN_POINT('',(91.,0.,-10.));
#3644=CARTESIAN_POINT('',(91.,-4.2,-10.));
#3645=CARTESIAN_POINT('Origin',(91.,0.,-5.3));
#3646=CARTESIAN_POINT('',(91.,0.,-5.3));
#3647=CARTESIAN_POINT('',(91.,0.,-30.));
#3648=CARTESIAN_POINT('',(91.,-4.2,-5.3));
#3649=CARTESIAN_POINT('',(91.,0.,-5.3));
#3650=CARTESIAN_POINT('',(91.,-4.2,-30.));
#3651=CARTESIAN_POINT('Origin',(95.2,0.,-5.3));
#3652=CARTESIAN_POINT('',(95.2,0.,-5.3));
#3653=CARTESIAN_POINT('',(95.2,0.,-5.3));
#3654=CARTESIAN_POINT('',(95.2,-4.2,-5.3));
#3655=CARTESIAN_POINT('',(95.2,0.,-5.3));
#3656=CARTESIAN_POINT('',(95.2,-4.2,-5.3));
#3657=CARTESIAN_POINT('Origin',(95.2,0.,0.));
#3658=CARTESIAN_POINT('',(95.2,0.,0.));
#3659=CARTESIAN_POINT('',(95.2,0.,0.));
#3660=CARTESIAN_POINT('',(95.2,-4.2,0.));
#3661=CARTESIAN_POINT('',(95.2,0.,0.));
#3662=CARTESIAN_POINT('',(95.2,-4.2,0.));
#3663=CARTESIAN_POINT('Origin',(-4.2,0.,1.21270514997517E-15));
#3664=CARTESIAN_POINT('',(-4.2,0.,1.11022302462516E-15));
#3665=CARTESIAN_POINT('',(91.,0.,-1.11022302462516E-15));
#3666=CARTESIAN_POINT('',(-4.2,-4.2,1.11022302462516E-15));
#3667=CARTESIAN_POINT('',(-4.2,0.,1.11022302462516E-15));
#3668=CARTESIAN_POINT('',(91.,-4.2,-1.11022302462516E-15));
#3669=CARTESIAN_POINT('Origin',(-4.2,0.,-5.3));
#3670=CARTESIAN_POINT('',(-4.2,0.,-5.3));
#3671=CARTESIAN_POINT('',(-4.2,0.,1.11022302462516E-15));
#3672=CARTESIAN_POINT('',(-4.2,-4.2,-5.3));
#3673=CARTESIAN_POINT('',(-4.2,0.,-5.3));
#3674=CARTESIAN_POINT('',(-4.2,-4.2,1.11022302462516E-15));
#3675=CARTESIAN_POINT('Origin',(1.66533453693773E-15,0.,-5.3));
#3676=CARTESIAN_POINT('',(1.88252423388372E-15,0.,-5.3));
#3677=CARTESIAN_POINT('',(-4.2,0.,-5.3));
#3678=CARTESIAN_POINT('',(1.88252423388372E-15,-4.2,-5.3));
#3679=CARTESIAN_POINT('',(1.88252423388372E-15,0.,-5.3));
#3680=CARTESIAN_POINT('',(-4.2,-4.2,-5.3));
#3681=CARTESIAN_POINT('Origin',(1.11022302462516E-15,0.,-10.));
#3682=CARTESIAN_POINT('',(1.11022302462516E-15,0.,1.11022302462516E-15));
#3683=CARTESIAN_POINT('',(1.11022302462516E-15,-4.2,1.11022302462516E-15));
#3684=CARTESIAN_POINT('Origin',(45.5,-4.2,-15.));
#3685=CARTESIAN_POINT('Origin',(45.5,0.,-15.));
#3686=CARTESIAN_POINT('',(0.,0.,0.));
#3687=CARTESIAN_POINT('Origin',(-4.2,79.2,30.));
#3688=CARTESIAN_POINT('',(-4.2,19.2,30.));
#3689=CARTESIAN_POINT('',(-4.2,79.2,30.));
#3690=CARTESIAN_POINT('',(-4.2,19.2,30.));
#3691=CARTESIAN_POINT('',(-4.2,19.2,34.2));
#3692=CARTESIAN_POINT('',(-4.2,19.2,30.));
#3693=CARTESIAN_POINT('',(-4.2,79.2,34.2));
#3694=CARTESIAN_POINT('',(-4.2,19.2,34.2));
#3695=CARTESIAN_POINT('',(-4.2,79.2,30.));
#3696=CARTESIAN_POINT('Origin',(95.2,79.2,30.));
#3697=CARTESIAN_POINT('',(95.2,79.2,30.));
#3698=CARTESIAN_POINT('',(-4.2,79.2,30.));
#3699=CARTESIAN_POINT('',(95.2,79.2,34.2));
#3700=CARTESIAN_POINT('',(-4.2,79.2,34.2));
#3701=CARTESIAN_POINT('',(95.2,79.2,30.));
#3702=CARTESIAN_POINT('Origin',(95.2,19.2,30.));
#3703=CARTESIAN_POINT('',(95.2,19.2,30.));
#3704=CARTESIAN_POINT('',(95.2,79.2,30.));
#3705=CARTESIAN_POINT('',(95.2,19.2,34.2));
#3706=CARTESIAN_POINT('',(95.2,79.2,34.2));
#3707=CARTESIAN_POINT('',(95.2,19.2,30.));
#3708=CARTESIAN_POINT('Origin',(-4.2,19.2,30.));
#3709=CARTESIAN_POINT('',(95.2,19.2,30.));
#3710=CARTESIAN_POINT('',(95.2,19.2,34.2));
#3711=CARTESIAN_POINT('Origin',(45.5,49.2,34.2));
#3712=CARTESIAN_POINT('Origin',(45.5,49.2,30.));
#3713=CARTESIAN_POINT('',(0.,0.,0.));
#3714=CARTESIAN_POINT('',(-1.77635683940025E-15,-1.06026298851702E-16,6.16297582203915E-33));
#3715=CARTESIAN_POINT('',(0.,0.,0.));
#3716=CARTESIAN_POINT('',(91.,4.44089209850063E-15,0.));
#3717=CARTESIAN_POINT('',(-1.77635683940025E-14,75.,0.));
#3718=CARTESIAN_POINT('',(-2.54296583790392E-14,184.2,30.));
#3719=CARTESIAN_POINT('Origin',(0.,0.,0.));
#3720=UNCERTAINTY_MEASURE_WITH_UNIT(LENGTH_MEASURE(0.01),#3736,
'DISTANCE_ACCURACY_VALUE',
'Maximum model space distance between geometric entities at asserted c
onnectivities');
#3721=UNCERTAINTY_MEASURE_WITH_UNIT(LENGTH_MEASURE(0.01),#3736,
'DISTANCE_ACCURACY_VALUE',
'Maximum model space distance between geometric entities at asserted c
onnectivities');
#3722=UNCERTAINTY_MEASURE_WITH_UNIT(LENGTH_MEASURE(0.01),#3736,
'DISTANCE_ACCURACY_VALUE',
'Maximum model space distance between geometric entities at asserted c
onnectivities');
#3723=UNCERTAINTY_MEASURE_WITH_UNIT(LENGTH_MEASURE(0.01),#3736,
'DISTANCE_ACCURACY_VALUE',
'Maximum model space distance between geometric entities at asserted c
onnectivities');
#3724=UNCERTAINTY_MEASURE_WITH_UNIT(LENGTH_MEASURE(0.01),#3736,
'DISTANCE_ACCURACY_VALUE',
'Maximum model space distance between geometric entities at asserted c
onnectivities');
#3725=UNCERTAINTY_MEASURE_WITH_UNIT(LENGTH_MEASURE(0.01),#3736,
'DISTANCE_ACCURACY_VALUE',
'Maximum model space distance between geometric entities at asserted c
onnectivities');
#3726=UNCERTAINTY_MEASURE_WITH_UNIT(LENGTH_MEASURE(0.01),#3736,
'DISTANCE_ACCURACY_VALUE',
'Maximum model space distance between geometric entities at asserted c
onnectivities');
#3727=UNCERTAINTY_MEASURE_WITH_UNIT(LENGTH_MEASURE(0.01),#3736,
'DISTANCE_ACCURACY_VALUE',
'Maximum model space distance between geometric entities at asserted c
onnectivities');
#3728=(
GEOMETRIC_REPRESENTATION_CONTEXT(3)
GLOBAL_UNCERTAINTY_ASSIGNED_CONTEXT((#3720))
GLOBAL_UNIT_ASSIGNED_CONTEXT((#3736,#3738,#3739))
REPRESENTATION_CONTEXT('','3D')
);
#3729=(
GEOMETRIC_REPRESENTATION_CONTEXT(3)
GLOBAL_UNCERTAINTY_ASSIGNED_CONTEXT((#3721))
GLOBAL_UNIT_ASSIGNED_CONTEXT((#3736,#3738,#3739))
REPRESENTATION_CONTEXT('','3D')
);
#3730=(
GEOMETRIC_REPRESENTATION_CONTEXT(3)
GLOBAL_UNCERTAINTY_ASSIGNED_CONTEXT((#3722))
GLOBAL_UNIT_ASSIGNED_CONTEXT((#3736,#3738,#3739))
REPRESENTATION_CONTEXT('','3D')
);
#3731=(
GEOMETRIC_REPRESENTATION_CONTEXT(3)
GLOBAL_UNCERTAINTY_ASSIGNED_CONTEXT((#3723))
GLOBAL_UNIT_ASSIGNED_CONTEXT((#3736,#3738,#3739))
REPRESENTATION_CONTEXT('','3D')
);
#3732=(
GEOMETRIC_REPRESENTATION_CONTEXT(3)
GLOBAL_UNCERTAINTY_ASSIGNED_CONTEXT((#3724))
GLOBAL_UNIT_ASSIGNED_CONTEXT((#3736,#3738,#3739))
REPRESENTATION_CONTEXT('','3D')
);
#3733=(
GEOMETRIC_REPRESENTATION_CONTEXT(3)
GLOBAL_UNCERTAINTY_ASSIGNED_CONTEXT((#3725))
GLOBAL_UNIT_ASSIGNED_CONTEXT((#3736,#3738,#3739))
REPRESENTATION_CONTEXT('','3D')
);
#3734=(
GEOMETRIC_REPRESENTATION_CONTEXT(3)
GLOBAL_UNCERTAINTY_ASSIGNED_CONTEXT((#3726))
GLOBAL_UNIT_ASSIGNED_CONTEXT((#3736,#3738,#3739))
REPRESENTATION_CONTEXT('','3D')
);
#3735=(
GEOMETRIC_REPRESENTATION_CONTEXT(3)
GLOBAL_UNCERTAINTY_ASSIGNED_CONTEXT((#3727))
GLOBAL_UNIT_ASSIGNED_CONTEXT((#3736,#3738,#3739))
REPRESENTATION_CONTEXT('','3D')
);
#3736=(
LENGTH_UNIT()
NAMED_UNIT(*)
SI_UNIT(.MILLI.,.METRE.)
);
#3737=(
LENGTH_UNIT()
NAMED_UNIT(*)
SI_UNIT($,.METRE.)
);
#3738=(
NAMED_UNIT(*)
PLANE_ANGLE_UNIT()
SI_UNIT($,.RADIAN.)
);
#3739=(
NAMED_UNIT(*)
SI_UNIT($,.STERADIAN.)
SOLID_ANGLE_UNIT()
);
#3740=SHAPE_DEFINITION_REPRESENTATION(#3747,#3760);
#3741=SHAPE_DEFINITION_REPRESENTATION(#3748,#3761);
#3742=SHAPE_DEFINITION_REPRESENTATION(#3749,#3762);
#3743=SHAPE_DEFINITION_REPRESENTATION(#3750,#3763);
#3744=SHAPE_DEFINITION_REPRESENTATION(#3751,#3764);
#3745=SHAPE_DEFINITION_REPRESENTATION(#3752,#3765);
#3746=SHAPE_DEFINITION_REPRESENTATION(#3753,#3766);
#3747=PRODUCT_DEFINITION_SHAPE('',$,#3768);
#3748=PRODUCT_DEFINITION_SHAPE('',$,#3769);
#3749=PRODUCT_DEFINITION_SHAPE('',$,#3770);
#3750=PRODUCT_DEFINITION_SHAPE('',$,#3771);
#3751=PRODUCT_DEFINITION_SHAPE('',$,#3772);
#3752=PRODUCT_DEFINITION_SHAPE('',$,#3773);
#3753=PRODUCT_DEFINITION_SHAPE('',$,#3774);
#3754=PRODUCT_DEFINITION_SHAPE($,$,#32);
#3755=PRODUCT_DEFINITION_SHAPE($,$,#33);
#3756=PRODUCT_DEFINITION_SHAPE($,$,#34);
#3757=PRODUCT_DEFINITION_SHAPE($,$,#35);
#3758=PRODUCT_DEFINITION_SHAPE($,$,#36);
#3759=PRODUCT_DEFINITION_SHAPE($,$,#37);
#3760=SHAPE_REPRESENTATION('',(#2368,#2491,#2492,#2493,#2494,#2495,#2496),
#3728);
#3761=SHAPE_REPRESENTATION('',(#2369),#3729);
#3762=SHAPE_REPRESENTATION('',(#2376),#3730);
#3763=SHAPE_REPRESENTATION('',(#2403),#3731);
#3764=SHAPE_REPRESENTATION('',(#2430),#3732);
#3765=SHAPE_REPRESENTATION('',(#2457),#3733);
#3766=SHAPE_REPRESENTATION('',(#2484),#3734);
#3767=PRODUCT_DEFINITION_CONTEXT('part definition',#3790,'design');
#3768=PRODUCT_DEFINITION('UselessBoxCardboard',
'UselessBoxCardboard v14',#3775,#3767);
#3769=PRODUCT_DEFINITION('bottom panel','bottom panel',#3776,#3767);
#3770=PRODUCT_DEFINITION('front panel','front panel',#3777,#3767);
#3771=PRODUCT_DEFINITION('left panel','left panel',#3778,#3767);
#3772=PRODUCT_DEFINITION('right panel','right panel',#3779,#3767);
#3773=PRODUCT_DEFINITION('back panel','back panel',#3780,#3767);
#3774=PRODUCT_DEFINITION('lid','lid',#3781,#3767);
#3775=PRODUCT_DEFINITION_FORMATION('',$,#3792);
#3776=PRODUCT_DEFINITION_FORMATION('',$,#3793);
#3777=PRODUCT_DEFINITION_FORMATION('',$,#3794);
#3778=PRODUCT_DEFINITION_FORMATION('',$,#3795);
#3779=PRODUCT_DEFINITION_FORMATION('',$,#3796);
#3780=PRODUCT_DEFINITION_FORMATION('',$,#3797);
#3781=PRODUCT_DEFINITION_FORMATION('',$,#3798);
#3782=PRODUCT_RELATED_PRODUCT_CATEGORY('UselessBoxCardboard v14',
'UselessBoxCardboard v14',(#3792));
#3783=PRODUCT_RELATED_PRODUCT_CATEGORY('bottom panel','bottom panel',(#3793));
#3784=PRODUCT_RELATED_PRODUCT_CATEGORY('front panel','front panel',(#3794));
#3785=PRODUCT_RELATED_PRODUCT_CATEGORY('left panel','left panel',(#3795));
#3786=PRODUCT_RELATED_PRODUCT_CATEGORY('right panel','right panel',(#3796));
#3787=PRODUCT_RELATED_PRODUCT_CATEGORY('back panel','back panel',(#3797));
#3788=PRODUCT_RELATED_PRODUCT_CATEGORY('lid','lid',(#3798));
#3789=APPLICATION_PROTOCOL_DEFINITION('international standard',
'automotive_design',2009,#3790);
#3790=APPLICATION_CONTEXT(
'Core Data for Automotive Mechanical Design Process');
#3791=PRODUCT_CONTEXT('part definition',#3790,'mechanical');
#3792=PRODUCT('UselessBoxCardboard','UselessBoxCardboard v14',$,(#3791));
#3793=PRODUCT('bottom panel','bottom panel',$,(#3791));
#3794=PRODUCT('front panel','front panel',$,(#3791));
#3795=PRODUCT('left panel','left panel',$,(#3791));
#3796=PRODUCT('right panel','right panel',$,(#3791));
#3797=PRODUCT('back panel','back panel',$,(#3791));
#3798=PRODUCT('lid','lid',$,(#3791));
#3799=PRESENTATION_STYLE_ASSIGNMENT((#3806));
#3800=PRESENTATION_STYLE_ASSIGNMENT((#3807));
#3801=PRESENTATION_STYLE_ASSIGNMENT((#3808));
#3802=PRESENTATION_STYLE_ASSIGNMENT((#3809));
#3803=PRESENTATION_STYLE_ASSIGNMENT((#3810));
#3804=PRESENTATION_STYLE_ASSIGNMENT((#3811));
#3805=PRESENTATION_STYLE_ASSIGNMENT((NULL_STYLE(.NULL.)));
#3806=SURFACE_STYLE_USAGE(.BOTH.,#3812);
#3807=SURFACE_STYLE_USAGE(.BOTH.,#3813);
#3808=SURFACE_STYLE_USAGE(.BOTH.,#3814);
#3809=SURFACE_STYLE_USAGE(.BOTH.,#3815);
#3810=SURFACE_STYLE_USAGE(.BOTH.,#3816);
#3811=SURFACE_STYLE_USAGE(.BOTH.,#3817);
#3812=SURFACE_SIDE_STYLE('',(#3818));
#3813=SURFACE_SIDE_STYLE('',(#3819));
#3814=SURFACE_SIDE_STYLE('',(#3820));
#3815=SURFACE_SIDE_STYLE('',(#3821));
#3816=SURFACE_SIDE_STYLE('',(#3822));
#3817=SURFACE_SIDE_STYLE('',(#3823));
#3818=SURFACE_STYLE_FILL_AREA(#3824);
#3819=SURFACE_STYLE_FILL_AREA(#3825);
#3820=SURFACE_STYLE_FILL_AREA(#3826);
#3821=SURFACE_STYLE_FILL_AREA(#3827);
#3822=SURFACE_STYLE_FILL_AREA(#3828);
#3823=SURFACE_STYLE_FILL_AREA(#3829);
#3824=FILL_AREA_STYLE('Plastic - Matte (Green)',(#3830));
#3825=FILL_AREA_STYLE('Steel - Satin',(#3831));
#3826=FILL_AREA_STYLE('Plastic - Matte (Red)',(#3832));
#3827=FILL_AREA_STYLE('Plastic - Matte (White)',(#3833));
#3828=FILL_AREA_STYLE('Plastic - Matte (Blue)',(#3834));
#3829=FILL_AREA_STYLE('Plastic - Matte (Gray)',(#3835));
#3830=FILL_AREA_STYLE_COLOUR('Plastic - Matte (Green)',#3836);
#3831=FILL_AREA_STYLE_COLOUR('Steel - Satin',#3837);
#3832=FILL_AREA_STYLE_COLOUR('Plastic - Matte (Red)',#3838);
#3833=FILL_AREA_STYLE_COLOUR('Plastic - Matte (White)',#3839);
#3834=FILL_AREA_STYLE_COLOUR('Plastic - Matte (Blue)',#3840);
#3835=FILL_AREA_STYLE_COLOUR('Plastic - Matte (Gray)',#3841);
#3836=COLOUR_RGB('Plastic - Matte (Green)',0.266666666666667,0.588235294117647,
0.282352941176471);
#3837=COLOUR_RGB('Steel - Satin',0.627450980392157,0.627450980392157,0.627450980392157);
#3838=COLOUR_RGB('Plastic - Matte (Red)',0.768627450980392,0.207843137254902,
0.152941176470588);
#3839=COLOUR_RGB('Plastic - Matte (White)',0.964705882352941,0.964705882352941,
0.952941176470588);
#3840=COLOUR_RGB('Plastic - Matte (Blue)',0.188235294117647,0.231372549019608,
0.588235294117647);
#3841=COLOUR_RGB('Plastic - Matte (Gray)',0.701960784313725,0.701960784313725,
0.701960784313725);
ENDSEC;
END-ISO-10303-21;
