ISO-10303-21;
HEADER;
/* Generated by software containing ST-Developer
 * from STEP Tools, Inc. (www.steptools.com) 
 */

FILE_DESCRIPTION(
/* description */ (''),
/* implementation_level */ '2;1');

FILE_NAME(
/* name */ 'UselessBoxCardboard_v4.step',
/* time_stamp */ '2026-02-03T09:46:56-05:00',
/* author */ (''),
/* organization */ (''),
/* preprocessor_version */ 'ST-DEVELOPER v20.1',
/* originating_system */ 'Autodesk Translation Framework v14.21.0.0',
/* authorisation */ '');

FILE_SCHEMA (('AUTOMOTIVE_DESIGN { 1 0 10303 214 3 1 1 }'));
ENDSEC;

DATA;
#10=MECHANICAL_DESIGN_GEOMETRIC_PRESENTATION_REPRESENTATION('',(#50,#51,
#52,#53,#54,#55,#56),#3867);
#11=CONTEXT_DEPENDENT_OVER_RIDING_STYLED_ITEM('',(#3932),#3896,#56,(#23));
#12=MAPPED_ITEM('',#13,#2585);
#13=REPRESENTATION_MAP(#2585,#3892);
#14=ITEM_DEFINED_TRANSFORMATION($,$,#2453,#2579);
#15=ITEM_DEFINED_TRANSFORMATION($,$,#2460,#2580);
#16=ITEM_DEFINED_TRANSFORMATION($,$,#2487,#2581);
#17=ITEM_DEFINED_TRANSFORMATION($,$,#2516,#2582);
#18=ITEM_DEFINED_TRANSFORMATION($,$,#2545,#2583);
#19=ITEM_DEFINED_TRANSFORMATION($,$,#2572,#2584);
#20=(
REPRESENTATION_RELATIONSHIP($,$,#3893,#3892)
REPRESENTATION_RELATIONSHIP_WITH_TRANSFORMATION(#14)
SHAPE_REPRESENTATION_RELATIONSHIP()
);
#21=(
REPRESENTATION_RELATIONSHIP($,$,#3894,#3892)
REPRESENTATION_RELATIONSHIP_WITH_TRANSFORMATION(#15)
SHAPE_REPRESENTATION_RELATIONSHIP()
);
#22=(
REPRESENTATION_RELATIONSHIP($,$,#3895,#3892)
REPRESENTATION_RELATIONSHIP_WITH_TRANSFORMATION(#16)
SHAPE_REPRESENTATION_RELATIONSHIP()
);
#23=(
REPRESENTATION_RELATIONSHIP($,$,#3896,#3892)
REPRESENTATION_RELATIONSHIP_WITH_TRANSFORMATION(#17)
SHAPE_REPRESENTATION_RELATIONSHIP()
);
#24=(
REPRESENTATION_RELATIONSHIP($,$,#3897,#3892)
REPRESENTATION_RELATIONSHIP_WITH_TRANSFORMATION(#18)
SHAPE_REPRESENTATION_RELATIONSHIP()
);
#25=(
REPRESENTATION_RELATIONSHIP($,$,#3898,#3892)
REPRESENTATION_RELATIONSHIP_WITH_TRANSFORMATION(#19)
SHAPE_REPRESENTATION_RELATIONSHIP()
);
#26=CONTEXT_DEPENDENT_SHAPE_REPRESENTATION(#20,#3886);
#27=CONTEXT_DEPENDENT_SHAPE_REPRESENTATION(#21,#3887);
#28=CONTEXT_DEPENDENT_SHAPE_REPRESENTATION(#22,#3888);
#29=CONTEXT_DEPENDENT_SHAPE_REPRESENTATION(#23,#3889);
#30=CONTEXT_DEPENDENT_SHAPE_REPRESENTATION(#24,#3890);
#31=CONTEXT_DEPENDENT_SHAPE_REPRESENTATION(#25,#3891);
#32=NEXT_ASSEMBLY_USAGE_OCCURRENCE('bottom panel:1','bottom panel:1',
'bottom panel:1',#3900,#3901,'bottom panel:1');
#33=NEXT_ASSEMBLY_USAGE_OCCURRENCE('front panel:1','front panel:1',
'front panel:1',#3900,#3902,'front panel:1');
#34=NEXT_ASSEMBLY_USAGE_OCCURRENCE('left panel:1','left panel:1',
'left panel:1',#3900,#3903,'left panel:1');
#35=NEXT_ASSEMBLY_USAGE_OCCURRENCE('right panel:1','right panel:1',
'right panel:1',#3900,#3904,'right panel:1');
#36=NEXT_ASSEMBLY_USAGE_OCCURRENCE('back panel:1','back panel:1',
'back panel:1',#3900,#3905,'back panel:1');
#37=NEXT_ASSEMBLY_USAGE_OCCURRENCE('lid:1','lid:1','lid:1',#3900,#3906,
'lid:1');
#38=SHAPE_REPRESENTATION_RELATIONSHIP('SRR','None',#3893,#44);
#39=SHAPE_REPRESENTATION_RELATIONSHIP('SRR','None',#3894,#45);
#40=SHAPE_REPRESENTATION_RELATIONSHIP('SRR','None',#3895,#46);
#41=SHAPE_REPRESENTATION_RELATIONSHIP('SRR','None',#3896,#47);
#42=SHAPE_REPRESENTATION_RELATIONSHIP('SRR','None',#3897,#48);
#43=SHAPE_REPRESENTATION_RELATIONSHIP('SRR','None',#3898,#49);
#44=ADVANCED_BREP_SHAPE_REPRESENTATION('',(#57),#3861);
#45=ADVANCED_BREP_SHAPE_REPRESENTATION('',(#58),#3862);
#46=ADVANCED_BREP_SHAPE_REPRESENTATION('',(#59),#3863);
#47=ADVANCED_BREP_SHAPE_REPRESENTATION('',(#60),#3864);
#48=ADVANCED_BREP_SHAPE_REPRESENTATION('',(#61),#3865);
#49=ADVANCED_BREP_SHAPE_REPRESENTATION('',(#62),#3866);
#50=STYLED_ITEM('',(#3933),#57);
#51=STYLED_ITEM('',(#3934),#58);
#52=STYLED_ITEM('',(#3935),#59);
#53=STYLED_ITEM('',(#3932),#60);
#54=STYLED_ITEM('',(#3934),#61);
#55=STYLED_ITEM('',(#3931),#62);
#56=STYLED_ITEM('',(#3936),#12);
#57=MANIFOLD_SOLID_BREP('Body1',#2379);
#58=MANIFOLD_SOLID_BREP('Body1',#2380);
#59=MANIFOLD_SOLID_BREP('Body1',#2381);
#60=MANIFOLD_SOLID_BREP('Body1',#2382);
#61=MANIFOLD_SOLID_BREP('Body1',#2383);
#62=MANIFOLD_SOLID_BREP('Body2',#2384);
#63=FACE_OUTER_BOUND('',#183,.T.);
#64=FACE_OUTER_BOUND('',#184,.T.);
#65=FACE_OUTER_BOUND('',#185,.T.);
#66=FACE_OUTER_BOUND('',#186,.T.);
#67=FACE_OUTER_BOUND('',#187,.T.);
#68=FACE_OUTER_BOUND('',#188,.T.);
#69=FACE_OUTER_BOUND('',#189,.T.);
#70=FACE_OUTER_BOUND('',#190,.T.);
#71=FACE_OUTER_BOUND('',#191,.T.);
#72=FACE_OUTER_BOUND('',#192,.T.);
#73=FACE_OUTER_BOUND('',#193,.T.);
#74=FACE_OUTER_BOUND('',#194,.T.);
#75=FACE_OUTER_BOUND('',#195,.T.);
#76=FACE_OUTER_BOUND('',#196,.T.);
#77=FACE_OUTER_BOUND('',#197,.T.);
#78=FACE_OUTER_BOUND('',#198,.T.);
#79=FACE_OUTER_BOUND('',#199,.T.);
#80=FACE_OUTER_BOUND('',#200,.T.);
#81=FACE_OUTER_BOUND('',#201,.T.);
#82=FACE_OUTER_BOUND('',#202,.T.);
#83=FACE_OUTER_BOUND('',#203,.T.);
#84=FACE_OUTER_BOUND('',#204,.T.);
#85=FACE_OUTER_BOUND('',#205,.T.);
#86=FACE_OUTER_BOUND('',#206,.T.);
#87=FACE_OUTER_BOUND('',#207,.T.);
#88=FACE_OUTER_BOUND('',#208,.T.);
#89=FACE_OUTER_BOUND('',#209,.T.);
#90=FACE_OUTER_BOUND('',#210,.T.);
#91=FACE_OUTER_BOUND('',#211,.T.);
#92=FACE_OUTER_BOUND('',#212,.T.);
#93=FACE_OUTER_BOUND('',#213,.T.);
#94=FACE_OUTER_BOUND('',#214,.T.);
#95=FACE_OUTER_BOUND('',#215,.T.);
#96=FACE_OUTER_BOUND('',#216,.T.);
#97=FACE_OUTER_BOUND('',#217,.T.);
#98=FACE_OUTER_BOUND('',#218,.T.);
#99=FACE_OUTER_BOUND('',#219,.T.);
#100=FACE_OUTER_BOUND('',#220,.T.);
#101=FACE_OUTER_BOUND('',#221,.T.);
#102=FACE_OUTER_BOUND('',#222,.T.);
#103=FACE_OUTER_BOUND('',#223,.T.);
#104=FACE_OUTER_BOUND('',#224,.T.);
#105=FACE_OUTER_BOUND('',#225,.T.);
#106=FACE_OUTER_BOUND('',#226,.T.);
#107=FACE_OUTER_BOUND('',#227,.T.);
#108=FACE_OUTER_BOUND('',#228,.T.);
#109=FACE_OUTER_BOUND('',#229,.T.);
#110=FACE_OUTER_BOUND('',#230,.T.);
#111=FACE_OUTER_BOUND('',#231,.T.);
#112=FACE_OUTER_BOUND('',#232,.T.);
#113=FACE_OUTER_BOUND('',#233,.T.);
#114=FACE_OUTER_BOUND('',#234,.T.);
#115=FACE_OUTER_BOUND('',#235,.T.);
#116=FACE_OUTER_BOUND('',#236,.T.);
#117=FACE_OUTER_BOUND('',#237,.T.);
#118=FACE_OUTER_BOUND('',#238,.T.);
#119=FACE_OUTER_BOUND('',#239,.T.);
#120=FACE_OUTER_BOUND('',#240,.T.);
#121=FACE_OUTER_BOUND('',#241,.T.);
#122=FACE_OUTER_BOUND('',#242,.T.);
#123=FACE_OUTER_BOUND('',#243,.T.);
#124=FACE_OUTER_BOUND('',#244,.T.);
#125=FACE_OUTER_BOUND('',#245,.T.);
#126=FACE_OUTER_BOUND('',#246,.T.);
#127=FACE_OUTER_BOUND('',#247,.T.);
#128=FACE_OUTER_BOUND('',#248,.T.);
#129=FACE_OUTER_BOUND('',#249,.T.);
#130=FACE_OUTER_BOUND('',#250,.T.);
#131=FACE_OUTER_BOUND('',#251,.T.);
#132=FACE_OUTER_BOUND('',#252,.T.);
#133=FACE_OUTER_BOUND('',#253,.T.);
#134=FACE_OUTER_BOUND('',#254,.T.);
#135=FACE_OUTER_BOUND('',#255,.T.);
#136=FACE_OUTER_BOUND('',#256,.T.);
#137=FACE_OUTER_BOUND('',#257,.T.);
#138=FACE_OUTER_BOUND('',#258,.T.);
#139=FACE_OUTER_BOUND('',#259,.T.);
#140=FACE_OUTER_BOUND('',#260,.T.);
#141=FACE_OUTER_BOUND('',#261,.T.);
#142=FACE_OUTER_BOUND('',#262,.T.);
#143=FACE_OUTER_BOUND('',#263,.T.);
#144=FACE_OUTER_BOUND('',#264,.T.);
#145=FACE_OUTER_BOUND('',#265,.T.);
#146=FACE_OUTER_BOUND('',#266,.T.);
#147=FACE_OUTER_BOUND('',#267,.T.);
#148=FACE_OUTER_BOUND('',#268,.T.);
#149=FACE_OUTER_BOUND('',#269,.T.);
#150=FACE_OUTER_BOUND('',#270,.T.);
#151=FACE_OUTER_BOUND('',#271,.T.);
#152=FACE_OUTER_BOUND('',#272,.T.);
#153=FACE_OUTER_BOUND('',#273,.T.);
#154=FACE_OUTER_BOUND('',#274,.T.);
#155=FACE_OUTER_BOUND('',#275,.T.);
#156=FACE_OUTER_BOUND('',#276,.T.);
#157=FACE_OUTER_BOUND('',#277,.T.);
#158=FACE_OUTER_BOUND('',#278,.T.);
#159=FACE_OUTER_BOUND('',#279,.T.);
#160=FACE_OUTER_BOUND('',#280,.T.);
#161=FACE_OUTER_BOUND('',#281,.T.);
#162=FACE_OUTER_BOUND('',#282,.T.);
#163=FACE_OUTER_BOUND('',#283,.T.);
#164=FACE_OUTER_BOUND('',#284,.T.);
#165=FACE_OUTER_BOUND('',#285,.T.);
#166=FACE_OUTER_BOUND('',#286,.T.);
#167=FACE_OUTER_BOUND('',#287,.T.);
#168=FACE_OUTER_BOUND('',#288,.T.);
#169=FACE_OUTER_BOUND('',#289,.T.);
#170=FACE_OUTER_BOUND('',#290,.T.);
#171=FACE_OUTER_BOUND('',#291,.T.);
#172=FACE_OUTER_BOUND('',#292,.T.);
#173=FACE_OUTER_BOUND('',#293,.T.);
#174=FACE_OUTER_BOUND('',#294,.T.);
#175=FACE_OUTER_BOUND('',#295,.T.);
#176=FACE_OUTER_BOUND('',#296,.T.);
#177=FACE_OUTER_BOUND('',#297,.T.);
#178=FACE_OUTER_BOUND('',#298,.T.);
#179=FACE_OUTER_BOUND('',#299,.T.);
#180=FACE_OUTER_BOUND('',#300,.T.);
#181=FACE_OUTER_BOUND('',#301,.T.);
#182=FACE_OUTER_BOUND('',#302,.T.);
#183=EDGE_LOOP('',(#1491,#1492,#1493,#1494));
#184=EDGE_LOOP('',(#1495,#1496,#1497,#1498));
#185=EDGE_LOOP('',(#1499,#1500,#1501,#1502));
#186=EDGE_LOOP('',(#1503,#1504,#1505,#1506));
#187=EDGE_LOOP('',(#1507,#1508,#1509,#1510));
#188=EDGE_LOOP('',(#1511,#1512,#1513,#1514));
#189=EDGE_LOOP('',(#1515,#1516,#1517,#1518));
#190=EDGE_LOOP('',(#1519,#1520,#1521,#1522));
#191=EDGE_LOOP('',(#1523,#1524,#1525,#1526));
#192=EDGE_LOOP('',(#1527,#1528,#1529,#1530));
#193=EDGE_LOOP('',(#1531,#1532,#1533,#1534));
#194=EDGE_LOOP('',(#1535,#1536,#1537,#1538));
#195=EDGE_LOOP('',(#1539,#1540,#1541,#1542));
#196=EDGE_LOOP('',(#1543,#1544,#1545,#1546));
#197=EDGE_LOOP('',(#1547,#1548,#1549,#1550));
#198=EDGE_LOOP('',(#1551,#1552,#1553,#1554));
#199=EDGE_LOOP('',(#1555,#1556,#1557,#1558));
#200=EDGE_LOOP('',(#1559,#1560,#1561,#1562));
#201=EDGE_LOOP('',(#1563,#1564,#1565,#1566));
#202=EDGE_LOOP('',(#1567,#1568,#1569,#1570));
#203=EDGE_LOOP('',(#1571,#1572,#1573,#1574));
#204=EDGE_LOOP('',(#1575,#1576,#1577,#1578));
#205=EDGE_LOOP('',(#1579,#1580,#1581,#1582));
#206=EDGE_LOOP('',(#1583,#1584,#1585,#1586));
#207=EDGE_LOOP('',(#1587,#1588,#1589,#1590));
#208=EDGE_LOOP('',(#1591,#1592,#1593,#1594));
#209=EDGE_LOOP('',(#1595,#1596,#1597,#1598));
#210=EDGE_LOOP('',(#1599,#1600,#1601,#1602));
#211=EDGE_LOOP('',(#1603,#1604,#1605,#1606));
#212=EDGE_LOOP('',(#1607,#1608,#1609,#1610));
#213=EDGE_LOOP('',(#1611,#1612,#1613,#1614,#1615,#1616,#1617,#1618,#1619,
#1620,#1621,#1622,#1623,#1624,#1625,#1626,#1627,#1628,#1629,#1630,#1631,
#1632,#1633,#1634));
#214=EDGE_LOOP('',(#1635,#1636,#1637,#1638,#1639,#1640,#1641,#1642,#1643,
#1644,#1645,#1646,#1647,#1648,#1649,#1650,#1651,#1652,#1653,#1654,#1655,
#1656,#1657,#1658));
#215=EDGE_LOOP('',(#1659,#1660,#1661,#1662));
#216=EDGE_LOOP('',(#1663,#1664,#1665,#1666));
#217=EDGE_LOOP('',(#1667,#1668,#1669,#1670));
#218=EDGE_LOOP('',(#1671,#1672,#1673,#1674));
#219=EDGE_LOOP('',(#1675,#1676,#1677,#1678));
#220=EDGE_LOOP('',(#1679,#1680,#1681,#1682));
#221=EDGE_LOOP('',(#1683,#1684,#1685,#1686));
#222=EDGE_LOOP('',(#1687,#1688,#1689,#1690));
#223=EDGE_LOOP('',(#1691,#1692,#1693,#1694));
#224=EDGE_LOOP('',(#1695,#1696,#1697,#1698));
#225=EDGE_LOOP('',(#1699,#1700,#1701,#1702));
#226=EDGE_LOOP('',(#1703,#1704,#1705,#1706));
#227=EDGE_LOOP('',(#1707,#1708,#1709,#1710));
#228=EDGE_LOOP('',(#1711,#1712,#1713,#1714));
#229=EDGE_LOOP('',(#1715,#1716,#1717,#1718));
#230=EDGE_LOOP('',(#1719,#1720,#1721,#1722));
#231=EDGE_LOOP('',(#1723,#1724,#1725,#1726));
#232=EDGE_LOOP('',(#1727,#1728,#1729,#1730));
#233=EDGE_LOOP('',(#1731,#1732,#1733,#1734));
#234=EDGE_LOOP('',(#1735,#1736,#1737,#1738));
#235=EDGE_LOOP('',(#1739,#1740,#1741,#1742));
#236=EDGE_LOOP('',(#1743,#1744,#1745,#1746));
#237=EDGE_LOOP('',(#1747,#1748,#1749,#1750));
#238=EDGE_LOOP('',(#1751,#1752,#1753,#1754));
#239=EDGE_LOOP('',(#1755,#1756,#1757,#1758));
#240=EDGE_LOOP('',(#1759,#1760,#1761,#1762));
#241=EDGE_LOOP('',(#1763,#1764,#1765,#1766,#1767,#1768,#1769,#1770,#1771,
#1772,#1773,#1774,#1775,#1776,#1777,#1778,#1779,#1780,#1781,#1782,#1783,
#1784,#1785,#1786,#1787,#1788));
#242=EDGE_LOOP('',(#1789,#1790,#1791,#1792,#1793,#1794,#1795,#1796,#1797,
#1798,#1799,#1800,#1801,#1802,#1803,#1804,#1805,#1806,#1807,#1808,#1809,
#1810,#1811,#1812,#1813,#1814));
#243=EDGE_LOOP('',(#1815,#1816,#1817,#1818));
#244=EDGE_LOOP('',(#1819,#1820,#1821,#1822));
#245=EDGE_LOOP('',(#1823,#1824,#1825,#1826));
#246=EDGE_LOOP('',(#1827,#1828,#1829,#1830));
#247=EDGE_LOOP('',(#1831,#1832,#1833,#1834));
#248=EDGE_LOOP('',(#1835,#1836,#1837,#1838));
#249=EDGE_LOOP('',(#1839,#1840,#1841,#1842));
#250=EDGE_LOOP('',(#1843,#1844,#1845,#1846));
#251=EDGE_LOOP('',(#1847,#1848,#1849,#1850));
#252=EDGE_LOOP('',(#1851,#1852,#1853,#1854));
#253=EDGE_LOOP('',(#1855,#1856,#1857,#1858));
#254=EDGE_LOOP('',(#1859,#1860,#1861,#1862));
#255=EDGE_LOOP('',(#1863,#1864,#1865,#1866));
#256=EDGE_LOOP('',(#1867,#1868,#1869,#1870));
#257=EDGE_LOOP('',(#1871,#1872,#1873,#1874));
#258=EDGE_LOOP('',(#1875,#1876,#1877,#1878));
#259=EDGE_LOOP('',(#1879,#1880,#1881,#1882));
#260=EDGE_LOOP('',(#1883,#1884,#1885,#1886));
#261=EDGE_LOOP('',(#1887,#1888,#1889,#1890));
#262=EDGE_LOOP('',(#1891,#1892,#1893,#1894));
#263=EDGE_LOOP('',(#1895,#1896,#1897,#1898));
#264=EDGE_LOOP('',(#1899,#1900,#1901,#1902));
#265=EDGE_LOOP('',(#1903,#1904,#1905,#1906));
#266=EDGE_LOOP('',(#1907,#1908,#1909,#1910));
#267=EDGE_LOOP('',(#1911,#1912,#1913,#1914));
#268=EDGE_LOOP('',(#1915,#1916,#1917,#1918));
#269=EDGE_LOOP('',(#1919,#1920,#1921,#1922,#1923,#1924,#1925,#1926,#1927,
#1928,#1929,#1930,#1931,#1932,#1933,#1934,#1935,#1936,#1937,#1938,#1939,
#1940,#1941,#1942,#1943,#1944));
#270=EDGE_LOOP('',(#1945,#1946,#1947,#1948,#1949,#1950,#1951,#1952,#1953,
#1954,#1955,#1956,#1957,#1958,#1959,#1960,#1961,#1962,#1963,#1964,#1965,
#1966,#1967,#1968,#1969,#1970));
#271=EDGE_LOOP('',(#1971,#1972,#1973,#1974));
#272=EDGE_LOOP('',(#1975,#1976,#1977,#1978));
#273=EDGE_LOOP('',(#1979,#1980,#1981,#1982));
#274=EDGE_LOOP('',(#1983,#1984,#1985,#1986));
#275=EDGE_LOOP('',(#1987,#1988,#1989,#1990));
#276=EDGE_LOOP('',(#1991,#1992,#1993,#1994));
#277=EDGE_LOOP('',(#1995,#1996,#1997,#1998));
#278=EDGE_LOOP('',(#1999,#2000,#2001,#2002));
#279=EDGE_LOOP('',(#2003,#2004,#2005,#2006));
#280=EDGE_LOOP('',(#2007,#2008,#2009,#2010));
#281=EDGE_LOOP('',(#2011,#2012,#2013,#2014));
#282=EDGE_LOOP('',(#2015,#2016,#2017,#2018));
#283=EDGE_LOOP('',(#2019,#2020,#2021,#2022));
#284=EDGE_LOOP('',(#2023,#2024,#2025,#2026));
#285=EDGE_LOOP('',(#2027,#2028,#2029,#2030));
#286=EDGE_LOOP('',(#2031,#2032,#2033,#2034));
#287=EDGE_LOOP('',(#2035,#2036,#2037,#2038));
#288=EDGE_LOOP('',(#2039,#2040,#2041,#2042));
#289=EDGE_LOOP('',(#2043,#2044,#2045,#2046));
#290=EDGE_LOOP('',(#2047,#2048,#2049,#2050));
#291=EDGE_LOOP('',(#2051,#2052,#2053,#2054));
#292=EDGE_LOOP('',(#2055,#2056,#2057,#2058));
#293=EDGE_LOOP('',(#2059,#2060,#2061,#2062));
#294=EDGE_LOOP('',(#2063,#2064,#2065,#2066));
#295=EDGE_LOOP('',(#2067,#2068,#2069,#2070,#2071,#2072,#2073,#2074,#2075,
#2076,#2077,#2078,#2079,#2080,#2081,#2082,#2083,#2084,#2085,#2086,#2087,
#2088,#2089,#2090));
#296=EDGE_LOOP('',(#2091,#2092,#2093,#2094,#2095,#2096,#2097,#2098,#2099,
#2100,#2101,#2102,#2103,#2104,#2105,#2106,#2107,#2108,#2109,#2110,#2111,
#2112,#2113,#2114));
#297=EDGE_LOOP('',(#2115,#2116,#2117,#2118));
#298=EDGE_LOOP('',(#2119,#2120,#2121,#2122));
#299=EDGE_LOOP('',(#2123,#2124,#2125,#2126));
#300=EDGE_LOOP('',(#2127,#2128,#2129,#2130));
#301=EDGE_LOOP('',(#2131,#2132,#2133,#2134));
#302=EDGE_LOOP('',(#2135,#2136,#2137,#2138));
#303=LINE('',#3183,#627);
#304=LINE('',#3185,#628);
#305=LINE('',#3187,#629);
#306=LINE('',#3188,#630);
#307=LINE('',#3191,#631);
#308=LINE('',#3193,#632);
#309=LINE('',#3194,#633);
#310=LINE('',#3197,#634);
#311=LINE('',#3199,#635);
#312=LINE('',#3200,#636);
#313=LINE('',#3202,#637);
#314=LINE('',#3203,#638);
#315=LINE('',#3210,#639);
#316=LINE('',#3212,#640);
#317=LINE('',#3214,#641);
#318=LINE('',#3215,#642);
#319=LINE('',#3218,#643);
#320=LINE('',#3220,#644);
#321=LINE('',#3221,#645);
#322=LINE('',#3224,#646);
#323=LINE('',#3226,#647);
#324=LINE('',#3227,#648);
#325=LINE('',#3230,#649);
#326=LINE('',#3232,#650);
#327=LINE('',#3233,#651);
#328=LINE('',#3236,#652);
#329=LINE('',#3238,#653);
#330=LINE('',#3239,#654);
#331=LINE('',#3242,#655);
#332=LINE('',#3244,#656);
#333=LINE('',#3245,#657);
#334=LINE('',#3248,#658);
#335=LINE('',#3250,#659);
#336=LINE('',#3251,#660);
#337=LINE('',#3254,#661);
#338=LINE('',#3256,#662);
#339=LINE('',#3257,#663);
#340=LINE('',#3260,#664);
#341=LINE('',#3262,#665);
#342=LINE('',#3263,#666);
#343=LINE('',#3266,#667);
#344=LINE('',#3268,#668);
#345=LINE('',#3269,#669);
#346=LINE('',#3272,#670);
#347=LINE('',#3274,#671);
#348=LINE('',#3275,#672);
#349=LINE('',#3278,#673);
#350=LINE('',#3280,#674);
#351=LINE('',#3281,#675);
#352=LINE('',#3284,#676);
#353=LINE('',#3286,#677);
#354=LINE('',#3287,#678);
#355=LINE('',#3290,#679);
#356=LINE('',#3292,#680);
#357=LINE('',#3293,#681);
#358=LINE('',#3296,#682);
#359=LINE('',#3298,#683);
#360=LINE('',#3299,#684);
#361=LINE('',#3302,#685);
#362=LINE('',#3304,#686);
#363=LINE('',#3305,#687);
#364=LINE('',#3308,#688);
#365=LINE('',#3310,#689);
#366=LINE('',#3311,#690);
#367=LINE('',#3314,#691);
#368=LINE('',#3316,#692);
#369=LINE('',#3317,#693);
#370=LINE('',#3320,#694);
#371=LINE('',#3322,#695);
#372=LINE('',#3323,#696);
#373=LINE('',#3326,#697);
#374=LINE('',#3328,#698);
#375=LINE('',#3329,#699);
#376=LINE('',#3332,#700);
#377=LINE('',#3334,#701);
#378=LINE('',#3335,#702);
#379=LINE('',#3338,#703);
#380=LINE('',#3340,#704);
#381=LINE('',#3341,#705);
#382=LINE('',#3344,#706);
#383=LINE('',#3346,#707);
#384=LINE('',#3347,#708);
#385=LINE('',#3349,#709);
#386=LINE('',#3350,#710);
#387=LINE('',#3357,#711);
#388=LINE('',#3359,#712);
#389=LINE('',#3361,#713);
#390=LINE('',#3362,#714);
#391=LINE('',#3365,#715);
#392=LINE('',#3367,#716);
#393=LINE('',#3368,#717);
#394=LINE('',#3371,#718);
#395=LINE('',#3373,#719);
#396=LINE('',#3374,#720);
#397=LINE('',#3377,#721);
#398=LINE('',#3379,#722);
#399=LINE('',#3380,#723);
#400=LINE('',#3383,#724);
#401=LINE('',#3385,#725);
#402=LINE('',#3386,#726);
#403=LINE('',#3389,#727);
#404=LINE('',#3391,#728);
#405=LINE('',#3392,#729);
#406=LINE('',#3395,#730);
#407=LINE('',#3397,#731);
#408=LINE('',#3398,#732);
#409=LINE('',#3401,#733);
#410=LINE('',#3403,#734);
#411=LINE('',#3404,#735);
#412=LINE('',#3407,#736);
#413=LINE('',#3409,#737);
#414=LINE('',#3410,#738);
#415=LINE('',#3413,#739);
#416=LINE('',#3415,#740);
#417=LINE('',#3416,#741);
#418=LINE('',#3419,#742);
#419=LINE('',#3421,#743);
#420=LINE('',#3422,#744);
#421=LINE('',#3425,#745);
#422=LINE('',#3427,#746);
#423=LINE('',#3428,#747);
#424=LINE('',#3431,#748);
#425=LINE('',#3433,#749);
#426=LINE('',#3434,#750);
#427=LINE('',#3437,#751);
#428=LINE('',#3439,#752);
#429=LINE('',#3440,#753);
#430=LINE('',#3443,#754);
#431=LINE('',#3445,#755);
#432=LINE('',#3446,#756);
#433=LINE('',#3449,#757);
#434=LINE('',#3451,#758);
#435=LINE('',#3452,#759);
#436=LINE('',#3455,#760);
#437=LINE('',#3457,#761);
#438=LINE('',#3458,#762);
#439=LINE('',#3461,#763);
#440=LINE('',#3463,#764);
#441=LINE('',#3464,#765);
#442=LINE('',#3467,#766);
#443=LINE('',#3469,#767);
#444=LINE('',#3470,#768);
#445=LINE('',#3473,#769);
#446=LINE('',#3475,#770);
#447=LINE('',#3476,#771);
#448=LINE('',#3479,#772);
#449=LINE('',#3481,#773);
#450=LINE('',#3482,#774);
#451=LINE('',#3485,#775);
#452=LINE('',#3487,#776);
#453=LINE('',#3488,#777);
#454=LINE('',#3491,#778);
#455=LINE('',#3493,#779);
#456=LINE('',#3494,#780);
#457=LINE('',#3497,#781);
#458=LINE('',#3499,#782);
#459=LINE('',#3500,#783);
#460=LINE('',#3503,#784);
#461=LINE('',#3505,#785);
#462=LINE('',#3506,#786);
#463=LINE('',#3508,#787);
#464=LINE('',#3509,#788);
#465=LINE('',#3516,#789);
#466=LINE('',#3518,#790);
#467=LINE('',#3520,#791);
#468=LINE('',#3521,#792);
#469=LINE('',#3524,#793);
#470=LINE('',#3526,#794);
#471=LINE('',#3527,#795);
#472=LINE('',#3530,#796);
#473=LINE('',#3532,#797);
#474=LINE('',#3533,#798);
#475=LINE('',#3536,#799);
#476=LINE('',#3538,#800);
#477=LINE('',#3539,#801);
#478=LINE('',#3542,#802);
#479=LINE('',#3544,#803);
#480=LINE('',#3545,#804);
#481=LINE('',#3548,#805);
#482=LINE('',#3550,#806);
#483=LINE('',#3551,#807);
#484=LINE('',#3554,#808);
#485=LINE('',#3556,#809);
#486=LINE('',#3557,#810);
#487=LINE('',#3560,#811);
#488=LINE('',#3562,#812);
#489=LINE('',#3563,#813);
#490=LINE('',#3566,#814);
#491=LINE('',#3568,#815);
#492=LINE('',#3569,#816);
#493=LINE('',#3572,#817);
#494=LINE('',#3574,#818);
#495=LINE('',#3575,#819);
#496=LINE('',#3578,#820);
#497=LINE('',#3580,#821);
#498=LINE('',#3581,#822);
#499=LINE('',#3584,#823);
#500=LINE('',#3586,#824);
#501=LINE('',#3587,#825);
#502=LINE('',#3590,#826);
#503=LINE('',#3592,#827);
#504=LINE('',#3593,#828);
#505=LINE('',#3596,#829);
#506=LINE('',#3598,#830);
#507=LINE('',#3599,#831);
#508=LINE('',#3602,#832);
#509=LINE('',#3604,#833);
#510=LINE('',#3605,#834);
#511=LINE('',#3608,#835);
#512=LINE('',#3610,#836);
#513=LINE('',#3611,#837);
#514=LINE('',#3614,#838);
#515=LINE('',#3616,#839);
#516=LINE('',#3617,#840);
#517=LINE('',#3620,#841);
#518=LINE('',#3622,#842);
#519=LINE('',#3623,#843);
#520=LINE('',#3626,#844);
#521=LINE('',#3628,#845);
#522=LINE('',#3629,#846);
#523=LINE('',#3632,#847);
#524=LINE('',#3634,#848);
#525=LINE('',#3635,#849);
#526=LINE('',#3638,#850);
#527=LINE('',#3640,#851);
#528=LINE('',#3641,#852);
#529=LINE('',#3644,#853);
#530=LINE('',#3646,#854);
#531=LINE('',#3647,#855);
#532=LINE('',#3650,#856);
#533=LINE('',#3652,#857);
#534=LINE('',#3653,#858);
#535=LINE('',#3656,#859);
#536=LINE('',#3658,#860);
#537=LINE('',#3659,#861);
#538=LINE('',#3662,#862);
#539=LINE('',#3664,#863);
#540=LINE('',#3665,#864);
#541=LINE('',#3667,#865);
#542=LINE('',#3668,#866);
#543=LINE('',#3675,#867);
#544=LINE('',#3677,#868);
#545=LINE('',#3679,#869);
#546=LINE('',#3680,#870);
#547=LINE('',#3684,#871);
#548=LINE('',#3686,#872);
#549=LINE('',#3688,#873);
#550=LINE('',#3689,#874);
#551=LINE('',#3692,#875);
#552=LINE('',#3694,#876);
#553=LINE('',#3695,#877);
#554=LINE('',#3698,#878);
#555=LINE('',#3700,#879);
#556=LINE('',#3701,#880);
#557=LINE('',#3704,#881);
#558=LINE('',#3706,#882);
#559=LINE('',#3707,#883);
#560=LINE('',#3710,#884);
#561=LINE('',#3712,#885);
#562=LINE('',#3713,#886);
#563=LINE('',#3716,#887);
#564=LINE('',#3718,#888);
#565=LINE('',#3719,#889);
#566=LINE('',#3722,#890);
#567=LINE('',#3724,#891);
#568=LINE('',#3725,#892);
#569=LINE('',#3728,#893);
#570=LINE('',#3730,#894);
#571=LINE('',#3731,#895);
#572=LINE('',#3734,#896);
#573=LINE('',#3736,#897);
#574=LINE('',#3737,#898);
#575=LINE('',#3740,#899);
#576=LINE('',#3742,#900);
#577=LINE('',#3743,#901);
#578=LINE('',#3746,#902);
#579=LINE('',#3748,#903);
#580=LINE('',#3749,#904);
#581=LINE('',#3752,#905);
#582=LINE('',#3754,#906);
#583=LINE('',#3755,#907);
#584=LINE('',#3758,#908);
#585=LINE('',#3760,#909);
#586=LINE('',#3761,#910);
#587=LINE('',#3764,#911);
#588=LINE('',#3766,#912);
#589=LINE('',#3767,#913);
#590=LINE('',#3769,#914);
#591=LINE('',#3770,#915);
#592=LINE('',#3773,#916);
#593=LINE('',#3775,#917);
#594=LINE('',#3776,#918);
#595=LINE('',#3779,#919);
#596=LINE('',#3781,#920);
#597=LINE('',#3782,#921);
#598=LINE('',#3785,#922);
#599=LINE('',#3787,#923);
#600=LINE('',#3788,#924);
#601=LINE('',#3791,#925);
#602=LINE('',#3793,#926);
#603=LINE('',#3794,#927);
#604=LINE('',#3797,#928);
#605=LINE('',#3799,#929);
#606=LINE('',#3800,#930);
#607=LINE('',#3803,#931);
#608=LINE('',#3805,#932);
#609=LINE('',#3806,#933);
#610=LINE('',#3809,#934);
#611=LINE('',#3811,#935);
#612=LINE('',#3812,#936);
#613=LINE('',#3814,#937);
#614=LINE('',#3815,#938);
#615=LINE('',#3822,#939);
#616=LINE('',#3824,#940);
#617=LINE('',#3826,#941);
#618=LINE('',#3827,#942);
#619=LINE('',#3830,#943);
#620=LINE('',#3832,#944);
#621=LINE('',#3833,#945);
#622=LINE('',#3836,#946);
#623=LINE('',#3838,#947);
#624=LINE('',#3839,#948);
#625=LINE('',#3841,#949);
#626=LINE('',#3842,#950);
#627=VECTOR('',#2592,10.);
#628=VECTOR('',#2593,10.);
#629=VECTOR('',#2594,10.);
#630=VECTOR('',#2595,10.);
#631=VECTOR('',#2598,10.);
#632=VECTOR('',#2599,10.);
#633=VECTOR('',#2600,10.);
#634=VECTOR('',#2603,10.);
#635=VECTOR('',#2604,10.);
#636=VECTOR('',#2605,10.);
#637=VECTOR('',#2608,10.);
#638=VECTOR('',#2609,10.);
#639=VECTOR('',#2618,10.);
#640=VECTOR('',#2619,10.);
#641=VECTOR('',#2620,10.);
#642=VECTOR('',#2621,10.);
#643=VECTOR('',#2624,10.);
#644=VECTOR('',#2625,10.);
#645=VECTOR('',#2626,10.);
#646=VECTOR('',#2629,10.);
#647=VECTOR('',#2630,10.);
#648=VECTOR('',#2631,10.);
#649=VECTOR('',#2634,10.);
#650=VECTOR('',#2635,10.);
#651=VECTOR('',#2636,10.);
#652=VECTOR('',#2639,10.);
#653=VECTOR('',#2640,10.);
#654=VECTOR('',#2641,10.);
#655=VECTOR('',#2644,10.);
#656=VECTOR('',#2645,10.);
#657=VECTOR('',#2646,10.);
#658=VECTOR('',#2649,10.);
#659=VECTOR('',#2650,10.);
#660=VECTOR('',#2651,10.);
#661=VECTOR('',#2654,10.);
#662=VECTOR('',#2655,10.);
#663=VECTOR('',#2656,10.);
#664=VECTOR('',#2659,10.);
#665=VECTOR('',#2660,10.);
#666=VECTOR('',#2661,10.);
#667=VECTOR('',#2664,10.);
#668=VECTOR('',#2665,10.);
#669=VECTOR('',#2666,10.);
#670=VECTOR('',#2669,10.);
#671=VECTOR('',#2670,10.);
#672=VECTOR('',#2671,10.);
#673=VECTOR('',#2674,10.);
#674=VECTOR('',#2675,10.);
#675=VECTOR('',#2676,10.);
#676=VECTOR('',#2679,10.);
#677=VECTOR('',#2680,10.);
#678=VECTOR('',#2681,10.);
#679=VECTOR('',#2684,10.);
#680=VECTOR('',#2685,10.);
#681=VECTOR('',#2686,10.);
#682=VECTOR('',#2689,10.);
#683=VECTOR('',#2690,10.);
#684=VECTOR('',#2691,10.);
#685=VECTOR('',#2694,10.);
#686=VECTOR('',#2695,10.);
#687=VECTOR('',#2696,10.);
#688=VECTOR('',#2699,10.);
#689=VECTOR('',#2700,10.);
#690=VECTOR('',#2701,10.);
#691=VECTOR('',#2704,10.);
#692=VECTOR('',#2705,10.);
#693=VECTOR('',#2706,10.);
#694=VECTOR('',#2709,10.);
#695=VECTOR('',#2710,10.);
#696=VECTOR('',#2711,10.);
#697=VECTOR('',#2714,10.);
#698=VECTOR('',#2715,10.);
#699=VECTOR('',#2716,10.);
#700=VECTOR('',#2719,10.);
#701=VECTOR('',#2720,10.);
#702=VECTOR('',#2721,10.);
#703=VECTOR('',#2724,10.);
#704=VECTOR('',#2725,10.);
#705=VECTOR('',#2726,10.);
#706=VECTOR('',#2729,10.);
#707=VECTOR('',#2730,10.);
#708=VECTOR('',#2731,10.);
#709=VECTOR('',#2734,10.);
#710=VECTOR('',#2735,10.);
#711=VECTOR('',#2744,10.);
#712=VECTOR('',#2745,10.);
#713=VECTOR('',#2746,10.);
#714=VECTOR('',#2747,10.);
#715=VECTOR('',#2750,10.);
#716=VECTOR('',#2751,10.);
#717=VECTOR('',#2752,10.);
#718=VECTOR('',#2755,10.);
#719=VECTOR('',#2756,10.);
#720=VECTOR('',#2757,10.);
#721=VECTOR('',#2760,10.);
#722=VECTOR('',#2761,10.);
#723=VECTOR('',#2762,10.);
#724=VECTOR('',#2765,10.);
#725=VECTOR('',#2766,10.);
#726=VECTOR('',#2767,10.);
#727=VECTOR('',#2770,10.);
#728=VECTOR('',#2771,10.);
#729=VECTOR('',#2772,10.);
#730=VECTOR('',#2775,10.);
#731=VECTOR('',#2776,10.);
#732=VECTOR('',#2777,10.);
#733=VECTOR('',#2780,10.);
#734=VECTOR('',#2781,10.);
#735=VECTOR('',#2782,10.);
#736=VECTOR('',#2785,10.);
#737=VECTOR('',#2786,10.);
#738=VECTOR('',#2787,10.);
#739=VECTOR('',#2790,10.);
#740=VECTOR('',#2791,10.);
#741=VECTOR('',#2792,10.);
#742=VECTOR('',#2795,10.);
#743=VECTOR('',#2796,10.);
#744=VECTOR('',#2797,10.);
#745=VECTOR('',#2800,10.);
#746=VECTOR('',#2801,10.);
#747=VECTOR('',#2802,10.);
#748=VECTOR('',#2805,10.);
#749=VECTOR('',#2806,10.);
#750=VECTOR('',#2807,10.);
#751=VECTOR('',#2810,10.);
#752=VECTOR('',#2811,10.);
#753=VECTOR('',#2812,10.);
#754=VECTOR('',#2815,10.);
#755=VECTOR('',#2816,10.);
#756=VECTOR('',#2817,10.);
#757=VECTOR('',#2820,10.);
#758=VECTOR('',#2821,10.);
#759=VECTOR('',#2822,10.);
#760=VECTOR('',#2825,10.);
#761=VECTOR('',#2826,10.);
#762=VECTOR('',#2827,10.);
#763=VECTOR('',#2830,10.);
#764=VECTOR('',#2831,10.);
#765=VECTOR('',#2832,10.);
#766=VECTOR('',#2835,10.);
#767=VECTOR('',#2836,10.);
#768=VECTOR('',#2837,10.);
#769=VECTOR('',#2840,10.);
#770=VECTOR('',#2841,10.);
#771=VECTOR('',#2842,10.);
#772=VECTOR('',#2845,10.);
#773=VECTOR('',#2846,10.);
#774=VECTOR('',#2847,10.);
#775=VECTOR('',#2850,10.);
#776=VECTOR('',#2851,10.);
#777=VECTOR('',#2852,10.);
#778=VECTOR('',#2855,10.);
#779=VECTOR('',#2856,10.);
#780=VECTOR('',#2857,10.);
#781=VECTOR('',#2860,10.);
#782=VECTOR('',#2861,10.);
#783=VECTOR('',#2862,10.);
#784=VECTOR('',#2865,10.);
#785=VECTOR('',#2866,10.);
#786=VECTOR('',#2867,10.);
#787=VECTOR('',#2870,10.);
#788=VECTOR('',#2871,10.);
#789=VECTOR('',#2880,10.);
#790=VECTOR('',#2881,10.);
#791=VECTOR('',#2882,10.);
#792=VECTOR('',#2883,10.);
#793=VECTOR('',#2886,10.);
#794=VECTOR('',#2887,10.);
#795=VECTOR('',#2888,10.);
#796=VECTOR('',#2891,10.);
#797=VECTOR('',#2892,10.);
#798=VECTOR('',#2893,10.);
#799=VECTOR('',#2896,10.);
#800=VECTOR('',#2897,10.);
#801=VECTOR('',#2898,10.);
#802=VECTOR('',#2901,10.);
#803=VECTOR('',#2902,10.);
#804=VECTOR('',#2903,10.);
#805=VECTOR('',#2906,10.);
#806=VECTOR('',#2907,10.);
#807=VECTOR('',#2908,10.);
#808=VECTOR('',#2911,10.);
#809=VECTOR('',#2912,10.);
#810=VECTOR('',#2913,10.);
#811=VECTOR('',#2916,10.);
#812=VECTOR('',#2917,10.);
#813=VECTOR('',#2918,10.);
#814=VECTOR('',#2921,10.);
#815=VECTOR('',#2922,10.);
#816=VECTOR('',#2923,10.);
#817=VECTOR('',#2926,10.);
#818=VECTOR('',#2927,10.);
#819=VECTOR('',#2928,10.);
#820=VECTOR('',#2931,10.);
#821=VECTOR('',#2932,10.);
#822=VECTOR('',#2933,10.);
#823=VECTOR('',#2936,10.);
#824=VECTOR('',#2937,10.);
#825=VECTOR('',#2938,10.);
#826=VECTOR('',#2941,10.);
#827=VECTOR('',#2942,10.);
#828=VECTOR('',#2943,10.);
#829=VECTOR('',#2946,10.);
#830=VECTOR('',#2947,10.);
#831=VECTOR('',#2948,10.);
#832=VECTOR('',#2951,10.);
#833=VECTOR('',#2952,10.);
#834=VECTOR('',#2953,10.);
#835=VECTOR('',#2956,10.);
#836=VECTOR('',#2957,10.);
#837=VECTOR('',#2958,10.);
#838=VECTOR('',#2961,10.);
#839=VECTOR('',#2962,10.);
#840=VECTOR('',#2963,10.);
#841=VECTOR('',#2966,10.);
#842=VECTOR('',#2967,10.);
#843=VECTOR('',#2968,10.);
#844=VECTOR('',#2971,10.);
#845=VECTOR('',#2972,10.);
#846=VECTOR('',#2973,10.);
#847=VECTOR('',#2976,10.);
#848=VECTOR('',#2977,10.);
#849=VECTOR('',#2978,10.);
#850=VECTOR('',#2981,10.);
#851=VECTOR('',#2982,10.);
#852=VECTOR('',#2983,10.);
#853=VECTOR('',#2986,10.);
#854=VECTOR('',#2987,10.);
#855=VECTOR('',#2988,10.);
#856=VECTOR('',#2991,10.);
#857=VECTOR('',#2992,10.);
#858=VECTOR('',#2993,10.);
#859=VECTOR('',#2996,10.);
#860=VECTOR('',#2997,10.);
#861=VECTOR('',#2998,10.);
#862=VECTOR('',#3001,10.);
#863=VECTOR('',#3002,10.);
#864=VECTOR('',#3003,10.);
#865=VECTOR('',#3006,10.);
#866=VECTOR('',#3007,10.);
#867=VECTOR('',#3016,10.);
#868=VECTOR('',#3017,10.);
#869=VECTOR('',#3018,10.);
#870=VECTOR('',#3019,10.);
#871=VECTOR('',#3022,10.);
#872=VECTOR('',#3023,10.);
#873=VECTOR('',#3024,10.);
#874=VECTOR('',#3025,10.);
#875=VECTOR('',#3028,10.);
#876=VECTOR('',#3029,10.);
#877=VECTOR('',#3030,10.);
#878=VECTOR('',#3033,10.);
#879=VECTOR('',#3034,10.);
#880=VECTOR('',#3035,10.);
#881=VECTOR('',#3038,10.);
#882=VECTOR('',#3039,10.);
#883=VECTOR('',#3040,10.);
#884=VECTOR('',#3043,10.);
#885=VECTOR('',#3044,10.);
#886=VECTOR('',#3045,10.);
#887=VECTOR('',#3048,10.);
#888=VECTOR('',#3049,10.);
#889=VECTOR('',#3050,10.);
#890=VECTOR('',#3053,10.);
#891=VECTOR('',#3054,10.);
#892=VECTOR('',#3055,10.);
#893=VECTOR('',#3058,10.);
#894=VECTOR('',#3059,10.);
#895=VECTOR('',#3060,10.);
#896=VECTOR('',#3063,10.);
#897=VECTOR('',#3064,10.);
#898=VECTOR('',#3065,10.);
#899=VECTOR('',#3068,10.);
#900=VECTOR('',#3069,10.);
#901=VECTOR('',#3070,10.);
#902=VECTOR('',#3073,10.);
#903=VECTOR('',#3074,10.);
#904=VECTOR('',#3075,10.);
#905=VECTOR('',#3078,10.);
#906=VECTOR('',#3079,10.);
#907=VECTOR('',#3080,10.);
#908=VECTOR('',#3083,10.);
#909=VECTOR('',#3084,10.);
#910=VECTOR('',#3085,10.);
#911=VECTOR('',#3088,10.);
#912=VECTOR('',#3089,10.);
#913=VECTOR('',#3090,10.);
#914=VECTOR('',#3093,10.);
#915=VECTOR('',#3094,10.);
#916=VECTOR('',#3097,10.);
#917=VECTOR('',#3098,10.);
#918=VECTOR('',#3099,10.);
#919=VECTOR('',#3102,10.);
#920=VECTOR('',#3103,10.);
#921=VECTOR('',#3104,10.);
#922=VECTOR('',#3107,10.);
#923=VECTOR('',#3108,10.);
#924=VECTOR('',#3109,10.);
#925=VECTOR('',#3112,10.);
#926=VECTOR('',#3113,10.);
#927=VECTOR('',#3114,10.);
#928=VECTOR('',#3117,10.);
#929=VECTOR('',#3118,10.);
#930=VECTOR('',#3119,10.);
#931=VECTOR('',#3122,10.);
#932=VECTOR('',#3123,10.);
#933=VECTOR('',#3124,10.);
#934=VECTOR('',#3127,10.);
#935=VECTOR('',#3128,10.);
#936=VECTOR('',#3129,10.);
#937=VECTOR('',#3132,10.);
#938=VECTOR('',#3133,10.);
#939=VECTOR('',#3142,10.);
#940=VECTOR('',#3143,10.);
#941=VECTOR('',#3144,10.);
#942=VECTOR('',#3145,10.);
#943=VECTOR('',#3148,10.);
#944=VECTOR('',#3149,10.);
#945=VECTOR('',#3150,10.);
#946=VECTOR('',#3153,10.);
#947=VECTOR('',#3154,10.);
#948=VECTOR('',#3155,10.);
#949=VECTOR('',#3158,10.);
#950=VECTOR('',#3159,10.);
#951=VERTEX_POINT('',#3181);
#952=VERTEX_POINT('',#3182);
#953=VERTEX_POINT('',#3184);
#954=VERTEX_POINT('',#3186);
#955=VERTEX_POINT('',#3190);
#956=VERTEX_POINT('',#3192);
#957=VERTEX_POINT('',#3196);
#958=VERTEX_POINT('',#3198);
#959=VERTEX_POINT('',#3208);
#960=VERTEX_POINT('',#3209);
#961=VERTEX_POINT('',#3211);
#962=VERTEX_POINT('',#3213);
#963=VERTEX_POINT('',#3217);
#964=VERTEX_POINT('',#3219);
#965=VERTEX_POINT('',#3223);
#966=VERTEX_POINT('',#3225);
#967=VERTEX_POINT('',#3229);
#968=VERTEX_POINT('',#3231);
#969=VERTEX_POINT('',#3235);
#970=VERTEX_POINT('',#3237);
#971=VERTEX_POINT('',#3241);
#972=VERTEX_POINT('',#3243);
#973=VERTEX_POINT('',#3247);
#974=VERTEX_POINT('',#3249);
#975=VERTEX_POINT('',#3253);
#976=VERTEX_POINT('',#3255);
#977=VERTEX_POINT('',#3259);
#978=VERTEX_POINT('',#3261);
#979=VERTEX_POINT('',#3265);
#980=VERTEX_POINT('',#3267);
#981=VERTEX_POINT('',#3271);
#982=VERTEX_POINT('',#3273);
#983=VERTEX_POINT('',#3277);
#984=VERTEX_POINT('',#3279);
#985=VERTEX_POINT('',#3283);
#986=VERTEX_POINT('',#3285);
#987=VERTEX_POINT('',#3289);
#988=VERTEX_POINT('',#3291);
#989=VERTEX_POINT('',#3295);
#990=VERTEX_POINT('',#3297);
#991=VERTEX_POINT('',#3301);
#992=VERTEX_POINT('',#3303);
#993=VERTEX_POINT('',#3307);
#994=VERTEX_POINT('',#3309);
#995=VERTEX_POINT('',#3313);
#996=VERTEX_POINT('',#3315);
#997=VERTEX_POINT('',#3319);
#998=VERTEX_POINT('',#3321);
#999=VERTEX_POINT('',#3325);
#1000=VERTEX_POINT('',#3327);
#1001=VERTEX_POINT('',#3331);
#1002=VERTEX_POINT('',#3333);
#1003=VERTEX_POINT('',#3337);
#1004=VERTEX_POINT('',#3339);
#1005=VERTEX_POINT('',#3343);
#1006=VERTEX_POINT('',#3345);
#1007=VERTEX_POINT('',#3355);
#1008=VERTEX_POINT('',#3356);
#1009=VERTEX_POINT('',#3358);
#1010=VERTEX_POINT('',#3360);
#1011=VERTEX_POINT('',#3364);
#1012=VERTEX_POINT('',#3366);
#1013=VERTEX_POINT('',#3370);
#1014=VERTEX_POINT('',#3372);
#1015=VERTEX_POINT('',#3376);
#1016=VERTEX_POINT('',#3378);
#1017=VERTEX_POINT('',#3382);
#1018=VERTEX_POINT('',#3384);
#1019=VERTEX_POINT('',#3388);
#1020=VERTEX_POINT('',#3390);
#1021=VERTEX_POINT('',#3394);
#1022=VERTEX_POINT('',#3396);
#1023=VERTEX_POINT('',#3400);
#1024=VERTEX_POINT('',#3402);
#1025=VERTEX_POINT('',#3406);
#1026=VERTEX_POINT('',#3408);
#1027=VERTEX_POINT('',#3412);
#1028=VERTEX_POINT('',#3414);
#1029=VERTEX_POINT('',#3418);
#1030=VERTEX_POINT('',#3420);
#1031=VERTEX_POINT('',#3424);
#1032=VERTEX_POINT('',#3426);
#1033=VERTEX_POINT('',#3430);
#1034=VERTEX_POINT('',#3432);
#1035=VERTEX_POINT('',#3436);
#1036=VERTEX_POINT('',#3438);
#1037=VERTEX_POINT('',#3442);
#1038=VERTEX_POINT('',#3444);
#1039=VERTEX_POINT('',#3448);
#1040=VERTEX_POINT('',#3450);
#1041=VERTEX_POINT('',#3454);
#1042=VERTEX_POINT('',#3456);
#1043=VERTEX_POINT('',#3460);
#1044=VERTEX_POINT('',#3462);
#1045=VERTEX_POINT('',#3466);
#1046=VERTEX_POINT('',#3468);
#1047=VERTEX_POINT('',#3472);
#1048=VERTEX_POINT('',#3474);
#1049=VERTEX_POINT('',#3478);
#1050=VERTEX_POINT('',#3480);
#1051=VERTEX_POINT('',#3484);
#1052=VERTEX_POINT('',#3486);
#1053=VERTEX_POINT('',#3490);
#1054=VERTEX_POINT('',#3492);
#1055=VERTEX_POINT('',#3496);
#1056=VERTEX_POINT('',#3498);
#1057=VERTEX_POINT('',#3502);
#1058=VERTEX_POINT('',#3504);
#1059=VERTEX_POINT('',#3514);
#1060=VERTEX_POINT('',#3515);
#1061=VERTEX_POINT('',#3517);
#1062=VERTEX_POINT('',#3519);
#1063=VERTEX_POINT('',#3523);
#1064=VERTEX_POINT('',#3525);
#1065=VERTEX_POINT('',#3529);
#1066=VERTEX_POINT('',#3531);
#1067=VERTEX_POINT('',#3535);
#1068=VERTEX_POINT('',#3537);
#1069=VERTEX_POINT('',#3541);
#1070=VERTEX_POINT('',#3543);
#1071=VERTEX_POINT('',#3547);
#1072=VERTEX_POINT('',#3549);
#1073=VERTEX_POINT('',#3553);
#1074=VERTEX_POINT('',#3555);
#1075=VERTEX_POINT('',#3559);
#1076=VERTEX_POINT('',#3561);
#1077=VERTEX_POINT('',#3565);
#1078=VERTEX_POINT('',#3567);
#1079=VERTEX_POINT('',#3571);
#1080=VERTEX_POINT('',#3573);
#1081=VERTEX_POINT('',#3577);
#1082=VERTEX_POINT('',#3579);
#1083=VERTEX_POINT('',#3583);
#1084=VERTEX_POINT('',#3585);
#1085=VERTEX_POINT('',#3589);
#1086=VERTEX_POINT('',#3591);
#1087=VERTEX_POINT('',#3595);
#1088=VERTEX_POINT('',#3597);
#1089=VERTEX_POINT('',#3601);
#1090=VERTEX_POINT('',#3603);
#1091=VERTEX_POINT('',#3607);
#1092=VERTEX_POINT('',#3609);
#1093=VERTEX_POINT('',#3613);
#1094=VERTEX_POINT('',#3615);
#1095=VERTEX_POINT('',#3619);
#1096=VERTEX_POINT('',#3621);
#1097=VERTEX_POINT('',#3625);
#1098=VERTEX_POINT('',#3627);
#1099=VERTEX_POINT('',#3631);
#1100=VERTEX_POINT('',#3633);
#1101=VERTEX_POINT('',#3637);
#1102=VERTEX_POINT('',#3639);
#1103=VERTEX_POINT('',#3643);
#1104=VERTEX_POINT('',#3645);
#1105=VERTEX_POINT('',#3649);
#1106=VERTEX_POINT('',#3651);
#1107=VERTEX_POINT('',#3655);
#1108=VERTEX_POINT('',#3657);
#1109=VERTEX_POINT('',#3661);
#1110=VERTEX_POINT('',#3663);
#1111=VERTEX_POINT('',#3673);
#1112=VERTEX_POINT('',#3674);
#1113=VERTEX_POINT('',#3676);
#1114=VERTEX_POINT('',#3678);
#1115=VERTEX_POINT('',#3682);
#1116=VERTEX_POINT('',#3683);
#1117=VERTEX_POINT('',#3685);
#1118=VERTEX_POINT('',#3687);
#1119=VERTEX_POINT('',#3691);
#1120=VERTEX_POINT('',#3693);
#1121=VERTEX_POINT('',#3697);
#1122=VERTEX_POINT('',#3699);
#1123=VERTEX_POINT('',#3703);
#1124=VERTEX_POINT('',#3705);
#1125=VERTEX_POINT('',#3709);
#1126=VERTEX_POINT('',#3711);
#1127=VERTEX_POINT('',#3715);
#1128=VERTEX_POINT('',#3717);
#1129=VERTEX_POINT('',#3721);
#1130=VERTEX_POINT('',#3723);
#1131=VERTEX_POINT('',#3727);
#1132=VERTEX_POINT('',#3729);
#1133=VERTEX_POINT('',#3733);
#1134=VERTEX_POINT('',#3735);
#1135=VERTEX_POINT('',#3739);
#1136=VERTEX_POINT('',#3741);
#1137=VERTEX_POINT('',#3745);
#1138=VERTEX_POINT('',#3747);
#1139=VERTEX_POINT('',#3751);
#1140=VERTEX_POINT('',#3753);
#1141=VERTEX_POINT('',#3757);
#1142=VERTEX_POINT('',#3759);
#1143=VERTEX_POINT('',#3763);
#1144=VERTEX_POINT('',#3765);
#1145=VERTEX_POINT('',#3772);
#1146=VERTEX_POINT('',#3774);
#1147=VERTEX_POINT('',#3778);
#1148=VERTEX_POINT('',#3780);
#1149=VERTEX_POINT('',#3784);
#1150=VERTEX_POINT('',#3786);
#1151=VERTEX_POINT('',#3790);
#1152=VERTEX_POINT('',#3792);
#1153=VERTEX_POINT('',#3796);
#1154=VERTEX_POINT('',#3798);
#1155=VERTEX_POINT('',#3802);
#1156=VERTEX_POINT('',#3804);
#1157=VERTEX_POINT('',#3808);
#1158=VERTEX_POINT('',#3810);
#1159=VERTEX_POINT('',#3820);
#1160=VERTEX_POINT('',#3821);
#1161=VERTEX_POINT('',#3823);
#1162=VERTEX_POINT('',#3825);
#1163=VERTEX_POINT('',#3829);
#1164=VERTEX_POINT('',#3831);
#1165=VERTEX_POINT('',#3835);
#1166=VERTEX_POINT('',#3837);
#1167=EDGE_CURVE('',#951,#952,#303,.T.);
#1168=EDGE_CURVE('',#951,#953,#304,.T.);
#1169=EDGE_CURVE('',#954,#953,#305,.T.);
#1170=EDGE_CURVE('',#952,#954,#306,.T.);
#1171=EDGE_CURVE('',#952,#955,#307,.T.);
#1172=EDGE_CURVE('',#956,#954,#308,.T.);
#1173=EDGE_CURVE('',#955,#956,#309,.T.);
#1174=EDGE_CURVE('',#955,#957,#310,.T.);
#1175=EDGE_CURVE('',#958,#956,#311,.T.);
#1176=EDGE_CURVE('',#957,#958,#312,.T.);
#1177=EDGE_CURVE('',#957,#951,#313,.T.);
#1178=EDGE_CURVE('',#953,#958,#314,.T.);
#1179=EDGE_CURVE('',#959,#960,#315,.T.);
#1180=EDGE_CURVE('',#959,#961,#316,.T.);
#1181=EDGE_CURVE('',#962,#961,#317,.T.);
#1182=EDGE_CURVE('',#960,#962,#318,.T.);
#1183=EDGE_CURVE('',#963,#960,#319,.T.);
#1184=EDGE_CURVE('',#964,#962,#320,.T.);
#1185=EDGE_CURVE('',#963,#964,#321,.T.);
#1186=EDGE_CURVE('',#965,#963,#322,.T.);
#1187=EDGE_CURVE('',#966,#964,#323,.T.);
#1188=EDGE_CURVE('',#965,#966,#324,.T.);
#1189=EDGE_CURVE('',#965,#967,#325,.T.);
#1190=EDGE_CURVE('',#968,#966,#326,.T.);
#1191=EDGE_CURVE('',#967,#968,#327,.T.);
#1192=EDGE_CURVE('',#967,#969,#328,.T.);
#1193=EDGE_CURVE('',#970,#968,#329,.T.);
#1194=EDGE_CURVE('',#969,#970,#330,.T.);
#1195=EDGE_CURVE('',#969,#971,#331,.T.);
#1196=EDGE_CURVE('',#972,#970,#332,.T.);
#1197=EDGE_CURVE('',#971,#972,#333,.T.);
#1198=EDGE_CURVE('',#971,#973,#334,.T.);
#1199=EDGE_CURVE('',#974,#972,#335,.T.);
#1200=EDGE_CURVE('',#973,#974,#336,.T.);
#1201=EDGE_CURVE('',#973,#975,#337,.T.);
#1202=EDGE_CURVE('',#976,#974,#338,.T.);
#1203=EDGE_CURVE('',#975,#976,#339,.T.);
#1204=EDGE_CURVE('',#975,#977,#340,.T.);
#1205=EDGE_CURVE('',#978,#976,#341,.T.);
#1206=EDGE_CURVE('',#977,#978,#342,.T.);
#1207=EDGE_CURVE('',#977,#979,#343,.T.);
#1208=EDGE_CURVE('',#980,#978,#344,.T.);
#1209=EDGE_CURVE('',#979,#980,#345,.T.);
#1210=EDGE_CURVE('',#979,#981,#346,.T.);
#1211=EDGE_CURVE('',#982,#980,#347,.T.);
#1212=EDGE_CURVE('',#981,#982,#348,.T.);
#1213=EDGE_CURVE('',#981,#983,#349,.T.);
#1214=EDGE_CURVE('',#984,#982,#350,.T.);
#1215=EDGE_CURVE('',#983,#984,#351,.T.);
#1216=EDGE_CURVE('',#983,#985,#352,.T.);
#1217=EDGE_CURVE('',#986,#984,#353,.T.);
#1218=EDGE_CURVE('',#985,#986,#354,.T.);
#1219=EDGE_CURVE('',#985,#987,#355,.T.);
#1220=EDGE_CURVE('',#988,#986,#356,.T.);
#1221=EDGE_CURVE('',#987,#988,#357,.T.);
#1222=EDGE_CURVE('',#987,#989,#358,.T.);
#1223=EDGE_CURVE('',#990,#988,#359,.T.);
#1224=EDGE_CURVE('',#989,#990,#360,.T.);
#1225=EDGE_CURVE('',#989,#991,#361,.T.);
#1226=EDGE_CURVE('',#992,#990,#362,.T.);
#1227=EDGE_CURVE('',#991,#992,#363,.T.);
#1228=EDGE_CURVE('',#991,#993,#364,.T.);
#1229=EDGE_CURVE('',#994,#992,#365,.T.);
#1230=EDGE_CURVE('',#993,#994,#366,.T.);
#1231=EDGE_CURVE('',#995,#993,#367,.T.);
#1232=EDGE_CURVE('',#996,#994,#368,.T.);
#1233=EDGE_CURVE('',#995,#996,#369,.T.);
#1234=EDGE_CURVE('',#997,#995,#370,.T.);
#1235=EDGE_CURVE('',#998,#996,#371,.T.);
#1236=EDGE_CURVE('',#997,#998,#372,.T.);
#1237=EDGE_CURVE('',#999,#997,#373,.T.);
#1238=EDGE_CURVE('',#1000,#998,#374,.T.);
#1239=EDGE_CURVE('',#999,#1000,#375,.T.);
#1240=EDGE_CURVE('',#999,#1001,#376,.T.);
#1241=EDGE_CURVE('',#1002,#1000,#377,.T.);
#1242=EDGE_CURVE('',#1001,#1002,#378,.T.);
#1243=EDGE_CURVE('',#1003,#1001,#379,.T.);
#1244=EDGE_CURVE('',#1004,#1002,#380,.T.);
#1245=EDGE_CURVE('',#1003,#1004,#381,.T.);
#1246=EDGE_CURVE('',#1005,#1003,#382,.T.);
#1247=EDGE_CURVE('',#1006,#1004,#383,.T.);
#1248=EDGE_CURVE('',#1005,#1006,#384,.T.);
#1249=EDGE_CURVE('',#959,#1005,#385,.T.);
#1250=EDGE_CURVE('',#961,#1006,#386,.T.);
#1251=EDGE_CURVE('',#1007,#1008,#387,.T.);
#1252=EDGE_CURVE('',#1007,#1009,#388,.T.);
#1253=EDGE_CURVE('',#1010,#1009,#389,.T.);
#1254=EDGE_CURVE('',#1008,#1010,#390,.T.);
#1255=EDGE_CURVE('',#1009,#1011,#391,.T.);
#1256=EDGE_CURVE('',#1011,#1012,#392,.T.);
#1257=EDGE_CURVE('',#1012,#1010,#393,.T.);
#1258=EDGE_CURVE('',#1013,#1008,#394,.T.);
#1259=EDGE_CURVE('',#1014,#1013,#395,.T.);
#1260=EDGE_CURVE('',#1007,#1014,#396,.T.);
#1261=EDGE_CURVE('',#1014,#1015,#397,.T.);
#1262=EDGE_CURVE('',#1016,#1013,#398,.T.);
#1263=EDGE_CURVE('',#1015,#1016,#399,.T.);
#1264=EDGE_CURVE('',#1015,#1017,#400,.T.);
#1265=EDGE_CURVE('',#1018,#1016,#401,.T.);
#1266=EDGE_CURVE('',#1017,#1018,#402,.T.);
#1267=EDGE_CURVE('',#1017,#1019,#403,.T.);
#1268=EDGE_CURVE('',#1020,#1018,#404,.T.);
#1269=EDGE_CURVE('',#1019,#1020,#405,.T.);
#1270=EDGE_CURVE('',#1019,#1021,#406,.T.);
#1271=EDGE_CURVE('',#1022,#1020,#407,.T.);
#1272=EDGE_CURVE('',#1021,#1022,#408,.T.);
#1273=EDGE_CURVE('',#1021,#1023,#409,.T.);
#1274=EDGE_CURVE('',#1024,#1022,#410,.T.);
#1275=EDGE_CURVE('',#1023,#1024,#411,.T.);
#1276=EDGE_CURVE('',#1023,#1025,#412,.T.);
#1277=EDGE_CURVE('',#1026,#1024,#413,.T.);
#1278=EDGE_CURVE('',#1025,#1026,#414,.T.);
#1279=EDGE_CURVE('',#1025,#1027,#415,.T.);
#1280=EDGE_CURVE('',#1028,#1026,#416,.T.);
#1281=EDGE_CURVE('',#1027,#1028,#417,.T.);
#1282=EDGE_CURVE('',#1027,#1029,#418,.T.);
#1283=EDGE_CURVE('',#1030,#1028,#419,.T.);
#1284=EDGE_CURVE('',#1029,#1030,#420,.T.);
#1285=EDGE_CURVE('',#1029,#1031,#421,.T.);
#1286=EDGE_CURVE('',#1032,#1030,#422,.T.);
#1287=EDGE_CURVE('',#1031,#1032,#423,.T.);
#1288=EDGE_CURVE('',#1031,#1033,#424,.T.);
#1289=EDGE_CURVE('',#1034,#1032,#425,.T.);
#1290=EDGE_CURVE('',#1033,#1034,#426,.T.);
#1291=EDGE_CURVE('',#1033,#1035,#427,.T.);
#1292=EDGE_CURVE('',#1036,#1034,#428,.T.);
#1293=EDGE_CURVE('',#1035,#1036,#429,.T.);
#1294=EDGE_CURVE('',#1035,#1037,#430,.T.);
#1295=EDGE_CURVE('',#1038,#1036,#431,.T.);
#1296=EDGE_CURVE('',#1037,#1038,#432,.T.);
#1297=EDGE_CURVE('',#1037,#1039,#433,.T.);
#1298=EDGE_CURVE('',#1040,#1038,#434,.T.);
#1299=EDGE_CURVE('',#1039,#1040,#435,.T.);
#1300=EDGE_CURVE('',#1041,#1039,#436,.T.);
#1301=EDGE_CURVE('',#1042,#1040,#437,.T.);
#1302=EDGE_CURVE('',#1041,#1042,#438,.T.);
#1303=EDGE_CURVE('',#1043,#1041,#439,.T.);
#1304=EDGE_CURVE('',#1044,#1042,#440,.T.);
#1305=EDGE_CURVE('',#1043,#1044,#441,.T.);
#1306=EDGE_CURVE('',#1045,#1043,#442,.T.);
#1307=EDGE_CURVE('',#1046,#1044,#443,.T.);
#1308=EDGE_CURVE('',#1045,#1046,#444,.T.);
#1309=EDGE_CURVE('',#1045,#1047,#445,.T.);
#1310=EDGE_CURVE('',#1048,#1046,#446,.T.);
#1311=EDGE_CURVE('',#1047,#1048,#447,.T.);
#1312=EDGE_CURVE('',#1049,#1047,#448,.T.);
#1313=EDGE_CURVE('',#1050,#1048,#449,.T.);
#1314=EDGE_CURVE('',#1049,#1050,#450,.T.);
#1315=EDGE_CURVE('',#1051,#1049,#451,.T.);
#1316=EDGE_CURVE('',#1052,#1050,#452,.T.);
#1317=EDGE_CURVE('',#1051,#1052,#453,.T.);
#1318=EDGE_CURVE('',#1053,#1051,#454,.T.);
#1319=EDGE_CURVE('',#1054,#1052,#455,.T.);
#1320=EDGE_CURVE('',#1053,#1054,#456,.T.);
#1321=EDGE_CURVE('',#1053,#1055,#457,.T.);
#1322=EDGE_CURVE('',#1056,#1054,#458,.T.);
#1323=EDGE_CURVE('',#1055,#1056,#459,.T.);
#1324=EDGE_CURVE('',#1057,#1055,#460,.T.);
#1325=EDGE_CURVE('',#1058,#1056,#461,.T.);
#1326=EDGE_CURVE('',#1057,#1058,#462,.T.);
#1327=EDGE_CURVE('',#1057,#1011,#463,.T.);
#1328=EDGE_CURVE('',#1058,#1012,#464,.T.);
#1329=EDGE_CURVE('',#1059,#1060,#465,.T.);
#1330=EDGE_CURVE('',#1059,#1061,#466,.T.);
#1331=EDGE_CURVE('',#1062,#1061,#467,.T.);
#1332=EDGE_CURVE('',#1060,#1062,#468,.T.);
#1333=EDGE_CURVE('',#1061,#1063,#469,.T.);
#1334=EDGE_CURVE('',#1063,#1064,#470,.T.);
#1335=EDGE_CURVE('',#1064,#1062,#471,.T.);
#1336=EDGE_CURVE('',#1060,#1065,#472,.T.);
#1337=EDGE_CURVE('',#1065,#1066,#473,.T.);
#1338=EDGE_CURVE('',#1066,#1059,#474,.T.);
#1339=EDGE_CURVE('',#1065,#1067,#475,.T.);
#1340=EDGE_CURVE('',#1067,#1068,#476,.T.);
#1341=EDGE_CURVE('',#1068,#1066,#477,.T.);
#1342=EDGE_CURVE('',#1067,#1069,#478,.T.);
#1343=EDGE_CURVE('',#1069,#1070,#479,.T.);
#1344=EDGE_CURVE('',#1070,#1068,#480,.T.);
#1345=EDGE_CURVE('',#1069,#1071,#481,.T.);
#1346=EDGE_CURVE('',#1071,#1072,#482,.T.);
#1347=EDGE_CURVE('',#1072,#1070,#483,.T.);
#1348=EDGE_CURVE('',#1071,#1073,#484,.T.);
#1349=EDGE_CURVE('',#1073,#1074,#485,.T.);
#1350=EDGE_CURVE('',#1074,#1072,#486,.T.);
#1351=EDGE_CURVE('',#1073,#1075,#487,.T.);
#1352=EDGE_CURVE('',#1075,#1076,#488,.T.);
#1353=EDGE_CURVE('',#1076,#1074,#489,.T.);
#1354=EDGE_CURVE('',#1075,#1077,#490,.T.);
#1355=EDGE_CURVE('',#1077,#1078,#491,.T.);
#1356=EDGE_CURVE('',#1078,#1076,#492,.T.);
#1357=EDGE_CURVE('',#1077,#1079,#493,.T.);
#1358=EDGE_CURVE('',#1079,#1080,#494,.T.);
#1359=EDGE_CURVE('',#1080,#1078,#495,.T.);
#1360=EDGE_CURVE('',#1079,#1081,#496,.T.);
#1361=EDGE_CURVE('',#1081,#1082,#497,.T.);
#1362=EDGE_CURVE('',#1082,#1080,#498,.T.);
#1363=EDGE_CURVE('',#1081,#1083,#499,.T.);
#1364=EDGE_CURVE('',#1083,#1084,#500,.T.);
#1365=EDGE_CURVE('',#1084,#1082,#501,.T.);
#1366=EDGE_CURVE('',#1083,#1085,#502,.T.);
#1367=EDGE_CURVE('',#1085,#1086,#503,.T.);
#1368=EDGE_CURVE('',#1086,#1084,#504,.T.);
#1369=EDGE_CURVE('',#1085,#1087,#505,.T.);
#1370=EDGE_CURVE('',#1087,#1088,#506,.T.);
#1371=EDGE_CURVE('',#1088,#1086,#507,.T.);
#1372=EDGE_CURVE('',#1087,#1089,#508,.T.);
#1373=EDGE_CURVE('',#1089,#1090,#509,.T.);
#1374=EDGE_CURVE('',#1090,#1088,#510,.T.);
#1375=EDGE_CURVE('',#1089,#1091,#511,.T.);
#1376=EDGE_CURVE('',#1091,#1092,#512,.T.);
#1377=EDGE_CURVE('',#1092,#1090,#513,.T.);
#1378=EDGE_CURVE('',#1093,#1091,#514,.T.);
#1379=EDGE_CURVE('',#1093,#1094,#515,.T.);
#1380=EDGE_CURVE('',#1094,#1092,#516,.T.);
#1381=EDGE_CURVE('',#1095,#1093,#517,.T.);
#1382=EDGE_CURVE('',#1095,#1096,#518,.T.);
#1383=EDGE_CURVE('',#1096,#1094,#519,.T.);
#1384=EDGE_CURVE('',#1097,#1095,#520,.T.);
#1385=EDGE_CURVE('',#1097,#1098,#521,.T.);
#1386=EDGE_CURVE('',#1098,#1096,#522,.T.);
#1387=EDGE_CURVE('',#1097,#1099,#523,.T.);
#1388=EDGE_CURVE('',#1099,#1100,#524,.T.);
#1389=EDGE_CURVE('',#1100,#1098,#525,.T.);
#1390=EDGE_CURVE('',#1101,#1099,#526,.T.);
#1391=EDGE_CURVE('',#1101,#1102,#527,.T.);
#1392=EDGE_CURVE('',#1102,#1100,#528,.T.);
#1393=EDGE_CURVE('',#1103,#1101,#529,.T.);
#1394=EDGE_CURVE('',#1103,#1104,#530,.T.);
#1395=EDGE_CURVE('',#1104,#1102,#531,.T.);
#1396=EDGE_CURVE('',#1105,#1103,#532,.T.);
#1397=EDGE_CURVE('',#1105,#1106,#533,.T.);
#1398=EDGE_CURVE('',#1106,#1104,#534,.T.);
#1399=EDGE_CURVE('',#1105,#1107,#535,.T.);
#1400=EDGE_CURVE('',#1107,#1108,#536,.T.);
#1401=EDGE_CURVE('',#1108,#1106,#537,.T.);
#1402=EDGE_CURVE('',#1109,#1107,#538,.T.);
#1403=EDGE_CURVE('',#1109,#1110,#539,.T.);
#1404=EDGE_CURVE('',#1110,#1108,#540,.T.);
#1405=EDGE_CURVE('',#1064,#1109,#541,.T.);
#1406=EDGE_CURVE('',#1063,#1110,#542,.T.);
#1407=EDGE_CURVE('',#1111,#1112,#543,.T.);
#1408=EDGE_CURVE('',#1112,#1113,#544,.T.);
#1409=EDGE_CURVE('',#1113,#1114,#545,.T.);
#1410=EDGE_CURVE('',#1114,#1111,#546,.T.);
#1411=EDGE_CURVE('',#1115,#1116,#547,.T.);
#1412=EDGE_CURVE('',#1116,#1117,#548,.T.);
#1413=EDGE_CURVE('',#1117,#1118,#549,.T.);
#1414=EDGE_CURVE('',#1115,#1118,#550,.T.);
#1415=EDGE_CURVE('',#1119,#1116,#551,.T.);
#1416=EDGE_CURVE('',#1119,#1120,#552,.T.);
#1417=EDGE_CURVE('',#1120,#1117,#553,.T.);
#1418=EDGE_CURVE('',#1121,#1119,#554,.T.);
#1419=EDGE_CURVE('',#1121,#1122,#555,.T.);
#1420=EDGE_CURVE('',#1122,#1120,#556,.T.);
#1421=EDGE_CURVE('',#1121,#1123,#557,.T.);
#1422=EDGE_CURVE('',#1123,#1124,#558,.T.);
#1423=EDGE_CURVE('',#1124,#1122,#559,.T.);
#1424=EDGE_CURVE('',#1123,#1125,#560,.T.);
#1425=EDGE_CURVE('',#1125,#1126,#561,.T.);
#1426=EDGE_CURVE('',#1126,#1124,#562,.T.);
#1427=EDGE_CURVE('',#1125,#1127,#563,.T.);
#1428=EDGE_CURVE('',#1127,#1128,#564,.T.);
#1429=EDGE_CURVE('',#1128,#1126,#565,.T.);
#1430=EDGE_CURVE('',#1127,#1129,#566,.T.);
#1431=EDGE_CURVE('',#1129,#1130,#567,.T.);
#1432=EDGE_CURVE('',#1130,#1128,#568,.T.);
#1433=EDGE_CURVE('',#1129,#1131,#569,.T.);
#1434=EDGE_CURVE('',#1131,#1132,#570,.T.);
#1435=EDGE_CURVE('',#1132,#1130,#571,.T.);
#1436=EDGE_CURVE('',#1131,#1133,#572,.T.);
#1437=EDGE_CURVE('',#1133,#1134,#573,.T.);
#1438=EDGE_CURVE('',#1134,#1132,#574,.T.);
#1439=EDGE_CURVE('',#1133,#1135,#575,.T.);
#1440=EDGE_CURVE('',#1135,#1136,#576,.T.);
#1441=EDGE_CURVE('',#1136,#1134,#577,.T.);
#1442=EDGE_CURVE('',#1135,#1137,#578,.T.);
#1443=EDGE_CURVE('',#1137,#1138,#579,.T.);
#1444=EDGE_CURVE('',#1138,#1136,#580,.T.);
#1445=EDGE_CURVE('',#1137,#1139,#581,.T.);
#1446=EDGE_CURVE('',#1139,#1140,#582,.T.);
#1447=EDGE_CURVE('',#1140,#1138,#583,.T.);
#1448=EDGE_CURVE('',#1139,#1141,#584,.T.);
#1449=EDGE_CURVE('',#1141,#1142,#585,.T.);
#1450=EDGE_CURVE('',#1142,#1140,#586,.T.);
#1451=EDGE_CURVE('',#1141,#1143,#587,.T.);
#1452=EDGE_CURVE('',#1143,#1144,#588,.T.);
#1453=EDGE_CURVE('',#1144,#1142,#589,.T.);
#1454=EDGE_CURVE('',#1143,#1111,#590,.T.);
#1455=EDGE_CURVE('',#1114,#1144,#591,.T.);
#1456=EDGE_CURVE('',#1112,#1145,#592,.T.);
#1457=EDGE_CURVE('',#1145,#1146,#593,.T.);
#1458=EDGE_CURVE('',#1146,#1113,#594,.T.);
#1459=EDGE_CURVE('',#1147,#1145,#595,.T.);
#1460=EDGE_CURVE('',#1147,#1148,#596,.T.);
#1461=EDGE_CURVE('',#1148,#1146,#597,.T.);
#1462=EDGE_CURVE('',#1149,#1147,#598,.T.);
#1463=EDGE_CURVE('',#1149,#1150,#599,.T.);
#1464=EDGE_CURVE('',#1150,#1148,#600,.T.);
#1465=EDGE_CURVE('',#1151,#1149,#601,.T.);
#1466=EDGE_CURVE('',#1151,#1152,#602,.T.);
#1467=EDGE_CURVE('',#1152,#1150,#603,.T.);
#1468=EDGE_CURVE('',#1151,#1153,#604,.T.);
#1469=EDGE_CURVE('',#1153,#1154,#605,.T.);
#1470=EDGE_CURVE('',#1154,#1152,#606,.T.);
#1471=EDGE_CURVE('',#1155,#1153,#607,.T.);
#1472=EDGE_CURVE('',#1155,#1156,#608,.T.);
#1473=EDGE_CURVE('',#1156,#1154,#609,.T.);
#1474=EDGE_CURVE('',#1157,#1155,#610,.T.);
#1475=EDGE_CURVE('',#1157,#1158,#611,.T.);
#1476=EDGE_CURVE('',#1158,#1156,#612,.T.);
#1477=EDGE_CURVE('',#1115,#1157,#613,.T.);
#1478=EDGE_CURVE('',#1118,#1158,#614,.T.);
#1479=EDGE_CURVE('',#1159,#1160,#615,.T.);
#1480=EDGE_CURVE('',#1159,#1161,#616,.F.);
#1481=EDGE_CURVE('',#1162,#1161,#617,.T.);
#1482=EDGE_CURVE('',#1160,#1162,#618,.T.);
#1483=EDGE_CURVE('',#1160,#1163,#619,.T.);
#1484=EDGE_CURVE('',#1164,#1162,#620,.T.);
#1485=EDGE_CURVE('',#1163,#1164,#621,.T.);
#1486=EDGE_CURVE('',#1163,#1165,#622,.T.);
#1487=EDGE_CURVE('',#1166,#1164,#623,.T.);
#1488=EDGE_CURVE('',#1165,#1166,#624,.T.);
#1489=EDGE_CURVE('',#1165,#1159,#625,.T.);
#1490=EDGE_CURVE('',#1161,#1166,#626,.F.);
#1491=ORIENTED_EDGE('',*,*,#1167,.F.);
#1492=ORIENTED_EDGE('',*,*,#1168,.T.);
#1493=ORIENTED_EDGE('',*,*,#1169,.F.);
#1494=ORIENTED_EDGE('',*,*,#1170,.F.);
#1495=ORIENTED_EDGE('',*,*,#1171,.F.);
#1496=ORIENTED_EDGE('',*,*,#1170,.T.);
#1497=ORIENTED_EDGE('',*,*,#1172,.F.);
#1498=ORIENTED_EDGE('',*,*,#1173,.F.);
#1499=ORIENTED_EDGE('',*,*,#1174,.F.);
#1500=ORIENTED_EDGE('',*,*,#1173,.T.);
#1501=ORIENTED_EDGE('',*,*,#1175,.F.);
#1502=ORIENTED_EDGE('',*,*,#1176,.F.);
#1503=ORIENTED_EDGE('',*,*,#1177,.F.);
#1504=ORIENTED_EDGE('',*,*,#1176,.T.);
#1505=ORIENTED_EDGE('',*,*,#1178,.F.);
#1506=ORIENTED_EDGE('',*,*,#1168,.F.);
#1507=ORIENTED_EDGE('',*,*,#1177,.T.);
#1508=ORIENTED_EDGE('',*,*,#1167,.T.);
#1509=ORIENTED_EDGE('',*,*,#1171,.T.);
#1510=ORIENTED_EDGE('',*,*,#1174,.T.);
#1511=ORIENTED_EDGE('',*,*,#1178,.T.);
#1512=ORIENTED_EDGE('',*,*,#1175,.T.);
#1513=ORIENTED_EDGE('',*,*,#1172,.T.);
#1514=ORIENTED_EDGE('',*,*,#1169,.T.);
#1515=ORIENTED_EDGE('',*,*,#1179,.F.);
#1516=ORIENTED_EDGE('',*,*,#1180,.T.);
#1517=ORIENTED_EDGE('',*,*,#1181,.F.);
#1518=ORIENTED_EDGE('',*,*,#1182,.F.);
#1519=ORIENTED_EDGE('',*,*,#1183,.T.);
#1520=ORIENTED_EDGE('',*,*,#1182,.T.);
#1521=ORIENTED_EDGE('',*,*,#1184,.F.);
#1522=ORIENTED_EDGE('',*,*,#1185,.F.);
#1523=ORIENTED_EDGE('',*,*,#1186,.T.);
#1524=ORIENTED_EDGE('',*,*,#1185,.T.);
#1525=ORIENTED_EDGE('',*,*,#1187,.F.);
#1526=ORIENTED_EDGE('',*,*,#1188,.F.);
#1527=ORIENTED_EDGE('',*,*,#1189,.F.);
#1528=ORIENTED_EDGE('',*,*,#1188,.T.);
#1529=ORIENTED_EDGE('',*,*,#1190,.F.);
#1530=ORIENTED_EDGE('',*,*,#1191,.F.);
#1531=ORIENTED_EDGE('',*,*,#1192,.F.);
#1532=ORIENTED_EDGE('',*,*,#1191,.T.);
#1533=ORIENTED_EDGE('',*,*,#1193,.F.);
#1534=ORIENTED_EDGE('',*,*,#1194,.F.);
#1535=ORIENTED_EDGE('',*,*,#1195,.F.);
#1536=ORIENTED_EDGE('',*,*,#1194,.T.);
#1537=ORIENTED_EDGE('',*,*,#1196,.F.);
#1538=ORIENTED_EDGE('',*,*,#1197,.F.);
#1539=ORIENTED_EDGE('',*,*,#1198,.F.);
#1540=ORIENTED_EDGE('',*,*,#1197,.T.);
#1541=ORIENTED_EDGE('',*,*,#1199,.F.);
#1542=ORIENTED_EDGE('',*,*,#1200,.F.);
#1543=ORIENTED_EDGE('',*,*,#1201,.F.);
#1544=ORIENTED_EDGE('',*,*,#1200,.T.);
#1545=ORIENTED_EDGE('',*,*,#1202,.F.);
#1546=ORIENTED_EDGE('',*,*,#1203,.F.);
#1547=ORIENTED_EDGE('',*,*,#1204,.F.);
#1548=ORIENTED_EDGE('',*,*,#1203,.T.);
#1549=ORIENTED_EDGE('',*,*,#1205,.F.);
#1550=ORIENTED_EDGE('',*,*,#1206,.F.);
#1551=ORIENTED_EDGE('',*,*,#1207,.F.);
#1552=ORIENTED_EDGE('',*,*,#1206,.T.);
#1553=ORIENTED_EDGE('',*,*,#1208,.F.);
#1554=ORIENTED_EDGE('',*,*,#1209,.F.);
#1555=ORIENTED_EDGE('',*,*,#1210,.F.);
#1556=ORIENTED_EDGE('',*,*,#1209,.T.);
#1557=ORIENTED_EDGE('',*,*,#1211,.F.);
#1558=ORIENTED_EDGE('',*,*,#1212,.F.);
#1559=ORIENTED_EDGE('',*,*,#1213,.F.);
#1560=ORIENTED_EDGE('',*,*,#1212,.T.);
#1561=ORIENTED_EDGE('',*,*,#1214,.F.);
#1562=ORIENTED_EDGE('',*,*,#1215,.F.);
#1563=ORIENTED_EDGE('',*,*,#1216,.F.);
#1564=ORIENTED_EDGE('',*,*,#1215,.T.);
#1565=ORIENTED_EDGE('',*,*,#1217,.F.);
#1566=ORIENTED_EDGE('',*,*,#1218,.F.);
#1567=ORIENTED_EDGE('',*,*,#1219,.F.);
#1568=ORIENTED_EDGE('',*,*,#1218,.T.);
#1569=ORIENTED_EDGE('',*,*,#1220,.F.);
#1570=ORIENTED_EDGE('',*,*,#1221,.F.);
#1571=ORIENTED_EDGE('',*,*,#1222,.F.);
#1572=ORIENTED_EDGE('',*,*,#1221,.T.);
#1573=ORIENTED_EDGE('',*,*,#1223,.F.);
#1574=ORIENTED_EDGE('',*,*,#1224,.F.);
#1575=ORIENTED_EDGE('',*,*,#1225,.F.);
#1576=ORIENTED_EDGE('',*,*,#1224,.T.);
#1577=ORIENTED_EDGE('',*,*,#1226,.F.);
#1578=ORIENTED_EDGE('',*,*,#1227,.F.);
#1579=ORIENTED_EDGE('',*,*,#1228,.F.);
#1580=ORIENTED_EDGE('',*,*,#1227,.T.);
#1581=ORIENTED_EDGE('',*,*,#1229,.F.);
#1582=ORIENTED_EDGE('',*,*,#1230,.F.);
#1583=ORIENTED_EDGE('',*,*,#1231,.T.);
#1584=ORIENTED_EDGE('',*,*,#1230,.T.);
#1585=ORIENTED_EDGE('',*,*,#1232,.F.);
#1586=ORIENTED_EDGE('',*,*,#1233,.F.);
#1587=ORIENTED_EDGE('',*,*,#1234,.T.);
#1588=ORIENTED_EDGE('',*,*,#1233,.T.);
#1589=ORIENTED_EDGE('',*,*,#1235,.F.);
#1590=ORIENTED_EDGE('',*,*,#1236,.F.);
#1591=ORIENTED_EDGE('',*,*,#1237,.T.);
#1592=ORIENTED_EDGE('',*,*,#1236,.T.);
#1593=ORIENTED_EDGE('',*,*,#1238,.F.);
#1594=ORIENTED_EDGE('',*,*,#1239,.F.);
#1595=ORIENTED_EDGE('',*,*,#1240,.F.);
#1596=ORIENTED_EDGE('',*,*,#1239,.T.);
#1597=ORIENTED_EDGE('',*,*,#1241,.F.);
#1598=ORIENTED_EDGE('',*,*,#1242,.F.);
#1599=ORIENTED_EDGE('',*,*,#1243,.T.);
#1600=ORIENTED_EDGE('',*,*,#1242,.T.);
#1601=ORIENTED_EDGE('',*,*,#1244,.F.);
#1602=ORIENTED_EDGE('',*,*,#1245,.F.);
#1603=ORIENTED_EDGE('',*,*,#1246,.T.);
#1604=ORIENTED_EDGE('',*,*,#1245,.T.);
#1605=ORIENTED_EDGE('',*,*,#1247,.F.);
#1606=ORIENTED_EDGE('',*,*,#1248,.F.);
#1607=ORIENTED_EDGE('',*,*,#1249,.T.);
#1608=ORIENTED_EDGE('',*,*,#1248,.T.);
#1609=ORIENTED_EDGE('',*,*,#1250,.F.);
#1610=ORIENTED_EDGE('',*,*,#1180,.F.);
#1611=ORIENTED_EDGE('',*,*,#1250,.T.);
#1612=ORIENTED_EDGE('',*,*,#1247,.T.);
#1613=ORIENTED_EDGE('',*,*,#1244,.T.);
#1614=ORIENTED_EDGE('',*,*,#1241,.T.);
#1615=ORIENTED_EDGE('',*,*,#1238,.T.);
#1616=ORIENTED_EDGE('',*,*,#1235,.T.);
#1617=ORIENTED_EDGE('',*,*,#1232,.T.);
#1618=ORIENTED_EDGE('',*,*,#1229,.T.);
#1619=ORIENTED_EDGE('',*,*,#1226,.T.);
#1620=ORIENTED_EDGE('',*,*,#1223,.T.);
#1621=ORIENTED_EDGE('',*,*,#1220,.T.);
#1622=ORIENTED_EDGE('',*,*,#1217,.T.);
#1623=ORIENTED_EDGE('',*,*,#1214,.T.);
#1624=ORIENTED_EDGE('',*,*,#1211,.T.);
#1625=ORIENTED_EDGE('',*,*,#1208,.T.);
#1626=ORIENTED_EDGE('',*,*,#1205,.T.);
#1627=ORIENTED_EDGE('',*,*,#1202,.T.);
#1628=ORIENTED_EDGE('',*,*,#1199,.T.);
#1629=ORIENTED_EDGE('',*,*,#1196,.T.);
#1630=ORIENTED_EDGE('',*,*,#1193,.T.);
#1631=ORIENTED_EDGE('',*,*,#1190,.T.);
#1632=ORIENTED_EDGE('',*,*,#1187,.T.);
#1633=ORIENTED_EDGE('',*,*,#1184,.T.);
#1634=ORIENTED_EDGE('',*,*,#1181,.T.);
#1635=ORIENTED_EDGE('',*,*,#1249,.F.);
#1636=ORIENTED_EDGE('',*,*,#1179,.T.);
#1637=ORIENTED_EDGE('',*,*,#1183,.F.);
#1638=ORIENTED_EDGE('',*,*,#1186,.F.);
#1639=ORIENTED_EDGE('',*,*,#1189,.T.);
#1640=ORIENTED_EDGE('',*,*,#1192,.T.);
#1641=ORIENTED_EDGE('',*,*,#1195,.T.);
#1642=ORIENTED_EDGE('',*,*,#1198,.T.);
#1643=ORIENTED_EDGE('',*,*,#1201,.T.);
#1644=ORIENTED_EDGE('',*,*,#1204,.T.);
#1645=ORIENTED_EDGE('',*,*,#1207,.T.);
#1646=ORIENTED_EDGE('',*,*,#1210,.T.);
#1647=ORIENTED_EDGE('',*,*,#1213,.T.);
#1648=ORIENTED_EDGE('',*,*,#1216,.T.);
#1649=ORIENTED_EDGE('',*,*,#1219,.T.);
#1650=ORIENTED_EDGE('',*,*,#1222,.T.);
#1651=ORIENTED_EDGE('',*,*,#1225,.T.);
#1652=ORIENTED_EDGE('',*,*,#1228,.T.);
#1653=ORIENTED_EDGE('',*,*,#1231,.F.);
#1654=ORIENTED_EDGE('',*,*,#1234,.F.);
#1655=ORIENTED_EDGE('',*,*,#1237,.F.);
#1656=ORIENTED_EDGE('',*,*,#1240,.T.);
#1657=ORIENTED_EDGE('',*,*,#1243,.F.);
#1658=ORIENTED_EDGE('',*,*,#1246,.F.);
#1659=ORIENTED_EDGE('',*,*,#1251,.F.);
#1660=ORIENTED_EDGE('',*,*,#1252,.T.);
#1661=ORIENTED_EDGE('',*,*,#1253,.F.);
#1662=ORIENTED_EDGE('',*,*,#1254,.F.);
#1663=ORIENTED_EDGE('',*,*,#1253,.T.);
#1664=ORIENTED_EDGE('',*,*,#1255,.T.);
#1665=ORIENTED_EDGE('',*,*,#1256,.T.);
#1666=ORIENTED_EDGE('',*,*,#1257,.T.);
#1667=ORIENTED_EDGE('',*,*,#1251,.T.);
#1668=ORIENTED_EDGE('',*,*,#1258,.F.);
#1669=ORIENTED_EDGE('',*,*,#1259,.F.);
#1670=ORIENTED_EDGE('',*,*,#1260,.F.);
#1671=ORIENTED_EDGE('',*,*,#1261,.F.);
#1672=ORIENTED_EDGE('',*,*,#1259,.T.);
#1673=ORIENTED_EDGE('',*,*,#1262,.F.);
#1674=ORIENTED_EDGE('',*,*,#1263,.F.);
#1675=ORIENTED_EDGE('',*,*,#1264,.F.);
#1676=ORIENTED_EDGE('',*,*,#1263,.T.);
#1677=ORIENTED_EDGE('',*,*,#1265,.F.);
#1678=ORIENTED_EDGE('',*,*,#1266,.F.);
#1679=ORIENTED_EDGE('',*,*,#1267,.F.);
#1680=ORIENTED_EDGE('',*,*,#1266,.T.);
#1681=ORIENTED_EDGE('',*,*,#1268,.F.);
#1682=ORIENTED_EDGE('',*,*,#1269,.F.);
#1683=ORIENTED_EDGE('',*,*,#1270,.F.);
#1684=ORIENTED_EDGE('',*,*,#1269,.T.);
#1685=ORIENTED_EDGE('',*,*,#1271,.F.);
#1686=ORIENTED_EDGE('',*,*,#1272,.F.);
#1687=ORIENTED_EDGE('',*,*,#1273,.F.);
#1688=ORIENTED_EDGE('',*,*,#1272,.T.);
#1689=ORIENTED_EDGE('',*,*,#1274,.F.);
#1690=ORIENTED_EDGE('',*,*,#1275,.F.);
#1691=ORIENTED_EDGE('',*,*,#1276,.F.);
#1692=ORIENTED_EDGE('',*,*,#1275,.T.);
#1693=ORIENTED_EDGE('',*,*,#1277,.F.);
#1694=ORIENTED_EDGE('',*,*,#1278,.F.);
#1695=ORIENTED_EDGE('',*,*,#1279,.F.);
#1696=ORIENTED_EDGE('',*,*,#1278,.T.);
#1697=ORIENTED_EDGE('',*,*,#1280,.F.);
#1698=ORIENTED_EDGE('',*,*,#1281,.F.);
#1699=ORIENTED_EDGE('',*,*,#1282,.F.);
#1700=ORIENTED_EDGE('',*,*,#1281,.T.);
#1701=ORIENTED_EDGE('',*,*,#1283,.F.);
#1702=ORIENTED_EDGE('',*,*,#1284,.F.);
#1703=ORIENTED_EDGE('',*,*,#1285,.F.);
#1704=ORIENTED_EDGE('',*,*,#1284,.T.);
#1705=ORIENTED_EDGE('',*,*,#1286,.F.);
#1706=ORIENTED_EDGE('',*,*,#1287,.F.);
#1707=ORIENTED_EDGE('',*,*,#1288,.F.);
#1708=ORIENTED_EDGE('',*,*,#1287,.T.);
#1709=ORIENTED_EDGE('',*,*,#1289,.F.);
#1710=ORIENTED_EDGE('',*,*,#1290,.F.);
#1711=ORIENTED_EDGE('',*,*,#1291,.F.);
#1712=ORIENTED_EDGE('',*,*,#1290,.T.);
#1713=ORIENTED_EDGE('',*,*,#1292,.F.);
#1714=ORIENTED_EDGE('',*,*,#1293,.F.);
#1715=ORIENTED_EDGE('',*,*,#1294,.F.);
#1716=ORIENTED_EDGE('',*,*,#1293,.T.);
#1717=ORIENTED_EDGE('',*,*,#1295,.F.);
#1718=ORIENTED_EDGE('',*,*,#1296,.F.);
#1719=ORIENTED_EDGE('',*,*,#1297,.F.);
#1720=ORIENTED_EDGE('',*,*,#1296,.T.);
#1721=ORIENTED_EDGE('',*,*,#1298,.F.);
#1722=ORIENTED_EDGE('',*,*,#1299,.F.);
#1723=ORIENTED_EDGE('',*,*,#1300,.T.);
#1724=ORIENTED_EDGE('',*,*,#1299,.T.);
#1725=ORIENTED_EDGE('',*,*,#1301,.F.);
#1726=ORIENTED_EDGE('',*,*,#1302,.F.);
#1727=ORIENTED_EDGE('',*,*,#1303,.T.);
#1728=ORIENTED_EDGE('',*,*,#1302,.T.);
#1729=ORIENTED_EDGE('',*,*,#1304,.F.);
#1730=ORIENTED_EDGE('',*,*,#1305,.F.);
#1731=ORIENTED_EDGE('',*,*,#1306,.T.);
#1732=ORIENTED_EDGE('',*,*,#1305,.T.);
#1733=ORIENTED_EDGE('',*,*,#1307,.F.);
#1734=ORIENTED_EDGE('',*,*,#1308,.F.);
#1735=ORIENTED_EDGE('',*,*,#1309,.F.);
#1736=ORIENTED_EDGE('',*,*,#1308,.T.);
#1737=ORIENTED_EDGE('',*,*,#1310,.F.);
#1738=ORIENTED_EDGE('',*,*,#1311,.F.);
#1739=ORIENTED_EDGE('',*,*,#1312,.T.);
#1740=ORIENTED_EDGE('',*,*,#1311,.T.);
#1741=ORIENTED_EDGE('',*,*,#1313,.F.);
#1742=ORIENTED_EDGE('',*,*,#1314,.F.);
#1743=ORIENTED_EDGE('',*,*,#1315,.T.);
#1744=ORIENTED_EDGE('',*,*,#1314,.T.);
#1745=ORIENTED_EDGE('',*,*,#1316,.F.);
#1746=ORIENTED_EDGE('',*,*,#1317,.F.);
#1747=ORIENTED_EDGE('',*,*,#1318,.T.);
#1748=ORIENTED_EDGE('',*,*,#1317,.T.);
#1749=ORIENTED_EDGE('',*,*,#1319,.F.);
#1750=ORIENTED_EDGE('',*,*,#1320,.F.);
#1751=ORIENTED_EDGE('',*,*,#1321,.F.);
#1752=ORIENTED_EDGE('',*,*,#1320,.T.);
#1753=ORIENTED_EDGE('',*,*,#1322,.F.);
#1754=ORIENTED_EDGE('',*,*,#1323,.F.);
#1755=ORIENTED_EDGE('',*,*,#1324,.T.);
#1756=ORIENTED_EDGE('',*,*,#1323,.T.);
#1757=ORIENTED_EDGE('',*,*,#1325,.F.);
#1758=ORIENTED_EDGE('',*,*,#1326,.F.);
#1759=ORIENTED_EDGE('',*,*,#1327,.F.);
#1760=ORIENTED_EDGE('',*,*,#1326,.T.);
#1761=ORIENTED_EDGE('',*,*,#1328,.T.);
#1762=ORIENTED_EDGE('',*,*,#1256,.F.);
#1763=ORIENTED_EDGE('',*,*,#1258,.T.);
#1764=ORIENTED_EDGE('',*,*,#1254,.T.);
#1765=ORIENTED_EDGE('',*,*,#1257,.F.);
#1766=ORIENTED_EDGE('',*,*,#1328,.F.);
#1767=ORIENTED_EDGE('',*,*,#1325,.T.);
#1768=ORIENTED_EDGE('',*,*,#1322,.T.);
#1769=ORIENTED_EDGE('',*,*,#1319,.T.);
#1770=ORIENTED_EDGE('',*,*,#1316,.T.);
#1771=ORIENTED_EDGE('',*,*,#1313,.T.);
#1772=ORIENTED_EDGE('',*,*,#1310,.T.);
#1773=ORIENTED_EDGE('',*,*,#1307,.T.);
#1774=ORIENTED_EDGE('',*,*,#1304,.T.);
#1775=ORIENTED_EDGE('',*,*,#1301,.T.);
#1776=ORIENTED_EDGE('',*,*,#1298,.T.);
#1777=ORIENTED_EDGE('',*,*,#1295,.T.);
#1778=ORIENTED_EDGE('',*,*,#1292,.T.);
#1779=ORIENTED_EDGE('',*,*,#1289,.T.);
#1780=ORIENTED_EDGE('',*,*,#1286,.T.);
#1781=ORIENTED_EDGE('',*,*,#1283,.T.);
#1782=ORIENTED_EDGE('',*,*,#1280,.T.);
#1783=ORIENTED_EDGE('',*,*,#1277,.T.);
#1784=ORIENTED_EDGE('',*,*,#1274,.T.);
#1785=ORIENTED_EDGE('',*,*,#1271,.T.);
#1786=ORIENTED_EDGE('',*,*,#1268,.T.);
#1787=ORIENTED_EDGE('',*,*,#1265,.T.);
#1788=ORIENTED_EDGE('',*,*,#1262,.T.);
#1789=ORIENTED_EDGE('',*,*,#1260,.T.);
#1790=ORIENTED_EDGE('',*,*,#1261,.T.);
#1791=ORIENTED_EDGE('',*,*,#1264,.T.);
#1792=ORIENTED_EDGE('',*,*,#1267,.T.);
#1793=ORIENTED_EDGE('',*,*,#1270,.T.);
#1794=ORIENTED_EDGE('',*,*,#1273,.T.);
#1795=ORIENTED_EDGE('',*,*,#1276,.T.);
#1796=ORIENTED_EDGE('',*,*,#1279,.T.);
#1797=ORIENTED_EDGE('',*,*,#1282,.T.);
#1798=ORIENTED_EDGE('',*,*,#1285,.T.);
#1799=ORIENTED_EDGE('',*,*,#1288,.T.);
#1800=ORIENTED_EDGE('',*,*,#1291,.T.);
#1801=ORIENTED_EDGE('',*,*,#1294,.T.);
#1802=ORIENTED_EDGE('',*,*,#1297,.T.);
#1803=ORIENTED_EDGE('',*,*,#1300,.F.);
#1804=ORIENTED_EDGE('',*,*,#1303,.F.);
#1805=ORIENTED_EDGE('',*,*,#1306,.F.);
#1806=ORIENTED_EDGE('',*,*,#1309,.T.);
#1807=ORIENTED_EDGE('',*,*,#1312,.F.);
#1808=ORIENTED_EDGE('',*,*,#1315,.F.);
#1809=ORIENTED_EDGE('',*,*,#1318,.F.);
#1810=ORIENTED_EDGE('',*,*,#1321,.T.);
#1811=ORIENTED_EDGE('',*,*,#1324,.F.);
#1812=ORIENTED_EDGE('',*,*,#1327,.T.);
#1813=ORIENTED_EDGE('',*,*,#1255,.F.);
#1814=ORIENTED_EDGE('',*,*,#1252,.F.);
#1815=ORIENTED_EDGE('',*,*,#1329,.F.);
#1816=ORIENTED_EDGE('',*,*,#1330,.T.);
#1817=ORIENTED_EDGE('',*,*,#1331,.F.);
#1818=ORIENTED_EDGE('',*,*,#1332,.F.);
#1819=ORIENTED_EDGE('',*,*,#1331,.T.);
#1820=ORIENTED_EDGE('',*,*,#1333,.T.);
#1821=ORIENTED_EDGE('',*,*,#1334,.T.);
#1822=ORIENTED_EDGE('',*,*,#1335,.T.);
#1823=ORIENTED_EDGE('',*,*,#1329,.T.);
#1824=ORIENTED_EDGE('',*,*,#1336,.T.);
#1825=ORIENTED_EDGE('',*,*,#1337,.T.);
#1826=ORIENTED_EDGE('',*,*,#1338,.T.);
#1827=ORIENTED_EDGE('',*,*,#1339,.T.);
#1828=ORIENTED_EDGE('',*,*,#1340,.T.);
#1829=ORIENTED_EDGE('',*,*,#1341,.T.);
#1830=ORIENTED_EDGE('',*,*,#1337,.F.);
#1831=ORIENTED_EDGE('',*,*,#1342,.T.);
#1832=ORIENTED_EDGE('',*,*,#1343,.T.);
#1833=ORIENTED_EDGE('',*,*,#1344,.T.);
#1834=ORIENTED_EDGE('',*,*,#1340,.F.);
#1835=ORIENTED_EDGE('',*,*,#1345,.T.);
#1836=ORIENTED_EDGE('',*,*,#1346,.T.);
#1837=ORIENTED_EDGE('',*,*,#1347,.T.);
#1838=ORIENTED_EDGE('',*,*,#1343,.F.);
#1839=ORIENTED_EDGE('',*,*,#1348,.T.);
#1840=ORIENTED_EDGE('',*,*,#1349,.T.);
#1841=ORIENTED_EDGE('',*,*,#1350,.T.);
#1842=ORIENTED_EDGE('',*,*,#1346,.F.);
#1843=ORIENTED_EDGE('',*,*,#1351,.T.);
#1844=ORIENTED_EDGE('',*,*,#1352,.T.);
#1845=ORIENTED_EDGE('',*,*,#1353,.T.);
#1846=ORIENTED_EDGE('',*,*,#1349,.F.);
#1847=ORIENTED_EDGE('',*,*,#1354,.T.);
#1848=ORIENTED_EDGE('',*,*,#1355,.T.);
#1849=ORIENTED_EDGE('',*,*,#1356,.T.);
#1850=ORIENTED_EDGE('',*,*,#1352,.F.);
#1851=ORIENTED_EDGE('',*,*,#1357,.T.);
#1852=ORIENTED_EDGE('',*,*,#1358,.T.);
#1853=ORIENTED_EDGE('',*,*,#1359,.T.);
#1854=ORIENTED_EDGE('',*,*,#1355,.F.);
#1855=ORIENTED_EDGE('',*,*,#1360,.T.);
#1856=ORIENTED_EDGE('',*,*,#1361,.T.);
#1857=ORIENTED_EDGE('',*,*,#1362,.T.);
#1858=ORIENTED_EDGE('',*,*,#1358,.F.);
#1859=ORIENTED_EDGE('',*,*,#1363,.T.);
#1860=ORIENTED_EDGE('',*,*,#1364,.T.);
#1861=ORIENTED_EDGE('',*,*,#1365,.T.);
#1862=ORIENTED_EDGE('',*,*,#1361,.F.);
#1863=ORIENTED_EDGE('',*,*,#1366,.T.);
#1864=ORIENTED_EDGE('',*,*,#1367,.T.);
#1865=ORIENTED_EDGE('',*,*,#1368,.T.);
#1866=ORIENTED_EDGE('',*,*,#1364,.F.);
#1867=ORIENTED_EDGE('',*,*,#1369,.T.);
#1868=ORIENTED_EDGE('',*,*,#1370,.T.);
#1869=ORIENTED_EDGE('',*,*,#1371,.T.);
#1870=ORIENTED_EDGE('',*,*,#1367,.F.);
#1871=ORIENTED_EDGE('',*,*,#1372,.T.);
#1872=ORIENTED_EDGE('',*,*,#1373,.T.);
#1873=ORIENTED_EDGE('',*,*,#1374,.T.);
#1874=ORIENTED_EDGE('',*,*,#1370,.F.);
#1875=ORIENTED_EDGE('',*,*,#1375,.T.);
#1876=ORIENTED_EDGE('',*,*,#1376,.T.);
#1877=ORIENTED_EDGE('',*,*,#1377,.T.);
#1878=ORIENTED_EDGE('',*,*,#1373,.F.);
#1879=ORIENTED_EDGE('',*,*,#1378,.F.);
#1880=ORIENTED_EDGE('',*,*,#1379,.T.);
#1881=ORIENTED_EDGE('',*,*,#1380,.T.);
#1882=ORIENTED_EDGE('',*,*,#1376,.F.);
#1883=ORIENTED_EDGE('',*,*,#1381,.F.);
#1884=ORIENTED_EDGE('',*,*,#1382,.T.);
#1885=ORIENTED_EDGE('',*,*,#1383,.T.);
#1886=ORIENTED_EDGE('',*,*,#1379,.F.);
#1887=ORIENTED_EDGE('',*,*,#1384,.F.);
#1888=ORIENTED_EDGE('',*,*,#1385,.T.);
#1889=ORIENTED_EDGE('',*,*,#1386,.T.);
#1890=ORIENTED_EDGE('',*,*,#1382,.F.);
#1891=ORIENTED_EDGE('',*,*,#1387,.T.);
#1892=ORIENTED_EDGE('',*,*,#1388,.T.);
#1893=ORIENTED_EDGE('',*,*,#1389,.T.);
#1894=ORIENTED_EDGE('',*,*,#1385,.F.);
#1895=ORIENTED_EDGE('',*,*,#1390,.F.);
#1896=ORIENTED_EDGE('',*,*,#1391,.T.);
#1897=ORIENTED_EDGE('',*,*,#1392,.T.);
#1898=ORIENTED_EDGE('',*,*,#1388,.F.);
#1899=ORIENTED_EDGE('',*,*,#1393,.F.);
#1900=ORIENTED_EDGE('',*,*,#1394,.T.);
#1901=ORIENTED_EDGE('',*,*,#1395,.T.);
#1902=ORIENTED_EDGE('',*,*,#1391,.F.);
#1903=ORIENTED_EDGE('',*,*,#1396,.F.);
#1904=ORIENTED_EDGE('',*,*,#1397,.T.);
#1905=ORIENTED_EDGE('',*,*,#1398,.T.);
#1906=ORIENTED_EDGE('',*,*,#1394,.F.);
#1907=ORIENTED_EDGE('',*,*,#1399,.T.);
#1908=ORIENTED_EDGE('',*,*,#1400,.T.);
#1909=ORIENTED_EDGE('',*,*,#1401,.T.);
#1910=ORIENTED_EDGE('',*,*,#1397,.F.);
#1911=ORIENTED_EDGE('',*,*,#1402,.F.);
#1912=ORIENTED_EDGE('',*,*,#1403,.T.);
#1913=ORIENTED_EDGE('',*,*,#1404,.T.);
#1914=ORIENTED_EDGE('',*,*,#1400,.F.);
#1915=ORIENTED_EDGE('',*,*,#1405,.F.);
#1916=ORIENTED_EDGE('',*,*,#1334,.F.);
#1917=ORIENTED_EDGE('',*,*,#1406,.T.);
#1918=ORIENTED_EDGE('',*,*,#1403,.F.);
#1919=ORIENTED_EDGE('',*,*,#1338,.F.);
#1920=ORIENTED_EDGE('',*,*,#1341,.F.);
#1921=ORIENTED_EDGE('',*,*,#1344,.F.);
#1922=ORIENTED_EDGE('',*,*,#1347,.F.);
#1923=ORIENTED_EDGE('',*,*,#1350,.F.);
#1924=ORIENTED_EDGE('',*,*,#1353,.F.);
#1925=ORIENTED_EDGE('',*,*,#1356,.F.);
#1926=ORIENTED_EDGE('',*,*,#1359,.F.);
#1927=ORIENTED_EDGE('',*,*,#1362,.F.);
#1928=ORIENTED_EDGE('',*,*,#1365,.F.);
#1929=ORIENTED_EDGE('',*,*,#1368,.F.);
#1930=ORIENTED_EDGE('',*,*,#1371,.F.);
#1931=ORIENTED_EDGE('',*,*,#1374,.F.);
#1932=ORIENTED_EDGE('',*,*,#1377,.F.);
#1933=ORIENTED_EDGE('',*,*,#1380,.F.);
#1934=ORIENTED_EDGE('',*,*,#1383,.F.);
#1935=ORIENTED_EDGE('',*,*,#1386,.F.);
#1936=ORIENTED_EDGE('',*,*,#1389,.F.);
#1937=ORIENTED_EDGE('',*,*,#1392,.F.);
#1938=ORIENTED_EDGE('',*,*,#1395,.F.);
#1939=ORIENTED_EDGE('',*,*,#1398,.F.);
#1940=ORIENTED_EDGE('',*,*,#1401,.F.);
#1941=ORIENTED_EDGE('',*,*,#1404,.F.);
#1942=ORIENTED_EDGE('',*,*,#1406,.F.);
#1943=ORIENTED_EDGE('',*,*,#1333,.F.);
#1944=ORIENTED_EDGE('',*,*,#1330,.F.);
#1945=ORIENTED_EDGE('',*,*,#1405,.T.);
#1946=ORIENTED_EDGE('',*,*,#1402,.T.);
#1947=ORIENTED_EDGE('',*,*,#1399,.F.);
#1948=ORIENTED_EDGE('',*,*,#1396,.T.);
#1949=ORIENTED_EDGE('',*,*,#1393,.T.);
#1950=ORIENTED_EDGE('',*,*,#1390,.T.);
#1951=ORIENTED_EDGE('',*,*,#1387,.F.);
#1952=ORIENTED_EDGE('',*,*,#1384,.T.);
#1953=ORIENTED_EDGE('',*,*,#1381,.T.);
#1954=ORIENTED_EDGE('',*,*,#1378,.T.);
#1955=ORIENTED_EDGE('',*,*,#1375,.F.);
#1956=ORIENTED_EDGE('',*,*,#1372,.F.);
#1957=ORIENTED_EDGE('',*,*,#1369,.F.);
#1958=ORIENTED_EDGE('',*,*,#1366,.F.);
#1959=ORIENTED_EDGE('',*,*,#1363,.F.);
#1960=ORIENTED_EDGE('',*,*,#1360,.F.);
#1961=ORIENTED_EDGE('',*,*,#1357,.F.);
#1962=ORIENTED_EDGE('',*,*,#1354,.F.);
#1963=ORIENTED_EDGE('',*,*,#1351,.F.);
#1964=ORIENTED_EDGE('',*,*,#1348,.F.);
#1965=ORIENTED_EDGE('',*,*,#1345,.F.);
#1966=ORIENTED_EDGE('',*,*,#1342,.F.);
#1967=ORIENTED_EDGE('',*,*,#1339,.F.);
#1968=ORIENTED_EDGE('',*,*,#1336,.F.);
#1969=ORIENTED_EDGE('',*,*,#1332,.T.);
#1970=ORIENTED_EDGE('',*,*,#1335,.F.);
#1971=ORIENTED_EDGE('',*,*,#1407,.T.);
#1972=ORIENTED_EDGE('',*,*,#1408,.T.);
#1973=ORIENTED_EDGE('',*,*,#1409,.T.);
#1974=ORIENTED_EDGE('',*,*,#1410,.T.);
#1975=ORIENTED_EDGE('',*,*,#1411,.T.);
#1976=ORIENTED_EDGE('',*,*,#1412,.T.);
#1977=ORIENTED_EDGE('',*,*,#1413,.T.);
#1978=ORIENTED_EDGE('',*,*,#1414,.F.);
#1979=ORIENTED_EDGE('',*,*,#1415,.F.);
#1980=ORIENTED_EDGE('',*,*,#1416,.T.);
#1981=ORIENTED_EDGE('',*,*,#1417,.T.);
#1982=ORIENTED_EDGE('',*,*,#1412,.F.);
#1983=ORIENTED_EDGE('',*,*,#1418,.F.);
#1984=ORIENTED_EDGE('',*,*,#1419,.T.);
#1985=ORIENTED_EDGE('',*,*,#1420,.T.);
#1986=ORIENTED_EDGE('',*,*,#1416,.F.);
#1987=ORIENTED_EDGE('',*,*,#1421,.T.);
#1988=ORIENTED_EDGE('',*,*,#1422,.T.);
#1989=ORIENTED_EDGE('',*,*,#1423,.T.);
#1990=ORIENTED_EDGE('',*,*,#1419,.F.);
#1991=ORIENTED_EDGE('',*,*,#1424,.T.);
#1992=ORIENTED_EDGE('',*,*,#1425,.T.);
#1993=ORIENTED_EDGE('',*,*,#1426,.T.);
#1994=ORIENTED_EDGE('',*,*,#1422,.F.);
#1995=ORIENTED_EDGE('',*,*,#1427,.T.);
#1996=ORIENTED_EDGE('',*,*,#1428,.T.);
#1997=ORIENTED_EDGE('',*,*,#1429,.T.);
#1998=ORIENTED_EDGE('',*,*,#1425,.F.);
#1999=ORIENTED_EDGE('',*,*,#1430,.T.);
#2000=ORIENTED_EDGE('',*,*,#1431,.T.);
#2001=ORIENTED_EDGE('',*,*,#1432,.T.);
#2002=ORIENTED_EDGE('',*,*,#1428,.F.);
#2003=ORIENTED_EDGE('',*,*,#1433,.T.);
#2004=ORIENTED_EDGE('',*,*,#1434,.T.);
#2005=ORIENTED_EDGE('',*,*,#1435,.T.);
#2006=ORIENTED_EDGE('',*,*,#1431,.F.);
#2007=ORIENTED_EDGE('',*,*,#1436,.T.);
#2008=ORIENTED_EDGE('',*,*,#1437,.T.);
#2009=ORIENTED_EDGE('',*,*,#1438,.T.);
#2010=ORIENTED_EDGE('',*,*,#1434,.F.);
#2011=ORIENTED_EDGE('',*,*,#1439,.T.);
#2012=ORIENTED_EDGE('',*,*,#1440,.T.);
#2013=ORIENTED_EDGE('',*,*,#1441,.T.);
#2014=ORIENTED_EDGE('',*,*,#1437,.F.);
#2015=ORIENTED_EDGE('',*,*,#1442,.T.);
#2016=ORIENTED_EDGE('',*,*,#1443,.T.);
#2017=ORIENTED_EDGE('',*,*,#1444,.T.);
#2018=ORIENTED_EDGE('',*,*,#1440,.F.);
#2019=ORIENTED_EDGE('',*,*,#1445,.T.);
#2020=ORIENTED_EDGE('',*,*,#1446,.T.);
#2021=ORIENTED_EDGE('',*,*,#1447,.T.);
#2022=ORIENTED_EDGE('',*,*,#1443,.F.);
#2023=ORIENTED_EDGE('',*,*,#1448,.T.);
#2024=ORIENTED_EDGE('',*,*,#1449,.T.);
#2025=ORIENTED_EDGE('',*,*,#1450,.T.);
#2026=ORIENTED_EDGE('',*,*,#1446,.F.);
#2027=ORIENTED_EDGE('',*,*,#1451,.T.);
#2028=ORIENTED_EDGE('',*,*,#1452,.T.);
#2029=ORIENTED_EDGE('',*,*,#1453,.T.);
#2030=ORIENTED_EDGE('',*,*,#1449,.F.);
#2031=ORIENTED_EDGE('',*,*,#1454,.T.);
#2032=ORIENTED_EDGE('',*,*,#1410,.F.);
#2033=ORIENTED_EDGE('',*,*,#1455,.T.);
#2034=ORIENTED_EDGE('',*,*,#1452,.F.);
#2035=ORIENTED_EDGE('',*,*,#1456,.T.);
#2036=ORIENTED_EDGE('',*,*,#1457,.T.);
#2037=ORIENTED_EDGE('',*,*,#1458,.T.);
#2038=ORIENTED_EDGE('',*,*,#1408,.F.);
#2039=ORIENTED_EDGE('',*,*,#1459,.F.);
#2040=ORIENTED_EDGE('',*,*,#1460,.T.);
#2041=ORIENTED_EDGE('',*,*,#1461,.T.);
#2042=ORIENTED_EDGE('',*,*,#1457,.F.);
#2043=ORIENTED_EDGE('',*,*,#1462,.F.);
#2044=ORIENTED_EDGE('',*,*,#1463,.T.);
#2045=ORIENTED_EDGE('',*,*,#1464,.T.);
#2046=ORIENTED_EDGE('',*,*,#1460,.F.);
#2047=ORIENTED_EDGE('',*,*,#1465,.F.);
#2048=ORIENTED_EDGE('',*,*,#1466,.T.);
#2049=ORIENTED_EDGE('',*,*,#1467,.T.);
#2050=ORIENTED_EDGE('',*,*,#1463,.F.);
#2051=ORIENTED_EDGE('',*,*,#1468,.T.);
#2052=ORIENTED_EDGE('',*,*,#1469,.T.);
#2053=ORIENTED_EDGE('',*,*,#1470,.T.);
#2054=ORIENTED_EDGE('',*,*,#1466,.F.);
#2055=ORIENTED_EDGE('',*,*,#1471,.F.);
#2056=ORIENTED_EDGE('',*,*,#1472,.T.);
#2057=ORIENTED_EDGE('',*,*,#1473,.T.);
#2058=ORIENTED_EDGE('',*,*,#1469,.F.);
#2059=ORIENTED_EDGE('',*,*,#1474,.F.);
#2060=ORIENTED_EDGE('',*,*,#1475,.T.);
#2061=ORIENTED_EDGE('',*,*,#1476,.T.);
#2062=ORIENTED_EDGE('',*,*,#1472,.F.);
#2063=ORIENTED_EDGE('',*,*,#1477,.F.);
#2064=ORIENTED_EDGE('',*,*,#1414,.T.);
#2065=ORIENTED_EDGE('',*,*,#1478,.T.);
#2066=ORIENTED_EDGE('',*,*,#1475,.F.);
#2067=ORIENTED_EDGE('',*,*,#1478,.F.);
#2068=ORIENTED_EDGE('',*,*,#1413,.F.);
#2069=ORIENTED_EDGE('',*,*,#1417,.F.);
#2070=ORIENTED_EDGE('',*,*,#1420,.F.);
#2071=ORIENTED_EDGE('',*,*,#1423,.F.);
#2072=ORIENTED_EDGE('',*,*,#1426,.F.);
#2073=ORIENTED_EDGE('',*,*,#1429,.F.);
#2074=ORIENTED_EDGE('',*,*,#1432,.F.);
#2075=ORIENTED_EDGE('',*,*,#1435,.F.);
#2076=ORIENTED_EDGE('',*,*,#1438,.F.);
#2077=ORIENTED_EDGE('',*,*,#1441,.F.);
#2078=ORIENTED_EDGE('',*,*,#1444,.F.);
#2079=ORIENTED_EDGE('',*,*,#1447,.F.);
#2080=ORIENTED_EDGE('',*,*,#1450,.F.);
#2081=ORIENTED_EDGE('',*,*,#1453,.F.);
#2082=ORIENTED_EDGE('',*,*,#1455,.F.);
#2083=ORIENTED_EDGE('',*,*,#1409,.F.);
#2084=ORIENTED_EDGE('',*,*,#1458,.F.);
#2085=ORIENTED_EDGE('',*,*,#1461,.F.);
#2086=ORIENTED_EDGE('',*,*,#1464,.F.);
#2087=ORIENTED_EDGE('',*,*,#1467,.F.);
#2088=ORIENTED_EDGE('',*,*,#1470,.F.);
#2089=ORIENTED_EDGE('',*,*,#1473,.F.);
#2090=ORIENTED_EDGE('',*,*,#1476,.F.);
#2091=ORIENTED_EDGE('',*,*,#1477,.T.);
#2092=ORIENTED_EDGE('',*,*,#1474,.T.);
#2093=ORIENTED_EDGE('',*,*,#1471,.T.);
#2094=ORIENTED_EDGE('',*,*,#1468,.F.);
#2095=ORIENTED_EDGE('',*,*,#1465,.T.);
#2096=ORIENTED_EDGE('',*,*,#1462,.T.);
#2097=ORIENTED_EDGE('',*,*,#1459,.T.);
#2098=ORIENTED_EDGE('',*,*,#1456,.F.);
#2099=ORIENTED_EDGE('',*,*,#1407,.F.);
#2100=ORIENTED_EDGE('',*,*,#1454,.F.);
#2101=ORIENTED_EDGE('',*,*,#1451,.F.);
#2102=ORIENTED_EDGE('',*,*,#1448,.F.);
#2103=ORIENTED_EDGE('',*,*,#1445,.F.);
#2104=ORIENTED_EDGE('',*,*,#1442,.F.);
#2105=ORIENTED_EDGE('',*,*,#1439,.F.);
#2106=ORIENTED_EDGE('',*,*,#1436,.F.);
#2107=ORIENTED_EDGE('',*,*,#1433,.F.);
#2108=ORIENTED_EDGE('',*,*,#1430,.F.);
#2109=ORIENTED_EDGE('',*,*,#1427,.F.);
#2110=ORIENTED_EDGE('',*,*,#1424,.F.);
#2111=ORIENTED_EDGE('',*,*,#1421,.F.);
#2112=ORIENTED_EDGE('',*,*,#1418,.T.);
#2113=ORIENTED_EDGE('',*,*,#1415,.T.);
#2114=ORIENTED_EDGE('',*,*,#1411,.F.);
#2115=ORIENTED_EDGE('',*,*,#1479,.F.);
#2116=ORIENTED_EDGE('',*,*,#1480,.T.);
#2117=ORIENTED_EDGE('',*,*,#1481,.F.);
#2118=ORIENTED_EDGE('',*,*,#1482,.F.);
#2119=ORIENTED_EDGE('',*,*,#1483,.F.);
#2120=ORIENTED_EDGE('',*,*,#1482,.T.);
#2121=ORIENTED_EDGE('',*,*,#1484,.F.);
#2122=ORIENTED_EDGE('',*,*,#1485,.F.);
#2123=ORIENTED_EDGE('',*,*,#1486,.F.);
#2124=ORIENTED_EDGE('',*,*,#1485,.T.);
#2125=ORIENTED_EDGE('',*,*,#1487,.F.);
#2126=ORIENTED_EDGE('',*,*,#1488,.F.);
#2127=ORIENTED_EDGE('',*,*,#1489,.F.);
#2128=ORIENTED_EDGE('',*,*,#1488,.T.);
#2129=ORIENTED_EDGE('',*,*,#1490,.F.);
#2130=ORIENTED_EDGE('',*,*,#1480,.F.);
#2131=ORIENTED_EDGE('',*,*,#1490,.T.);
#2132=ORIENTED_EDGE('',*,*,#1487,.T.);
#2133=ORIENTED_EDGE('',*,*,#1484,.T.);
#2134=ORIENTED_EDGE('',*,*,#1481,.T.);
#2135=ORIENTED_EDGE('',*,*,#1489,.T.);
#2136=ORIENTED_EDGE('',*,*,#1479,.T.);
#2137=ORIENTED_EDGE('',*,*,#1483,.T.);
#2138=ORIENTED_EDGE('',*,*,#1486,.T.);
#2139=PLANE('',#2454);
#2140=PLANE('',#2455);
#2141=PLANE('',#2456);
#2142=PLANE('',#2457);
#2143=PLANE('',#2458);
#2144=PLANE('',#2459);
#2145=PLANE('',#2461);
#2146=PLANE('',#2462);
#2147=PLANE('',#2463);
#2148=PLANE('',#2464);
#2149=PLANE('',#2465);
#2150=PLANE('',#2466);
#2151=PLANE('',#2467);
#2152=PLANE('',#2468);
#2153=PLANE('',#2469);
#2154=PLANE('',#2470);
#2155=PLANE('',#2471);
#2156=PLANE('',#2472);
#2157=PLANE('',#2473);
#2158=PLANE('',#2474);
#2159=PLANE('',#2475);
#2160=PLANE('',#2476);
#2161=PLANE('',#2477);
#2162=PLANE('',#2478);
#2163=PLANE('',#2479);
#2164=PLANE('',#2480);
#2165=PLANE('',#2481);
#2166=PLANE('',#2482);
#2167=PLANE('',#2483);
#2168=PLANE('',#2484);
#2169=PLANE('',#2485);
#2170=PLANE('',#2486);
#2171=PLANE('',#2488);
#2172=PLANE('',#2489);
#2173=PLANE('',#2490);
#2174=PLANE('',#2491);
#2175=PLANE('',#2492);
#2176=PLANE('',#2493);
#2177=PLANE('',#2494);
#2178=PLANE('',#2495);
#2179=PLANE('',#2496);
#2180=PLANE('',#2497);
#2181=PLANE('',#2498);
#2182=PLANE('',#2499);
#2183=PLANE('',#2500);
#2184=PLANE('',#2501);
#2185=PLANE('',#2502);
#2186=PLANE('',#2503);
#2187=PLANE('',#2504);
#2188=PLANE('',#2505);
#2189=PLANE('',#2506);
#2190=PLANE('',#2507);
#2191=PLANE('',#2508);
#2192=PLANE('',#2509);
#2193=PLANE('',#2510);
#2194=PLANE('',#2511);
#2195=PLANE('',#2512);
#2196=PLANE('',#2513);
#2197=PLANE('',#2514);
#2198=PLANE('',#2515);
#2199=PLANE('',#2517);
#2200=PLANE('',#2518);
#2201=PLANE('',#2519);
#2202=PLANE('',#2520);
#2203=PLANE('',#2521);
#2204=PLANE('',#2522);
#2205=PLANE('',#2523);
#2206=PLANE('',#2524);
#2207=PLANE('',#2525);
#2208=PLANE('',#2526);
#2209=PLANE('',#2527);
#2210=PLANE('',#2528);
#2211=PLANE('',#2529);
#2212=PLANE('',#2530);
#2213=PLANE('',#2531);
#2214=PLANE('',#2532);
#2215=PLANE('',#2533);
#2216=PLANE('',#2534);
#2217=PLANE('',#2535);
#2218=PLANE('',#2536);
#2219=PLANE('',#2537);
#2220=PLANE('',#2538);
#2221=PLANE('',#2539);
#2222=PLANE('',#2540);
#2223=PLANE('',#2541);
#2224=PLANE('',#2542);
#2225=PLANE('',#2543);
#2226=PLANE('',#2544);
#2227=PLANE('',#2546);
#2228=PLANE('',#2547);
#2229=PLANE('',#2548);
#2230=PLANE('',#2549);
#2231=PLANE('',#2550);
#2232=PLANE('',#2551);
#2233=PLANE('',#2552);
#2234=PLANE('',#2553);
#2235=PLANE('',#2554);
#2236=PLANE('',#2555);
#2237=PLANE('',#2556);
#2238=PLANE('',#2557);
#2239=PLANE('',#2558);
#2240=PLANE('',#2559);
#2241=PLANE('',#2560);
#2242=PLANE('',#2561);
#2243=PLANE('',#2562);
#2244=PLANE('',#2563);
#2245=PLANE('',#2564);
#2246=PLANE('',#2565);
#2247=PLANE('',#2566);
#2248=PLANE('',#2567);
#2249=PLANE('',#2568);
#2250=PLANE('',#2569);
#2251=PLANE('',#2570);
#2252=PLANE('',#2571);
#2253=PLANE('',#2573);
#2254=PLANE('',#2574);
#2255=PLANE('',#2575);
#2256=PLANE('',#2576);
#2257=PLANE('',#2577);
#2258=PLANE('',#2578);
#2259=ADVANCED_FACE('',(#63),#2139,.T.);
#2260=ADVANCED_FACE('',(#64),#2140,.T.);
#2261=ADVANCED_FACE('',(#65),#2141,.T.);
#2262=ADVANCED_FACE('',(#66),#2142,.T.);
#2263=ADVANCED_FACE('',(#67),#2143,.T.);
#2264=ADVANCED_FACE('',(#68),#2144,.T.);
#2265=ADVANCED_FACE('',(#69),#2145,.T.);
#2266=ADVANCED_FACE('',(#70),#2146,.T.);
#2267=ADVANCED_FACE('',(#71),#2147,.T.);
#2268=ADVANCED_FACE('',(#72),#2148,.T.);
#2269=ADVANCED_FACE('',(#73),#2149,.T.);
#2270=ADVANCED_FACE('',(#74),#2150,.T.);
#2271=ADVANCED_FACE('',(#75),#2151,.T.);
#2272=ADVANCED_FACE('',(#76),#2152,.T.);
#2273=ADVANCED_FACE('',(#77),#2153,.T.);
#2274=ADVANCED_FACE('',(#78),#2154,.T.);
#2275=ADVANCED_FACE('',(#79),#2155,.T.);
#2276=ADVANCED_FACE('',(#80),#2156,.T.);
#2277=ADVANCED_FACE('',(#81),#2157,.T.);
#2278=ADVANCED_FACE('',(#82),#2158,.T.);
#2279=ADVANCED_FACE('',(#83),#2159,.T.);
#2280=ADVANCED_FACE('',(#84),#2160,.T.);
#2281=ADVANCED_FACE('',(#85),#2161,.T.);
#2282=ADVANCED_FACE('',(#86),#2162,.T.);
#2283=ADVANCED_FACE('',(#87),#2163,.T.);
#2284=ADVANCED_FACE('',(#88),#2164,.T.);
#2285=ADVANCED_FACE('',(#89),#2165,.T.);
#2286=ADVANCED_FACE('',(#90),#2166,.T.);
#2287=ADVANCED_FACE('',(#91),#2167,.T.);
#2288=ADVANCED_FACE('',(#92),#2168,.T.);
#2289=ADVANCED_FACE('',(#93),#2169,.T.);
#2290=ADVANCED_FACE('',(#94),#2170,.F.);
#2291=ADVANCED_FACE('',(#95),#2171,.T.);
#2292=ADVANCED_FACE('',(#96),#2172,.T.);
#2293=ADVANCED_FACE('',(#97),#2173,.T.);
#2294=ADVANCED_FACE('',(#98),#2174,.T.);
#2295=ADVANCED_FACE('',(#99),#2175,.T.);
#2296=ADVANCED_FACE('',(#100),#2176,.T.);
#2297=ADVANCED_FACE('',(#101),#2177,.T.);
#2298=ADVANCED_FACE('',(#102),#2178,.T.);
#2299=ADVANCED_FACE('',(#103),#2179,.T.);
#2300=ADVANCED_FACE('',(#104),#2180,.T.);
#2301=ADVANCED_FACE('',(#105),#2181,.T.);
#2302=ADVANCED_FACE('',(#106),#2182,.T.);
#2303=ADVANCED_FACE('',(#107),#2183,.T.);
#2304=ADVANCED_FACE('',(#108),#2184,.T.);
#2305=ADVANCED_FACE('',(#109),#2185,.T.);
#2306=ADVANCED_FACE('',(#110),#2186,.T.);
#2307=ADVANCED_FACE('',(#111),#2187,.T.);
#2308=ADVANCED_FACE('',(#112),#2188,.T.);
#2309=ADVANCED_FACE('',(#113),#2189,.T.);
#2310=ADVANCED_FACE('',(#114),#2190,.T.);
#2311=ADVANCED_FACE('',(#115),#2191,.T.);
#2312=ADVANCED_FACE('',(#116),#2192,.T.);
#2313=ADVANCED_FACE('',(#117),#2193,.T.);
#2314=ADVANCED_FACE('',(#118),#2194,.T.);
#2315=ADVANCED_FACE('',(#119),#2195,.T.);
#2316=ADVANCED_FACE('',(#120),#2196,.T.);
#2317=ADVANCED_FACE('',(#121),#2197,.T.);
#2318=ADVANCED_FACE('',(#122),#2198,.F.);
#2319=ADVANCED_FACE('',(#123),#2199,.T.);
#2320=ADVANCED_FACE('',(#124),#2200,.T.);
#2321=ADVANCED_FACE('',(#125),#2201,.F.);
#2322=ADVANCED_FACE('',(#126),#2202,.F.);
#2323=ADVANCED_FACE('',(#127),#2203,.F.);
#2324=ADVANCED_FACE('',(#128),#2204,.F.);
#2325=ADVANCED_FACE('',(#129),#2205,.F.);
#2326=ADVANCED_FACE('',(#130),#2206,.F.);
#2327=ADVANCED_FACE('',(#131),#2207,.F.);
#2328=ADVANCED_FACE('',(#132),#2208,.F.);
#2329=ADVANCED_FACE('',(#133),#2209,.F.);
#2330=ADVANCED_FACE('',(#134),#2210,.F.);
#2331=ADVANCED_FACE('',(#135),#2211,.F.);
#2332=ADVANCED_FACE('',(#136),#2212,.F.);
#2333=ADVANCED_FACE('',(#137),#2213,.F.);
#2334=ADVANCED_FACE('',(#138),#2214,.F.);
#2335=ADVANCED_FACE('',(#139),#2215,.F.);
#2336=ADVANCED_FACE('',(#140),#2216,.F.);
#2337=ADVANCED_FACE('',(#141),#2217,.F.);
#2338=ADVANCED_FACE('',(#142),#2218,.F.);
#2339=ADVANCED_FACE('',(#143),#2219,.F.);
#2340=ADVANCED_FACE('',(#144),#2220,.F.);
#2341=ADVANCED_FACE('',(#145),#2221,.F.);
#2342=ADVANCED_FACE('',(#146),#2222,.F.);
#2343=ADVANCED_FACE('',(#147),#2223,.F.);
#2344=ADVANCED_FACE('',(#148),#2224,.F.);
#2345=ADVANCED_FACE('',(#149),#2225,.F.);
#2346=ADVANCED_FACE('',(#150),#2226,.T.);
#2347=ADVANCED_FACE('',(#151),#2227,.T.);
#2348=ADVANCED_FACE('',(#152),#2228,.F.);
#2349=ADVANCED_FACE('',(#153),#2229,.F.);
#2350=ADVANCED_FACE('',(#154),#2230,.F.);
#2351=ADVANCED_FACE('',(#155),#2231,.F.);
#2352=ADVANCED_FACE('',(#156),#2232,.F.);
#2353=ADVANCED_FACE('',(#157),#2233,.F.);
#2354=ADVANCED_FACE('',(#158),#2234,.F.);
#2355=ADVANCED_FACE('',(#159),#2235,.F.);
#2356=ADVANCED_FACE('',(#160),#2236,.F.);
#2357=ADVANCED_FACE('',(#161),#2237,.F.);
#2358=ADVANCED_FACE('',(#162),#2238,.F.);
#2359=ADVANCED_FACE('',(#163),#2239,.F.);
#2360=ADVANCED_FACE('',(#164),#2240,.F.);
#2361=ADVANCED_FACE('',(#165),#2241,.F.);
#2362=ADVANCED_FACE('',(#166),#2242,.F.);
#2363=ADVANCED_FACE('',(#167),#2243,.F.);
#2364=ADVANCED_FACE('',(#168),#2244,.F.);
#2365=ADVANCED_FACE('',(#169),#2245,.F.);
#2366=ADVANCED_FACE('',(#170),#2246,.F.);
#2367=ADVANCED_FACE('',(#171),#2247,.F.);
#2368=ADVANCED_FACE('',(#172),#2248,.F.);
#2369=ADVANCED_FACE('',(#173),#2249,.F.);
#2370=ADVANCED_FACE('',(#174),#2250,.F.);
#2371=ADVANCED_FACE('',(#175),#2251,.F.);
#2372=ADVANCED_FACE('',(#176),#2252,.T.);
#2373=ADVANCED_FACE('',(#177),#2253,.T.);
#2374=ADVANCED_FACE('',(#178),#2254,.T.);
#2375=ADVANCED_FACE('',(#179),#2255,.T.);
#2376=ADVANCED_FACE('',(#180),#2256,.T.);
#2377=ADVANCED_FACE('',(#181),#2257,.T.);
#2378=ADVANCED_FACE('',(#182),#2258,.F.);
#2379=CLOSED_SHELL('',(#2259,#2260,#2261,#2262,#2263,#2264));
#2380=CLOSED_SHELL('',(#2265,#2266,#2267,#2268,#2269,#2270,#2271,#2272,
#2273,#2274,#2275,#2276,#2277,#2278,#2279,#2280,#2281,#2282,#2283,#2284,
#2285,#2286,#2287,#2288,#2289,#2290));
#2381=CLOSED_SHELL('',(#2291,#2292,#2293,#2294,#2295,#2296,#2297,#2298,
#2299,#2300,#2301,#2302,#2303,#2304,#2305,#2306,#2307,#2308,#2309,#2310,
#2311,#2312,#2313,#2314,#2315,#2316,#2317,#2318));
#2382=CLOSED_SHELL('',(#2319,#2320,#2321,#2322,#2323,#2324,#2325,#2326,
#2327,#2328,#2329,#2330,#2331,#2332,#2333,#2334,#2335,#2336,#2337,#2338,
#2339,#2340,#2341,#2342,#2343,#2344,#2345,#2346));
#2383=CLOSED_SHELL('',(#2347,#2348,#2349,#2350,#2351,#2352,#2353,#2354,
#2355,#2356,#2357,#2358,#2359,#2360,#2361,#2362,#2363,#2364,#2365,#2366,
#2367,#2368,#2369,#2370,#2371,#2372));
#2384=CLOSED_SHELL('',(#2373,#2374,#2375,#2376,#2377,#2378));
#2385=DERIVED_UNIT_ELEMENT(#2397,1.);
#2386=DERIVED_UNIT_ELEMENT(#3869,-3.);
#2387=DERIVED_UNIT_ELEMENT(#2397,1.);
#2388=DERIVED_UNIT_ELEMENT(#3869,-3.);
#2389=DERIVED_UNIT_ELEMENT(#2397,1.);
#2390=DERIVED_UNIT_ELEMENT(#3869,-3.);
#2391=DERIVED_UNIT_ELEMENT(#2397,1.);
#2392=DERIVED_UNIT_ELEMENT(#3869,-3.);
#2393=DERIVED_UNIT_ELEMENT(#2397,1.);
#2394=DERIVED_UNIT_ELEMENT(#3869,-3.);
#2395=DERIVED_UNIT_ELEMENT(#2397,1.);
#2396=DERIVED_UNIT_ELEMENT(#3869,-3.);
#2397=(
MASS_UNIT()
NAMED_UNIT(*)
SI_UNIT(.KILO.,.GRAM.)
);
#2398=DERIVED_UNIT((#2385,#2386));
#2399=DERIVED_UNIT((#2387,#2388));
#2400=DERIVED_UNIT((#2389,#2390));
#2401=DERIVED_UNIT((#2391,#2392));
#2402=DERIVED_UNIT((#2393,#2394));
#2403=DERIVED_UNIT((#2395,#2396));
#2404=MEASURE_REPRESENTATION_ITEM('density measure',
POSITIVE_RATIO_MEASURE(7850.),#2398);
#2405=MEASURE_REPRESENTATION_ITEM('density measure',
POSITIVE_RATIO_MEASURE(7850.),#2399);
#2406=MEASURE_REPRESENTATION_ITEM('density measure',
POSITIVE_RATIO_MEASURE(7850.),#2400);
#2407=MEASURE_REPRESENTATION_ITEM('density measure',
POSITIVE_RATIO_MEASURE(7850.),#2401);
#2408=MEASURE_REPRESENTATION_ITEM('density measure',
POSITIVE_RATIO_MEASURE(7850.),#2402);
#2409=MEASURE_REPRESENTATION_ITEM('density measure',
POSITIVE_RATIO_MEASURE(7850.),#2403);
#2410=PROPERTY_DEFINITION_REPRESENTATION(#2440,#2422);
#2411=PROPERTY_DEFINITION_REPRESENTATION(#2441,#2423);
#2412=PROPERTY_DEFINITION_REPRESENTATION(#2442,#2424);
#2413=PROPERTY_DEFINITION_REPRESENTATION(#2443,#2425);
#2414=PROPERTY_DEFINITION_REPRESENTATION(#2444,#2426);
#2415=PROPERTY_DEFINITION_REPRESENTATION(#2445,#2427);
#2416=PROPERTY_DEFINITION_REPRESENTATION(#2446,#2428);
#2417=PROPERTY_DEFINITION_REPRESENTATION(#2447,#2429);
#2418=PROPERTY_DEFINITION_REPRESENTATION(#2448,#2430);
#2419=PROPERTY_DEFINITION_REPRESENTATION(#2449,#2431);
#2420=PROPERTY_DEFINITION_REPRESENTATION(#2450,#2432);
#2421=PROPERTY_DEFINITION_REPRESENTATION(#2451,#2433);
#2422=REPRESENTATION('material name',(#2434),#3861);
#2423=REPRESENTATION('density',(#2404),#3861);
#2424=REPRESENTATION('material name',(#2435),#3862);
#2425=REPRESENTATION('density',(#2405),#3862);
#2426=REPRESENTATION('material name',(#2436),#3863);
#2427=REPRESENTATION('density',(#2406),#3863);
#2428=REPRESENTATION('material name',(#2437),#3864);
#2429=REPRESENTATION('density',(#2407),#3864);
#2430=REPRESENTATION('material name',(#2438),#3865);
#2431=REPRESENTATION('density',(#2408),#3865);
#2432=REPRESENTATION('material name',(#2439),#3866);
#2433=REPRESENTATION('density',(#2409),#3866);
#2434=DESCRIPTIVE_REPRESENTATION_ITEM('Steel','Steel');
#2435=DESCRIPTIVE_REPRESENTATION_ITEM('Steel','Steel');
#2436=DESCRIPTIVE_REPRESENTATION_ITEM('Steel','Steel');
#2437=DESCRIPTIVE_REPRESENTATION_ITEM('Steel','Steel');
#2438=DESCRIPTIVE_REPRESENTATION_ITEM('Steel','Steel');
#2439=DESCRIPTIVE_REPRESENTATION_ITEM('Steel','Steel');
#2440=PROPERTY_DEFINITION('material property','material name',#3901);
#2441=PROPERTY_DEFINITION('material property','density of part',#3901);
#2442=PROPERTY_DEFINITION('material property','material name',#3902);
#2443=PROPERTY_DEFINITION('material property','density of part',#3902);
#2444=PROPERTY_DEFINITION('material property','material name',#3903);
#2445=PROPERTY_DEFINITION('material property','density of part',#3903);
#2446=PROPERTY_DEFINITION('material property','material name',#3904);
#2447=PROPERTY_DEFINITION('material property','density of part',#3904);
#2448=PROPERTY_DEFINITION('material property','material name',#3905);
#2449=PROPERTY_DEFINITION('material property','density of part',#3905);
#2450=PROPERTY_DEFINITION('material property','material name',#3906);
#2451=PROPERTY_DEFINITION('material property','density of part',#3906);
#2452=AXIS2_PLACEMENT_3D('',#3178,#2586,#2587);
#2453=AXIS2_PLACEMENT_3D('',#3179,#2588,#2589);
#2454=AXIS2_PLACEMENT_3D('',#3180,#2590,#2591);
#2455=AXIS2_PLACEMENT_3D('',#3189,#2596,#2597);
#2456=AXIS2_PLACEMENT_3D('',#3195,#2601,#2602);
#2457=AXIS2_PLACEMENT_3D('',#3201,#2606,#2607);
#2458=AXIS2_PLACEMENT_3D('',#3204,#2610,#2611);
#2459=AXIS2_PLACEMENT_3D('',#3205,#2612,#2613);
#2460=AXIS2_PLACEMENT_3D('',#3206,#2614,#2615);
#2461=AXIS2_PLACEMENT_3D('',#3207,#2616,#2617);
#2462=AXIS2_PLACEMENT_3D('',#3216,#2622,#2623);
#2463=AXIS2_PLACEMENT_3D('',#3222,#2627,#2628);
#2464=AXIS2_PLACEMENT_3D('',#3228,#2632,#2633);
#2465=AXIS2_PLACEMENT_3D('',#3234,#2637,#2638);
#2466=AXIS2_PLACEMENT_3D('',#3240,#2642,#2643);
#2467=AXIS2_PLACEMENT_3D('',#3246,#2647,#2648);
#2468=AXIS2_PLACEMENT_3D('',#3252,#2652,#2653);
#2469=AXIS2_PLACEMENT_3D('',#3258,#2657,#2658);
#2470=AXIS2_PLACEMENT_3D('',#3264,#2662,#2663);
#2471=AXIS2_PLACEMENT_3D('',#3270,#2667,#2668);
#2472=AXIS2_PLACEMENT_3D('',#3276,#2672,#2673);
#2473=AXIS2_PLACEMENT_3D('',#3282,#2677,#2678);
#2474=AXIS2_PLACEMENT_3D('',#3288,#2682,#2683);
#2475=AXIS2_PLACEMENT_3D('',#3294,#2687,#2688);
#2476=AXIS2_PLACEMENT_3D('',#3300,#2692,#2693);
#2477=AXIS2_PLACEMENT_3D('',#3306,#2697,#2698);
#2478=AXIS2_PLACEMENT_3D('',#3312,#2702,#2703);
#2479=AXIS2_PLACEMENT_3D('',#3318,#2707,#2708);
#2480=AXIS2_PLACEMENT_3D('',#3324,#2712,#2713);
#2481=AXIS2_PLACEMENT_3D('',#3330,#2717,#2718);
#2482=AXIS2_PLACEMENT_3D('',#3336,#2722,#2723);
#2483=AXIS2_PLACEMENT_3D('',#3342,#2727,#2728);
#2484=AXIS2_PLACEMENT_3D('',#3348,#2732,#2733);
#2485=AXIS2_PLACEMENT_3D('',#3351,#2736,#2737);
#2486=AXIS2_PLACEMENT_3D('',#3352,#2738,#2739);
#2487=AXIS2_PLACEMENT_3D('',#3353,#2740,#2741);
#2488=AXIS2_PLACEMENT_3D('',#3354,#2742,#2743);
#2489=AXIS2_PLACEMENT_3D('',#3363,#2748,#2749);
#2490=AXIS2_PLACEMENT_3D('',#3369,#2753,#2754);
#2491=AXIS2_PLACEMENT_3D('',#3375,#2758,#2759);
#2492=AXIS2_PLACEMENT_3D('',#3381,#2763,#2764);
#2493=AXIS2_PLACEMENT_3D('',#3387,#2768,#2769);
#2494=AXIS2_PLACEMENT_3D('',#3393,#2773,#2774);
#2495=AXIS2_PLACEMENT_3D('',#3399,#2778,#2779);
#2496=AXIS2_PLACEMENT_3D('',#3405,#2783,#2784);
#2497=AXIS2_PLACEMENT_3D('',#3411,#2788,#2789);
#2498=AXIS2_PLACEMENT_3D('',#3417,#2793,#2794);
#2499=AXIS2_PLACEMENT_3D('',#3423,#2798,#2799);
#2500=AXIS2_PLACEMENT_3D('',#3429,#2803,#2804);
#2501=AXIS2_PLACEMENT_3D('',#3435,#2808,#2809);
#2502=AXIS2_PLACEMENT_3D('',#3441,#2813,#2814);
#2503=AXIS2_PLACEMENT_3D('',#3447,#2818,#2819);
#2504=AXIS2_PLACEMENT_3D('',#3453,#2823,#2824);
#2505=AXIS2_PLACEMENT_3D('',#3459,#2828,#2829);
#2506=AXIS2_PLACEMENT_3D('',#3465,#2833,#2834);
#2507=AXIS2_PLACEMENT_3D('',#3471,#2838,#2839);
#2508=AXIS2_PLACEMENT_3D('',#3477,#2843,#2844);
#2509=AXIS2_PLACEMENT_3D('',#3483,#2848,#2849);
#2510=AXIS2_PLACEMENT_3D('',#3489,#2853,#2854);
#2511=AXIS2_PLACEMENT_3D('',#3495,#2858,#2859);
#2512=AXIS2_PLACEMENT_3D('',#3501,#2863,#2864);
#2513=AXIS2_PLACEMENT_3D('',#3507,#2868,#2869);
#2514=AXIS2_PLACEMENT_3D('',#3510,#2872,#2873);
#2515=AXIS2_PLACEMENT_3D('',#3511,#2874,#2875);
#2516=AXIS2_PLACEMENT_3D('',#3512,#2876,#2877);
#2517=AXIS2_PLACEMENT_3D('',#3513,#2878,#2879);
#2518=AXIS2_PLACEMENT_3D('',#3522,#2884,#2885);
#2519=AXIS2_PLACEMENT_3D('',#3528,#2889,#2890);
#2520=AXIS2_PLACEMENT_3D('',#3534,#2894,#2895);
#2521=AXIS2_PLACEMENT_3D('',#3540,#2899,#2900);
#2522=AXIS2_PLACEMENT_3D('',#3546,#2904,#2905);
#2523=AXIS2_PLACEMENT_3D('',#3552,#2909,#2910);
#2524=AXIS2_PLACEMENT_3D('',#3558,#2914,#2915);
#2525=AXIS2_PLACEMENT_3D('',#3564,#2919,#2920);
#2526=AXIS2_PLACEMENT_3D('',#3570,#2924,#2925);
#2527=AXIS2_PLACEMENT_3D('',#3576,#2929,#2930);
#2528=AXIS2_PLACEMENT_3D('',#3582,#2934,#2935);
#2529=AXIS2_PLACEMENT_3D('',#3588,#2939,#2940);
#2530=AXIS2_PLACEMENT_3D('',#3594,#2944,#2945);
#2531=AXIS2_PLACEMENT_3D('',#3600,#2949,#2950);
#2532=AXIS2_PLACEMENT_3D('',#3606,#2954,#2955);
#2533=AXIS2_PLACEMENT_3D('',#3612,#2959,#2960);
#2534=AXIS2_PLACEMENT_3D('',#3618,#2964,#2965);
#2535=AXIS2_PLACEMENT_3D('',#3624,#2969,#2970);
#2536=AXIS2_PLACEMENT_3D('',#3630,#2974,#2975);
#2537=AXIS2_PLACEMENT_3D('',#3636,#2979,#2980);
#2538=AXIS2_PLACEMENT_3D('',#3642,#2984,#2985);
#2539=AXIS2_PLACEMENT_3D('',#3648,#2989,#2990);
#2540=AXIS2_PLACEMENT_3D('',#3654,#2994,#2995);
#2541=AXIS2_PLACEMENT_3D('',#3660,#2999,#3000);
#2542=AXIS2_PLACEMENT_3D('',#3666,#3004,#3005);
#2543=AXIS2_PLACEMENT_3D('',#3669,#3008,#3009);
#2544=AXIS2_PLACEMENT_3D('',#3670,#3010,#3011);
#2545=AXIS2_PLACEMENT_3D('',#3671,#3012,#3013);
#2546=AXIS2_PLACEMENT_3D('',#3672,#3014,#3015);
#2547=AXIS2_PLACEMENT_3D('',#3681,#3020,#3021);
#2548=AXIS2_PLACEMENT_3D('',#3690,#3026,#3027);
#2549=AXIS2_PLACEMENT_3D('',#3696,#3031,#3032);
#2550=AXIS2_PLACEMENT_3D('',#3702,#3036,#3037);
#2551=AXIS2_PLACEMENT_3D('',#3708,#3041,#3042);
#2552=AXIS2_PLACEMENT_3D('',#3714,#3046,#3047);
#2553=AXIS2_PLACEMENT_3D('',#3720,#3051,#3052);
#2554=AXIS2_PLACEMENT_3D('',#3726,#3056,#3057);
#2555=AXIS2_PLACEMENT_3D('',#3732,#3061,#3062);
#2556=AXIS2_PLACEMENT_3D('',#3738,#3066,#3067);
#2557=AXIS2_PLACEMENT_3D('',#3744,#3071,#3072);
#2558=AXIS2_PLACEMENT_3D('',#3750,#3076,#3077);
#2559=AXIS2_PLACEMENT_3D('',#3756,#3081,#3082);
#2560=AXIS2_PLACEMENT_3D('',#3762,#3086,#3087);
#2561=AXIS2_PLACEMENT_3D('',#3768,#3091,#3092);
#2562=AXIS2_PLACEMENT_3D('',#3771,#3095,#3096);
#2563=AXIS2_PLACEMENT_3D('',#3777,#3100,#3101);
#2564=AXIS2_PLACEMENT_3D('',#3783,#3105,#3106);
#2565=AXIS2_PLACEMENT_3D('',#3789,#3110,#3111);
#2566=AXIS2_PLACEMENT_3D('',#3795,#3115,#3116);
#2567=AXIS2_PLACEMENT_3D('',#3801,#3120,#3121);
#2568=AXIS2_PLACEMENT_3D('',#3807,#3125,#3126);
#2569=AXIS2_PLACEMENT_3D('',#3813,#3130,#3131);
#2570=AXIS2_PLACEMENT_3D('',#3816,#3134,#3135);
#2571=AXIS2_PLACEMENT_3D('',#3817,#3136,#3137);
#2572=AXIS2_PLACEMENT_3D('',#3818,#3138,#3139);
#2573=AXIS2_PLACEMENT_3D('',#3819,#3140,#3141);
#2574=AXIS2_PLACEMENT_3D('',#3828,#3146,#3147);
#2575=AXIS2_PLACEMENT_3D('',#3834,#3151,#3152);
#2576=AXIS2_PLACEMENT_3D('',#3840,#3156,#3157);
#2577=AXIS2_PLACEMENT_3D('',#3843,#3160,#3161);
#2578=AXIS2_PLACEMENT_3D('',#3844,#3162,#3163);
#2579=AXIS2_PLACEMENT_3D('',#3845,#3164,#3165);
#2580=AXIS2_PLACEMENT_3D('',#3846,#3166,#3167);
#2581=AXIS2_PLACEMENT_3D('',#3847,#3168,#3169);
#2582=AXIS2_PLACEMENT_3D('',#3848,#3170,#3171);
#2583=AXIS2_PLACEMENT_3D('',#3849,#3172,#3173);
#2584=AXIS2_PLACEMENT_3D('',#3850,#3174,#3175);
#2585=AXIS2_PLACEMENT_3D('',#3851,#3176,#3177);
#2586=DIRECTION('axis',(0.,0.,1.));
#2587=DIRECTION('refdir',(1.,0.,0.));
#2588=DIRECTION('axis',(0.,0.,1.));
#2589=DIRECTION('refdir',(1.,0.,0.));
#2590=DIRECTION('center_axis',(0.,-1.,0.));
#2591=DIRECTION('ref_axis',(-1.,0.,0.));
#2592=DIRECTION('',(1.,0.,0.));
#2593=DIRECTION('',(0.,0.,-1.));
#2594=DIRECTION('',(-1.,0.,0.));
#2595=DIRECTION('',(0.,0.,-1.));
#2596=DIRECTION('center_axis',(1.,0.,0.));
#2597=DIRECTION('ref_axis',(0.,-1.,0.));
#2598=DIRECTION('',(0.,1.,0.));
#2599=DIRECTION('',(0.,-1.,0.));
#2600=DIRECTION('',(0.,0.,-1.));
#2601=DIRECTION('center_axis',(0.,1.,0.));
#2602=DIRECTION('ref_axis',(1.,0.,0.));
#2603=DIRECTION('',(-1.,0.,0.));
#2604=DIRECTION('',(1.,0.,0.));
#2605=DIRECTION('',(0.,0.,-1.));
#2606=DIRECTION('center_axis',(-1.,0.,0.));
#2607=DIRECTION('ref_axis',(0.,1.,0.));
#2608=DIRECTION('',(0.,-1.,0.));
#2609=DIRECTION('',(0.,1.,0.));
#2610=DIRECTION('center_axis',(0.,0.,1.));
#2611=DIRECTION('ref_axis',(1.,0.,0.));
#2612=DIRECTION('center_axis',(0.,0.,-1.));
#2613=DIRECTION('ref_axis',(-1.,0.,0.));
#2614=DIRECTION('axis',(0.,0.,1.));
#2615=DIRECTION('refdir',(1.,0.,0.));
#2616=DIRECTION('center_axis',(1.,0.,0.));
#2617=DIRECTION('ref_axis',(0.,0.,1.));
#2618=DIRECTION('',(0.,0.,-1.));
#2619=DIRECTION('',(0.,-1.,0.));
#2620=DIRECTION('',(0.,0.,1.));
#2621=DIRECTION('',(0.,-1.,0.));
#2622=DIRECTION('center_axis',(0.,0.,1.));
#2623=DIRECTION('ref_axis',(-1.,0.,0.));
#2624=DIRECTION('',(-1.,0.,0.));
#2625=DIRECTION('',(-1.,0.,0.));
#2626=DIRECTION('',(0.,-1.,0.));
#2627=DIRECTION('center_axis',(1.,0.,0.));
#2628=DIRECTION('ref_axis',(0.,0.,1.));
#2629=DIRECTION('',(0.,0.,1.));
#2630=DIRECTION('',(0.,0.,1.));
#2631=DIRECTION('',(0.,-1.,0.));
#2632=DIRECTION('center_axis',(1.17390015657889E-31,0.,-1.));
#2633=DIRECTION('ref_axis',(1.,0.,1.17390015657889E-31));
#2634=DIRECTION('',(-1.,0.,-1.17390015657889E-31));
#2635=DIRECTION('',(1.,0.,1.17390015657889E-31));
#2636=DIRECTION('',(0.,-1.,0.));
#2637=DIRECTION('center_axis',(-1.,0.,0.));
#2638=DIRECTION('ref_axis',(0.,0.,-1.));
#2639=DIRECTION('',(0.,0.,1.));
#2640=DIRECTION('',(0.,0.,-1.));
#2641=DIRECTION('',(0.,-1.,0.));
#2642=DIRECTION('center_axis',(0.,0.,1.));
#2643=DIRECTION('ref_axis',(-1.,0.,0.));
#2644=DIRECTION('',(1.,0.,0.));
#2645=DIRECTION('',(-1.,0.,0.));
#2646=DIRECTION('',(0.,-1.,0.));
#2647=DIRECTION('center_axis',(-1.,0.,0.));
#2648=DIRECTION('ref_axis',(0.,0.,-1.));
#2649=DIRECTION('',(0.,0.,1.));
#2650=DIRECTION('',(0.,0.,-1.));
#2651=DIRECTION('',(0.,-1.,0.));
#2652=DIRECTION('center_axis',(0.,0.,-1.));
#2653=DIRECTION('ref_axis',(1.,0.,0.));
#2654=DIRECTION('',(-1.,0.,0.));
#2655=DIRECTION('',(1.,0.,0.));
#2656=DIRECTION('',(0.,-1.,0.));
#2657=DIRECTION('center_axis',(-1.,0.,0.));
#2658=DIRECTION('ref_axis',(0.,0.,-1.));
#2659=DIRECTION('',(0.,0.,1.));
#2660=DIRECTION('',(0.,0.,-1.));
#2661=DIRECTION('',(0.,-1.,0.));
#2662=DIRECTION('center_axis',(0.,0.,1.));
#2663=DIRECTION('ref_axis',(-1.,0.,0.));
#2664=DIRECTION('',(1.,0.,0.));
#2665=DIRECTION('',(-1.,0.,0.));
#2666=DIRECTION('',(0.,-1.,0.));
#2667=DIRECTION('center_axis',(-1.,0.,0.));
#2668=DIRECTION('ref_axis',(0.,0.,-1.));
#2669=DIRECTION('',(0.,0.,1.));
#2670=DIRECTION('',(0.,0.,-1.));
#2671=DIRECTION('',(0.,-1.,0.));
#2672=DIRECTION('center_axis',(0.,0.,-1.));
#2673=DIRECTION('ref_axis',(1.,0.,0.));
#2674=DIRECTION('',(-1.,0.,0.));
#2675=DIRECTION('',(1.,0.,0.));
#2676=DIRECTION('',(0.,-1.,0.));
#2677=DIRECTION('center_axis',(-1.,0.,0.));
#2678=DIRECTION('ref_axis',(0.,0.,-1.));
#2679=DIRECTION('',(0.,0.,1.));
#2680=DIRECTION('',(0.,0.,-1.));
#2681=DIRECTION('',(0.,-1.,0.));
#2682=DIRECTION('center_axis',(0.,0.,1.));
#2683=DIRECTION('ref_axis',(-1.,0.,0.));
#2684=DIRECTION('',(1.,0.,0.));
#2685=DIRECTION('',(-1.,0.,0.));
#2686=DIRECTION('',(0.,-1.,0.));
#2687=DIRECTION('center_axis',(-1.,0.,0.));
#2688=DIRECTION('ref_axis',(0.,0.,-1.));
#2689=DIRECTION('',(0.,0.,1.));
#2690=DIRECTION('',(0.,0.,-1.));
#2691=DIRECTION('',(0.,-1.,0.));
#2692=DIRECTION('center_axis',(0.,0.,1.));
#2693=DIRECTION('ref_axis',(-1.,0.,0.));
#2694=DIRECTION('',(1.,0.,0.));
#2695=DIRECTION('',(-1.,0.,0.));
#2696=DIRECTION('',(0.,-1.,0.));
#2697=DIRECTION('center_axis',(1.,0.,0.));
#2698=DIRECTION('ref_axis',(0.,0.,1.));
#2699=DIRECTION('',(0.,0.,-1.));
#2700=DIRECTION('',(0.,0.,1.));
#2701=DIRECTION('',(0.,-1.,0.));
#2702=DIRECTION('center_axis',(0.,0.,1.));
#2703=DIRECTION('ref_axis',(-1.,0.,0.));
#2704=DIRECTION('',(-1.,0.,0.));
#2705=DIRECTION('',(-1.,0.,0.));
#2706=DIRECTION('',(0.,-1.,0.));
#2707=DIRECTION('center_axis',(1.,0.,0.));
#2708=DIRECTION('ref_axis',(0.,0.,1.));
#2709=DIRECTION('',(0.,0.,1.));
#2710=DIRECTION('',(0.,0.,1.));
#2711=DIRECTION('',(0.,-1.,0.));
#2712=DIRECTION('center_axis',(0.,0.,-1.));
#2713=DIRECTION('ref_axis',(1.,0.,0.));
#2714=DIRECTION('',(1.,0.,0.));
#2715=DIRECTION('',(1.,0.,0.));
#2716=DIRECTION('',(0.,-1.,0.));
#2717=DIRECTION('center_axis',(1.,0.,0.));
#2718=DIRECTION('ref_axis',(0.,0.,1.));
#2719=DIRECTION('',(0.,0.,-1.));
#2720=DIRECTION('',(0.,0.,1.));
#2721=DIRECTION('',(0.,-1.,0.));
#2722=DIRECTION('center_axis',(0.,0.,1.));
#2723=DIRECTION('ref_axis',(-1.,0.,0.));
#2724=DIRECTION('',(-1.,0.,0.));
#2725=DIRECTION('',(-1.,0.,0.));
#2726=DIRECTION('',(0.,-1.,0.));
#2727=DIRECTION('center_axis',(1.,0.,0.));
#2728=DIRECTION('ref_axis',(0.,0.,1.));
#2729=DIRECTION('',(0.,0.,1.));
#2730=DIRECTION('',(0.,0.,1.));
#2731=DIRECTION('',(0.,-1.,0.));
#2732=DIRECTION('center_axis',(0.,0.,-1.));
#2733=DIRECTION('ref_axis',(1.,0.,0.));
#2734=DIRECTION('',(1.,0.,0.));
#2735=DIRECTION('',(1.,0.,0.));
#2736=DIRECTION('center_axis',(0.,-1.,0.));
#2737=DIRECTION('ref_axis',(0.,0.,-1.));
#2738=DIRECTION('center_axis',(0.,-1.,0.));
#2739=DIRECTION('ref_axis',(1.,0.,0.));
#2740=DIRECTION('axis',(0.,0.,1.));
#2741=DIRECTION('refdir',(1.,0.,0.));
#2742=DIRECTION('center_axis',(0.,-1.,0.));
#2743=DIRECTION('ref_axis',(1.,0.,0.));
#2744=DIRECTION('',(-1.,0.,0.));
#2745=DIRECTION('',(0.,0.,1.));
#2746=DIRECTION('',(1.,0.,0.));
#2747=DIRECTION('',(0.,0.,1.));
#2748=DIRECTION('center_axis',(0.,0.,1.));
#2749=DIRECTION('ref_axis',(1.,0.,0.));
#2750=DIRECTION('',(0.,1.,0.));
#2751=DIRECTION('',(-1.,0.,0.));
#2752=DIRECTION('',(0.,-1.,0.));
#2753=DIRECTION('center_axis',(0.,0.,1.));
#2754=DIRECTION('ref_axis',(0.,1.,0.));
#2755=DIRECTION('',(0.,1.,0.));
#2756=DIRECTION('',(-1.,0.,0.));
#2757=DIRECTION('',(0.,-1.,0.));
#2758=DIRECTION('center_axis',(0.,-1.,0.));
#2759=DIRECTION('ref_axis',(0.,0.,1.));
#2760=DIRECTION('',(0.,0.,-1.));
#2761=DIRECTION('',(0.,0.,1.));
#2762=DIRECTION('',(-1.,0.,0.));
#2763=DIRECTION('center_axis',(0.,0.,-1.));
#2764=DIRECTION('ref_axis',(0.,-1.,0.));
#2765=DIRECTION('',(0.,1.,0.));
#2766=DIRECTION('',(0.,-1.,0.));
#2767=DIRECTION('',(-1.,0.,0.));
#2768=DIRECTION('center_axis',(0.,-1.,6.12323399573677E-17));
#2769=DIRECTION('ref_axis',(0.,6.12323399573677E-17,1.));
#2770=DIRECTION('',(0.,-6.12323399573677E-17,-1.));
#2771=DIRECTION('',(0.,6.12323399573677E-17,1.));
#2772=DIRECTION('',(-1.,0.,0.));
#2773=DIRECTION('center_axis',(0.,0.,1.));
#2774=DIRECTION('ref_axis',(0.,1.,0.));
#2775=DIRECTION('',(0.,-1.,0.));
#2776=DIRECTION('',(0.,1.,0.));
#2777=DIRECTION('',(-1.,0.,0.));
#2778=DIRECTION('center_axis',(0.,-1.,0.));
#2779=DIRECTION('ref_axis',(0.,0.,1.));
#2780=DIRECTION('',(0.,0.,-1.));
#2781=DIRECTION('',(0.,0.,1.));
#2782=DIRECTION('',(-1.,0.,0.));
#2783=DIRECTION('center_axis',(0.,0.,-1.));
#2784=DIRECTION('ref_axis',(0.,-1.,0.));
#2785=DIRECTION('',(0.,1.,0.));
#2786=DIRECTION('',(0.,-1.,0.));
#2787=DIRECTION('',(-1.,0.,0.));
#2788=DIRECTION('center_axis',(0.,-1.,6.12323399573677E-17));
#2789=DIRECTION('ref_axis',(0.,6.12323399573677E-17,1.));
#2790=DIRECTION('',(0.,-6.12323399573677E-17,-1.));
#2791=DIRECTION('',(0.,6.12323399573677E-17,1.));
#2792=DIRECTION('',(-1.,0.,0.));
#2793=DIRECTION('center_axis',(0.,0.,1.));
#2794=DIRECTION('ref_axis',(0.,1.,0.));
#2795=DIRECTION('',(0.,-1.,0.));
#2796=DIRECTION('',(0.,1.,0.));
#2797=DIRECTION('',(-1.,0.,0.));
#2798=DIRECTION('center_axis',(0.,-1.,0.));
#2799=DIRECTION('ref_axis',(0.,0.,1.));
#2800=DIRECTION('',(0.,0.,-1.));
#2801=DIRECTION('',(0.,0.,1.));
#2802=DIRECTION('',(-1.,0.,0.));
#2803=DIRECTION('center_axis',(0.,0.,-1.));
#2804=DIRECTION('ref_axis',(0.,-1.,0.));
#2805=DIRECTION('',(0.,1.,0.));
#2806=DIRECTION('',(0.,-1.,0.));
#2807=DIRECTION('',(-1.,0.,0.));
#2808=DIRECTION('center_axis',(0.,-1.,6.12323399573677E-17));
#2809=DIRECTION('ref_axis',(0.,6.12323399573677E-17,1.));
#2810=DIRECTION('',(0.,-6.12323399573677E-17,-1.));
#2811=DIRECTION('',(0.,6.12323399573677E-17,1.));
#2812=DIRECTION('',(-1.,0.,0.));
#2813=DIRECTION('center_axis',(0.,0.,-1.));
#2814=DIRECTION('ref_axis',(0.,-1.,0.));
#2815=DIRECTION('',(0.,1.,0.));
#2816=DIRECTION('',(0.,-1.,0.));
#2817=DIRECTION('',(-1.,0.,0.));
#2818=DIRECTION('center_axis',(0.,1.,0.));
#2819=DIRECTION('ref_axis',(0.,0.,-1.));
#2820=DIRECTION('',(0.,0.,1.));
#2821=DIRECTION('',(0.,0.,-1.));
#2822=DIRECTION('',(-1.,0.,0.));
#2823=DIRECTION('center_axis',(0.,0.,-1.));
#2824=DIRECTION('ref_axis',(0.,-1.,0.));
#2825=DIRECTION('',(0.,-1.,0.));
#2826=DIRECTION('',(0.,-1.,0.));
#2827=DIRECTION('',(-1.,0.,0.));
#2828=DIRECTION('center_axis',(0.,1.,0.));
#2829=DIRECTION('ref_axis',(0.,0.,-1.));
#2830=DIRECTION('',(0.,0.,-1.));
#2831=DIRECTION('',(0.,0.,-1.));
#2832=DIRECTION('',(-1.,0.,0.));
#2833=DIRECTION('center_axis',(0.,0.,1.));
#2834=DIRECTION('ref_axis',(0.,1.,0.));
#2835=DIRECTION('',(0.,1.,0.));
#2836=DIRECTION('',(0.,1.,0.));
#2837=DIRECTION('',(-1.,0.,0.));
#2838=DIRECTION('center_axis',(0.,1.,0.));
#2839=DIRECTION('ref_axis',(0.,0.,-1.));
#2840=DIRECTION('',(0.,0.,1.));
#2841=DIRECTION('',(0.,0.,-1.));
#2842=DIRECTION('',(-1.,0.,0.));
#2843=DIRECTION('center_axis',(0.,0.,-1.));
#2844=DIRECTION('ref_axis',(0.,-1.,0.));
#2845=DIRECTION('',(0.,-1.,0.));
#2846=DIRECTION('',(0.,-1.,0.));
#2847=DIRECTION('',(-1.,0.,0.));
#2848=DIRECTION('center_axis',(0.,1.,0.));
#2849=DIRECTION('ref_axis',(0.,0.,-1.));
#2850=DIRECTION('',(0.,0.,-1.));
#2851=DIRECTION('',(0.,0.,-1.));
#2852=DIRECTION('',(-1.,0.,0.));
#2853=DIRECTION('center_axis',(0.,0.,1.));
#2854=DIRECTION('ref_axis',(0.,1.,0.));
#2855=DIRECTION('',(0.,1.,0.));
#2856=DIRECTION('',(0.,1.,0.));
#2857=DIRECTION('',(-1.,0.,0.));
#2858=DIRECTION('center_axis',(0.,1.,0.));
#2859=DIRECTION('ref_axis',(0.,0.,-1.));
#2860=DIRECTION('',(0.,0.,1.));
#2861=DIRECTION('',(0.,0.,-1.));
#2862=DIRECTION('',(-1.,0.,0.));
#2863=DIRECTION('center_axis',(0.,0.,-1.));
#2864=DIRECTION('ref_axis',(0.,-1.,0.));
#2865=DIRECTION('',(0.,-1.,0.));
#2866=DIRECTION('',(0.,-1.,0.));
#2867=DIRECTION('',(-1.,0.,0.));
#2868=DIRECTION('center_axis',(0.,1.,0.));
#2869=DIRECTION('ref_axis',(0.,0.,-1.));
#2870=DIRECTION('',(0.,0.,1.));
#2871=DIRECTION('',(0.,0.,1.));
#2872=DIRECTION('center_axis',(-1.,0.,0.));
#2873=DIRECTION('ref_axis',(0.,0.,1.));
#2874=DIRECTION('center_axis',(-1.,0.,0.));
#2875=DIRECTION('ref_axis',(0.,-1.,0.));
#2876=DIRECTION('axis',(0.,0.,1.));
#2877=DIRECTION('refdir',(1.,0.,0.));
#2878=DIRECTION('center_axis',(0.,-1.,0.));
#2879=DIRECTION('ref_axis',(-1.,0.,0.));
#2880=DIRECTION('',(1.,0.,0.));
#2881=DIRECTION('',(0.,0.,-1.));
#2882=DIRECTION('',(-1.,0.,0.));
#2883=DIRECTION('',(0.,0.,-1.));
#2884=DIRECTION('center_axis',(0.,0.,-1.));
#2885=DIRECTION('ref_axis',(-1.,0.,0.));
#2886=DIRECTION('',(0.,1.,0.));
#2887=DIRECTION('',(1.,0.,0.));
#2888=DIRECTION('',(0.,-1.,0.));
#2889=DIRECTION('center_axis',(0.,0.,1.));
#2890=DIRECTION('ref_axis',(0.,1.,0.));
#2891=DIRECTION('',(0.,-1.,0.));
#2892=DIRECTION('',(-1.,0.,0.));
#2893=DIRECTION('',(0.,1.,0.));
#2894=DIRECTION('center_axis',(0.,1.,0.));
#2895=DIRECTION('ref_axis',(0.,0.,-1.));
#2896=DIRECTION('',(0.,0.,1.));
#2897=DIRECTION('',(-1.,0.,0.));
#2898=DIRECTION('',(0.,0.,-1.));
#2899=DIRECTION('center_axis',(0.,0.,-1.));
#2900=DIRECTION('ref_axis',(0.,-1.,0.));
#2901=DIRECTION('',(0.,1.,0.));
#2902=DIRECTION('',(-1.,0.,0.));
#2903=DIRECTION('',(0.,-1.,0.));
#2904=DIRECTION('center_axis',(0.,1.,6.12323399573677E-17));
#2905=DIRECTION('ref_axis',(0.,6.12323399573677E-17,-1.));
#2906=DIRECTION('',(0.,-6.12323399573677E-17,1.));
#2907=DIRECTION('',(-1.,0.,0.));
#2908=DIRECTION('',(0.,6.12323399573677E-17,-1.));
#2909=DIRECTION('center_axis',(0.,0.,1.));
#2910=DIRECTION('ref_axis',(0.,1.,0.));
#2911=DIRECTION('',(0.,-1.,0.));
#2912=DIRECTION('',(-1.,0.,0.));
#2913=DIRECTION('',(0.,1.,0.));
#2914=DIRECTION('center_axis',(0.,1.,0.));
#2915=DIRECTION('ref_axis',(0.,0.,-1.));
#2916=DIRECTION('',(0.,0.,1.));
#2917=DIRECTION('',(-1.,0.,0.));
#2918=DIRECTION('',(0.,0.,-1.));
#2919=DIRECTION('center_axis',(0.,0.,-1.));
#2920=DIRECTION('ref_axis',(0.,-1.,0.));
#2921=DIRECTION('',(0.,1.,0.));
#2922=DIRECTION('',(-1.,0.,0.));
#2923=DIRECTION('',(0.,-1.,0.));
#2924=DIRECTION('center_axis',(0.,1.,6.12323399573677E-17));
#2925=DIRECTION('ref_axis',(0.,6.12323399573677E-17,-1.));
#2926=DIRECTION('',(0.,-6.12323399573677E-17,1.));
#2927=DIRECTION('',(-1.,0.,0.));
#2928=DIRECTION('',(0.,6.12323399573677E-17,-1.));
#2929=DIRECTION('center_axis',(0.,0.,1.));
#2930=DIRECTION('ref_axis',(0.,1.,0.));
#2931=DIRECTION('',(0.,-1.,0.));
#2932=DIRECTION('',(-1.,0.,0.));
#2933=DIRECTION('',(0.,1.,0.));
#2934=DIRECTION('center_axis',(0.,1.,0.));
#2935=DIRECTION('ref_axis',(0.,0.,-1.));
#2936=DIRECTION('',(0.,0.,1.));
#2937=DIRECTION('',(-1.,0.,0.));
#2938=DIRECTION('',(0.,0.,-1.));
#2939=DIRECTION('center_axis',(0.,0.,-1.));
#2940=DIRECTION('ref_axis',(0.,-1.,0.));
#2941=DIRECTION('',(0.,1.,0.));
#2942=DIRECTION('',(-1.,0.,0.));
#2943=DIRECTION('',(0.,-1.,0.));
#2944=DIRECTION('center_axis',(0.,1.,6.12323399573677E-17));
#2945=DIRECTION('ref_axis',(0.,6.12323399573677E-17,-1.));
#2946=DIRECTION('',(0.,-6.12323399573677E-17,1.));
#2947=DIRECTION('',(-1.,0.,0.));
#2948=DIRECTION('',(0.,6.12323399573677E-17,-1.));
#2949=DIRECTION('center_axis',(0.,0.,-1.));
#2950=DIRECTION('ref_axis',(0.,-1.,0.));
#2951=DIRECTION('',(0.,1.,0.));
#2952=DIRECTION('',(-1.,0.,0.));
#2953=DIRECTION('',(0.,-1.,0.));
#2954=DIRECTION('center_axis',(0.,-1.,0.));
#2955=DIRECTION('ref_axis',(0.,0.,1.));
#2956=DIRECTION('',(0.,0.,-1.));
#2957=DIRECTION('',(-1.,0.,0.));
#2958=DIRECTION('',(0.,0.,1.));
#2959=DIRECTION('center_axis',(0.,0.,-1.));
#2960=DIRECTION('ref_axis',(0.,-1.,0.));
#2961=DIRECTION('',(0.,-1.,0.));
#2962=DIRECTION('',(-1.,0.,0.));
#2963=DIRECTION('',(0.,-1.,0.));
#2964=DIRECTION('center_axis',(0.,-1.,0.));
#2965=DIRECTION('ref_axis',(0.,0.,1.));
#2966=DIRECTION('',(0.,0.,1.));
#2967=DIRECTION('',(-1.,0.,0.));
#2968=DIRECTION('',(0.,0.,1.));
#2969=DIRECTION('center_axis',(0.,0.,1.));
#2970=DIRECTION('ref_axis',(0.,1.,0.));
#2971=DIRECTION('',(0.,1.,0.));
#2972=DIRECTION('',(-1.,0.,0.));
#2973=DIRECTION('',(0.,1.,0.));
#2974=DIRECTION('center_axis',(0.,-1.,0.));
#2975=DIRECTION('ref_axis',(0.,0.,1.));
#2976=DIRECTION('',(0.,0.,-1.));
#2977=DIRECTION('',(-1.,0.,0.));
#2978=DIRECTION('',(0.,0.,1.));
#2979=DIRECTION('center_axis',(0.,0.,-1.));
#2980=DIRECTION('ref_axis',(0.,-1.,0.));
#2981=DIRECTION('',(0.,-1.,0.));
#2982=DIRECTION('',(-1.,0.,0.));
#2983=DIRECTION('',(0.,-1.,0.));
#2984=DIRECTION('center_axis',(0.,-1.,0.));
#2985=DIRECTION('ref_axis',(0.,0.,1.));
#2986=DIRECTION('',(0.,0.,1.));
#2987=DIRECTION('',(-1.,0.,0.));
#2988=DIRECTION('',(0.,0.,1.));
#2989=DIRECTION('center_axis',(0.,0.,1.));
#2990=DIRECTION('ref_axis',(0.,1.,0.));
#2991=DIRECTION('',(0.,1.,0.));
#2992=DIRECTION('',(-1.,0.,0.));
#2993=DIRECTION('',(0.,1.,0.));
#2994=DIRECTION('center_axis',(0.,-1.,0.));
#2995=DIRECTION('ref_axis',(0.,0.,1.));
#2996=DIRECTION('',(0.,0.,-1.));
#2997=DIRECTION('',(-1.,0.,0.));
#2998=DIRECTION('',(0.,0.,1.));
#2999=DIRECTION('center_axis',(0.,0.,-1.));
#3000=DIRECTION('ref_axis',(0.,-1.,0.));
#3001=DIRECTION('',(0.,-1.,0.));
#3002=DIRECTION('',(-1.,0.,0.));
#3003=DIRECTION('',(0.,-1.,0.));
#3004=DIRECTION('center_axis',(0.,-1.,0.));
#3005=DIRECTION('ref_axis',(0.,0.,1.));
#3006=DIRECTION('',(0.,0.,1.));
#3007=DIRECTION('',(0.,0.,1.));
#3008=DIRECTION('center_axis',(1.,0.,0.));
#3009=DIRECTION('ref_axis',(0.,0.,-1.));
#3010=DIRECTION('center_axis',(1.,0.,0.));
#3011=DIRECTION('ref_axis',(0.,-1.,0.));
#3012=DIRECTION('axis',(0.,0.,1.));
#3013=DIRECTION('refdir',(1.,0.,0.));
#3014=DIRECTION('center_axis',(0.,0.,-1.));
#3015=DIRECTION('ref_axis',(-1.,0.,0.));
#3016=DIRECTION('',(1.,0.,0.));
#3017=DIRECTION('',(0.,-1.,0.));
#3018=DIRECTION('',(-1.,0.,0.));
#3019=DIRECTION('',(0.,1.,0.));
#3020=DIRECTION('center_axis',(-1.,0.,0.));
#3021=DIRECTION('ref_axis',(0.,0.,-1.));
#3022=DIRECTION('',(0.,0.,1.));
#3023=DIRECTION('',(0.,-1.,0.));
#3024=DIRECTION('',(0.,0.,-1.));
#3025=DIRECTION('',(0.,-1.,0.));
#3026=DIRECTION('center_axis',(0.,0.,1.));
#3027=DIRECTION('ref_axis',(-1.,0.,0.));
#3028=DIRECTION('',(-1.,0.,0.));
#3029=DIRECTION('',(0.,-1.,0.));
#3030=DIRECTION('',(-1.,0.,0.));
#3031=DIRECTION('center_axis',(-1.,0.,0.));
#3032=DIRECTION('ref_axis',(0.,0.,-1.));
#3033=DIRECTION('',(0.,0.,-1.));
#3034=DIRECTION('',(0.,-1.,0.));
#3035=DIRECTION('',(0.,0.,-1.));
#3036=DIRECTION('center_axis',(-1.17390015657889E-31,0.,-1.));
#3037=DIRECTION('ref_axis',(1.,0.,-1.17390015657889E-31));
#3038=DIRECTION('',(-1.,0.,1.17390015657889E-31));
#3039=DIRECTION('',(0.,-1.,0.));
#3040=DIRECTION('',(1.,0.,-1.17390015657889E-31));
#3041=DIRECTION('center_axis',(1.,0.,0.));
#3042=DIRECTION('ref_axis',(0.,0.,1.));
#3043=DIRECTION('',(0.,0.,-1.));
#3044=DIRECTION('',(0.,-1.,0.));
#3045=DIRECTION('',(0.,0.,1.));
#3046=DIRECTION('center_axis',(0.,0.,1.));
#3047=DIRECTION('ref_axis',(-1.,0.,0.));
#3048=DIRECTION('',(1.,0.,0.));
#3049=DIRECTION('',(0.,-1.,0.));
#3050=DIRECTION('',(-1.,0.,0.));
#3051=DIRECTION('center_axis',(1.,0.,0.));
#3052=DIRECTION('ref_axis',(0.,0.,1.));
#3053=DIRECTION('',(0.,0.,-1.));
#3054=DIRECTION('',(0.,-1.,0.));
#3055=DIRECTION('',(0.,0.,1.));
#3056=DIRECTION('center_axis',(0.,0.,-1.));
#3057=DIRECTION('ref_axis',(1.,0.,0.));
#3058=DIRECTION('',(-1.,0.,0.));
#3059=DIRECTION('',(0.,-1.,0.));
#3060=DIRECTION('',(1.,0.,0.));
#3061=DIRECTION('center_axis',(1.,0.,0.));
#3062=DIRECTION('ref_axis',(0.,0.,1.));
#3063=DIRECTION('',(0.,0.,-1.));
#3064=DIRECTION('',(0.,-1.,0.));
#3065=DIRECTION('',(0.,0.,1.));
#3066=DIRECTION('center_axis',(0.,0.,1.));
#3067=DIRECTION('ref_axis',(-1.,0.,0.));
#3068=DIRECTION('',(1.,0.,0.));
#3069=DIRECTION('',(0.,-1.,0.));
#3070=DIRECTION('',(-1.,0.,0.));
#3071=DIRECTION('center_axis',(1.,0.,0.));
#3072=DIRECTION('ref_axis',(0.,0.,1.));
#3073=DIRECTION('',(0.,0.,-1.));
#3074=DIRECTION('',(0.,-1.,0.));
#3075=DIRECTION('',(0.,0.,1.));
#3076=DIRECTION('center_axis',(0.,0.,-1.));
#3077=DIRECTION('ref_axis',(1.,0.,0.));
#3078=DIRECTION('',(-1.,0.,0.));
#3079=DIRECTION('',(0.,-1.,0.));
#3080=DIRECTION('',(1.,0.,0.));
#3081=DIRECTION('center_axis',(1.,0.,0.));
#3082=DIRECTION('ref_axis',(0.,0.,1.));
#3083=DIRECTION('',(0.,0.,-1.));
#3084=DIRECTION('',(0.,-1.,0.));
#3085=DIRECTION('',(0.,0.,1.));
#3086=DIRECTION('center_axis',(0.,0.,1.));
#3087=DIRECTION('ref_axis',(-1.,0.,0.));
#3088=DIRECTION('',(1.,0.,0.));
#3089=DIRECTION('',(0.,-1.,0.));
#3090=DIRECTION('',(-1.,0.,0.));
#3091=DIRECTION('center_axis',(1.,0.,0.));
#3092=DIRECTION('ref_axis',(0.,0.,1.));
#3093=DIRECTION('',(0.,0.,-1.));
#3094=DIRECTION('',(0.,0.,1.));
#3095=DIRECTION('center_axis',(-1.,0.,0.));
#3096=DIRECTION('ref_axis',(0.,0.,-1.));
#3097=DIRECTION('',(0.,0.,1.));
#3098=DIRECTION('',(0.,-1.,0.));
#3099=DIRECTION('',(0.,0.,-1.));
#3100=DIRECTION('center_axis',(0.,0.,1.));
#3101=DIRECTION('ref_axis',(-1.,0.,0.));
#3102=DIRECTION('',(-1.,0.,0.));
#3103=DIRECTION('',(0.,-1.,0.));
#3104=DIRECTION('',(-1.,0.,0.));
#3105=DIRECTION('center_axis',(-1.,0.,0.));
#3106=DIRECTION('ref_axis',(0.,0.,-1.));
#3107=DIRECTION('',(0.,0.,-1.));
#3108=DIRECTION('',(0.,-1.,0.));
#3109=DIRECTION('',(0.,0.,-1.));
#3110=DIRECTION('center_axis',(0.,0.,-1.));
#3111=DIRECTION('ref_axis',(1.,0.,0.));
#3112=DIRECTION('',(1.,0.,0.));
#3113=DIRECTION('',(0.,-1.,0.));
#3114=DIRECTION('',(1.,0.,0.));
#3115=DIRECTION('center_axis',(-1.,0.,0.));
#3116=DIRECTION('ref_axis',(0.,0.,-1.));
#3117=DIRECTION('',(0.,0.,1.));
#3118=DIRECTION('',(0.,-1.,0.));
#3119=DIRECTION('',(0.,0.,-1.));
#3120=DIRECTION('center_axis',(0.,0.,1.));
#3121=DIRECTION('ref_axis',(-1.,0.,0.));
#3122=DIRECTION('',(-1.,0.,0.));
#3123=DIRECTION('',(0.,-1.,0.));
#3124=DIRECTION('',(-1.,0.,0.));
#3125=DIRECTION('center_axis',(-1.,0.,0.));
#3126=DIRECTION('ref_axis',(0.,0.,-1.));
#3127=DIRECTION('',(0.,0.,-1.));
#3128=DIRECTION('',(0.,-1.,0.));
#3129=DIRECTION('',(0.,0.,-1.));
#3130=DIRECTION('center_axis',(0.,0.,-1.));
#3131=DIRECTION('ref_axis',(1.,0.,0.));
#3132=DIRECTION('',(1.,0.,0.));
#3133=DIRECTION('',(1.,0.,0.));
#3134=DIRECTION('center_axis',(0.,1.,0.));
#3135=DIRECTION('ref_axis',(0.,0.,1.));
#3136=DIRECTION('center_axis',(0.,1.,0.));
#3137=DIRECTION('ref_axis',(1.,0.,0.));
#3138=DIRECTION('axis',(0.,0.,1.));
#3139=DIRECTION('refdir',(1.,0.,0.));
#3140=DIRECTION('center_axis',(-1.,0.,0.));
#3141=DIRECTION('ref_axis',(0.,-1.,0.));
#3142=DIRECTION('',(0.,1.,0.));
#3143=DIRECTION('',(0.,0.,-1.));
#3144=DIRECTION('',(0.,-1.,0.));
#3145=DIRECTION('',(0.,0.,1.));
#3146=DIRECTION('center_axis',(0.,1.,0.));
#3147=DIRECTION('ref_axis',(-1.,0.,0.));
#3148=DIRECTION('',(1.,0.,0.));
#3149=DIRECTION('',(-1.,0.,0.));
#3150=DIRECTION('',(0.,0.,1.));
#3151=DIRECTION('center_axis',(1.,0.,0.));
#3152=DIRECTION('ref_axis',(0.,1.,0.));
#3153=DIRECTION('',(0.,-1.,0.));
#3154=DIRECTION('',(0.,1.,0.));
#3155=DIRECTION('',(0.,0.,1.));
#3156=DIRECTION('center_axis',(0.,-1.,0.));
#3157=DIRECTION('ref_axis',(1.,0.,0.));
#3158=DIRECTION('',(-1.,0.,0.));
#3159=DIRECTION('',(-1.,0.,0.));
#3160=DIRECTION('center_axis',(0.,0.,1.));
#3161=DIRECTION('ref_axis',(1.,0.,0.));
#3162=DIRECTION('center_axis',(0.,0.,1.));
#3163=DIRECTION('ref_axis',(-1.,0.,0.));
#3164=DIRECTION('',(0.,0.,1.));
#3165=DIRECTION('',(1.,0.,0.));
#3166=DIRECTION('',(0.,0.,1.));
#3167=DIRECTION('',(1.,0.,0.));
#3168=DIRECTION('',(0.,0.,1.));
#3169=DIRECTION('',(1.,0.,0.));
#3170=DIRECTION('',(0.,0.,-1.));
#3171=DIRECTION('',(-1.,0.,0.));
#3172=DIRECTION('',(0.,0.,-1.));
#3173=DIRECTION('',(1.,0.,0.));
#3174=DIRECTION('',(0.,1.22464679914735E-16,1.));
#3175=DIRECTION('',(1.,0.,0.));
#3176=DIRECTION('center_axis',(0.,0.,1.));
#3177=DIRECTION('ref_axis',(1.,0.,0.));
#3178=CARTESIAN_POINT('',(0.,0.,0.));
#3179=CARTESIAN_POINT('',(0.,0.,0.));
#3180=CARTESIAN_POINT('Origin',(91.,0.,0.));
#3181=CARTESIAN_POINT('',(0.,0.,0.));
#3182=CARTESIAN_POINT('',(91.,0.,0.));
#3183=CARTESIAN_POINT('',(0.,0.,0.));
#3184=CARTESIAN_POINT('',(0.,0.,-4.2));
#3185=CARTESIAN_POINT('',(0.,0.,0.));
#3186=CARTESIAN_POINT('',(91.,0.,-4.2));
#3187=CARTESIAN_POINT('',(0.,0.,-4.2));
#3188=CARTESIAN_POINT('',(91.,0.,0.));
#3189=CARTESIAN_POINT('Origin',(91.,75.,0.));
#3190=CARTESIAN_POINT('',(91.,75.,0.));
#3191=CARTESIAN_POINT('',(91.,0.,0.));
#3192=CARTESIAN_POINT('',(91.,75.,-4.2));
#3193=CARTESIAN_POINT('',(91.,0.,-4.2));
#3194=CARTESIAN_POINT('',(91.,75.,0.));
#3195=CARTESIAN_POINT('Origin',(0.,75.,0.));
#3196=CARTESIAN_POINT('',(0.,75.,0.));
#3197=CARTESIAN_POINT('',(91.,75.,0.));
#3198=CARTESIAN_POINT('',(0.,75.,-4.2));
#3199=CARTESIAN_POINT('',(91.,75.,-4.2));
#3200=CARTESIAN_POINT('',(0.,75.,0.));
#3201=CARTESIAN_POINT('Origin',(0.,0.,0.));
#3202=CARTESIAN_POINT('',(0.,75.,0.));
#3203=CARTESIAN_POINT('',(0.,75.,-4.2));
#3204=CARTESIAN_POINT('Origin',(45.5,37.5,0.));
#3205=CARTESIAN_POINT('Origin',(45.5,37.5,-4.2));
#3206=CARTESIAN_POINT('',(0.,0.,0.));
#3207=CARTESIAN_POINT('Origin',(91.,0.,5.3));
#3208=CARTESIAN_POINT('',(91.,0.,10.));
#3209=CARTESIAN_POINT('',(91.,0.,5.3));
#3210=CARTESIAN_POINT('',(91.,0.,30.));
#3211=CARTESIAN_POINT('',(91.,-4.2,10.));
#3212=CARTESIAN_POINT('',(91.,0.,10.));
#3213=CARTESIAN_POINT('',(91.,-4.2,5.3));
#3214=CARTESIAN_POINT('',(91.,-4.2,30.));
#3215=CARTESIAN_POINT('',(91.,0.,5.3));
#3216=CARTESIAN_POINT('Origin',(95.2,0.,5.3));
#3217=CARTESIAN_POINT('',(95.2,0.,5.3));
#3218=CARTESIAN_POINT('',(95.2,0.,5.3));
#3219=CARTESIAN_POINT('',(95.2,-4.2,5.3));
#3220=CARTESIAN_POINT('',(95.2,-4.2,5.3));
#3221=CARTESIAN_POINT('',(95.2,0.,5.3));
#3222=CARTESIAN_POINT('Origin',(95.2,0.,0.));
#3223=CARTESIAN_POINT('',(95.2,0.,0.));
#3224=CARTESIAN_POINT('',(95.2,0.,0.));
#3225=CARTESIAN_POINT('',(95.2,-4.2,0.));
#3226=CARTESIAN_POINT('',(95.2,-4.2,0.));
#3227=CARTESIAN_POINT('',(95.2,0.,0.));
#3228=CARTESIAN_POINT('Origin',(-4.2,0.,-1.11022302462516E-15));
#3229=CARTESIAN_POINT('',(-4.2,0.,-1.11022302462516E-15));
#3230=CARTESIAN_POINT('',(1.11022302462516E-15,0.,-1.11022302462516E-15));
#3231=CARTESIAN_POINT('',(-4.2,-4.2,-2.22044604925031E-15));
#3232=CARTESIAN_POINT('',(1.11022302462516E-15,-4.2,-1.11022302462516E-15));
#3233=CARTESIAN_POINT('',(-4.2,0.,-1.11022302462516E-15));
#3234=CARTESIAN_POINT('Origin',(-4.2,0.,5.3));
#3235=CARTESIAN_POINT('',(-4.2,0.,5.3));
#3236=CARTESIAN_POINT('',(-4.2,0.,-1.11022302462516E-15));
#3237=CARTESIAN_POINT('',(-4.2,-4.2,5.3));
#3238=CARTESIAN_POINT('',(-4.2,-4.2,-1.11022302462516E-15));
#3239=CARTESIAN_POINT('',(-4.2,0.,5.3));
#3240=CARTESIAN_POINT('Origin',(1.66533453693773E-15,0.,5.3));
#3241=CARTESIAN_POINT('',(1.66533453693773E-15,0.,5.3));
#3242=CARTESIAN_POINT('',(-4.2,0.,5.3));
#3243=CARTESIAN_POINT('',(0.,-4.2,5.3));
#3244=CARTESIAN_POINT('',(-4.2,-4.2,5.3));
#3245=CARTESIAN_POINT('',(1.66533453693773E-15,0.,5.3));
#3246=CARTESIAN_POINT('Origin',(1.11022302462516E-15,0.,10.));
#3247=CARTESIAN_POINT('',(1.11022302462516E-15,0.,10.));
#3248=CARTESIAN_POINT('',(1.11022302462516E-15,0.,-1.11022302462516E-15));
#3249=CARTESIAN_POINT('',(0.,-4.2,10.));
#3250=CARTESIAN_POINT('',(1.11022302462516E-15,-4.2,-1.11022302462516E-15));
#3251=CARTESIAN_POINT('',(1.11022302462516E-15,0.,10.));
#3252=CARTESIAN_POINT('Origin',(-4.2,0.,10.));
#3253=CARTESIAN_POINT('',(-4.2,0.,10.));
#3254=CARTESIAN_POINT('',(1.11022302462516E-15,0.,10.));
#3255=CARTESIAN_POINT('',(-4.2,-4.2,10.));
#3256=CARTESIAN_POINT('',(1.11022302462516E-15,-4.2,10.));
#3257=CARTESIAN_POINT('',(-4.2,0.,10.));
#3258=CARTESIAN_POINT('Origin',(-4.2,0.,15.3));
#3259=CARTESIAN_POINT('',(-4.2,0.,15.3));
#3260=CARTESIAN_POINT('',(-4.2,0.,10.));
#3261=CARTESIAN_POINT('',(-4.2,-4.2,15.3));
#3262=CARTESIAN_POINT('',(-4.2,-4.2,10.));
#3263=CARTESIAN_POINT('',(-4.2,0.,15.3));
#3264=CARTESIAN_POINT('Origin',(1.66533453693773E-15,0.,15.3));
#3265=CARTESIAN_POINT('',(1.66533453693773E-15,0.,15.3));
#3266=CARTESIAN_POINT('',(-4.2,0.,15.3));
#3267=CARTESIAN_POINT('',(0.,-4.2,15.3));
#3268=CARTESIAN_POINT('',(-4.2,-4.2,15.3));
#3269=CARTESIAN_POINT('',(1.66533453693773E-15,0.,15.3));
#3270=CARTESIAN_POINT('Origin',(1.11022302462516E-15,0.,20.));
#3271=CARTESIAN_POINT('',(1.11022302462516E-15,0.,20.));
#3272=CARTESIAN_POINT('',(1.11022302462516E-15,0.,-1.11022302462516E-15));
#3273=CARTESIAN_POINT('',(0.,-4.2,20.));
#3274=CARTESIAN_POINT('',(1.11022302462516E-15,-4.2,-1.11022302462516E-15));
#3275=CARTESIAN_POINT('',(1.11022302462516E-15,0.,20.));
#3276=CARTESIAN_POINT('Origin',(-4.2,0.,20.));
#3277=CARTESIAN_POINT('',(-4.2,0.,20.));
#3278=CARTESIAN_POINT('',(1.11022302462516E-15,0.,20.));
#3279=CARTESIAN_POINT('',(-4.2,-4.2,20.));
#3280=CARTESIAN_POINT('',(1.11022302462516E-15,-4.2,20.));
#3281=CARTESIAN_POINT('',(-4.2,0.,20.));
#3282=CARTESIAN_POINT('Origin',(-4.2,0.,25.3));
#3283=CARTESIAN_POINT('',(-4.2,0.,25.3));
#3284=CARTESIAN_POINT('',(-4.2,0.,20.));
#3285=CARTESIAN_POINT('',(-4.2,-4.2,25.3));
#3286=CARTESIAN_POINT('',(-4.2,-4.2,20.));
#3287=CARTESIAN_POINT('',(-4.2,0.,25.3));
#3288=CARTESIAN_POINT('Origin',(1.66533453693773E-15,0.,25.3));
#3289=CARTESIAN_POINT('',(1.66533453693773E-15,0.,25.3));
#3290=CARTESIAN_POINT('',(-4.2,0.,25.3));
#3291=CARTESIAN_POINT('',(0.,-4.2,25.3));
#3292=CARTESIAN_POINT('',(-4.2,-4.2,25.3));
#3293=CARTESIAN_POINT('',(1.66533453693773E-15,0.,25.3));
#3294=CARTESIAN_POINT('Origin',(1.11022302462516E-15,0.,30.));
#3295=CARTESIAN_POINT('',(1.11022302462516E-15,0.,30.));
#3296=CARTESIAN_POINT('',(1.11022302462516E-15,0.,-1.11022302462516E-15));
#3297=CARTESIAN_POINT('',(0.,-4.2,30.));
#3298=CARTESIAN_POINT('',(1.11022302462516E-15,-4.2,-1.11022302462516E-15));
#3299=CARTESIAN_POINT('',(1.11022302462516E-15,0.,30.));
#3300=CARTESIAN_POINT('Origin',(91.,0.,30.));
#3301=CARTESIAN_POINT('',(91.,0.,30.));
#3302=CARTESIAN_POINT('',(1.11022302462516E-15,0.,30.));
#3303=CARTESIAN_POINT('',(91.,-4.2,30.));
#3304=CARTESIAN_POINT('',(1.11022302462516E-15,-4.2,30.));
#3305=CARTESIAN_POINT('',(91.,0.,30.));
#3306=CARTESIAN_POINT('Origin',(91.,0.,25.3));
#3307=CARTESIAN_POINT('',(91.,0.,25.3));
#3308=CARTESIAN_POINT('',(91.,0.,30.));
#3309=CARTESIAN_POINT('',(91.,-4.2,25.3));
#3310=CARTESIAN_POINT('',(91.,-4.2,30.));
#3311=CARTESIAN_POINT('',(91.,0.,25.3));
#3312=CARTESIAN_POINT('Origin',(95.2,0.,25.3));
#3313=CARTESIAN_POINT('',(95.2,0.,25.3));
#3314=CARTESIAN_POINT('',(95.2,0.,25.3));
#3315=CARTESIAN_POINT('',(95.2,-4.2,25.3));
#3316=CARTESIAN_POINT('',(95.2,-4.2,25.3));
#3317=CARTESIAN_POINT('',(95.2,0.,25.3));
#3318=CARTESIAN_POINT('Origin',(95.2,0.,20.));
#3319=CARTESIAN_POINT('',(95.2,0.,20.));
#3320=CARTESIAN_POINT('',(95.2,0.,20.));
#3321=CARTESIAN_POINT('',(95.2,-4.2,20.));
#3322=CARTESIAN_POINT('',(95.2,-4.2,20.));
#3323=CARTESIAN_POINT('',(95.2,0.,20.));
#3324=CARTESIAN_POINT('Origin',(91.,0.,20.));
#3325=CARTESIAN_POINT('',(91.,0.,20.));
#3326=CARTESIAN_POINT('',(91.,0.,20.));
#3327=CARTESIAN_POINT('',(91.,-4.2,20.));
#3328=CARTESIAN_POINT('',(91.,-4.2,20.));
#3329=CARTESIAN_POINT('',(91.,0.,20.));
#3330=CARTESIAN_POINT('Origin',(91.,0.,15.3));
#3331=CARTESIAN_POINT('',(91.,0.,15.3));
#3332=CARTESIAN_POINT('',(91.,0.,30.));
#3333=CARTESIAN_POINT('',(91.,-4.2,15.3));
#3334=CARTESIAN_POINT('',(91.,-4.2,30.));
#3335=CARTESIAN_POINT('',(91.,0.,15.3));
#3336=CARTESIAN_POINT('Origin',(95.2,0.,15.3));
#3337=CARTESIAN_POINT('',(95.2,0.,15.3));
#3338=CARTESIAN_POINT('',(95.2,0.,15.3));
#3339=CARTESIAN_POINT('',(95.2,-4.2,15.3));
#3340=CARTESIAN_POINT('',(95.2,-4.2,15.3));
#3341=CARTESIAN_POINT('',(95.2,0.,15.3));
#3342=CARTESIAN_POINT('Origin',(95.2,0.,10.));
#3343=CARTESIAN_POINT('',(95.2,0.,10.));
#3344=CARTESIAN_POINT('',(95.2,0.,10.));
#3345=CARTESIAN_POINT('',(95.2,-4.2,10.));
#3346=CARTESIAN_POINT('',(95.2,-4.2,10.));
#3347=CARTESIAN_POINT('',(95.2,0.,10.));
#3348=CARTESIAN_POINT('Origin',(91.,0.,10.));
#3349=CARTESIAN_POINT('',(91.,0.,10.));
#3350=CARTESIAN_POINT('',(91.,-4.2,10.));
#3351=CARTESIAN_POINT('Origin',(45.5,-4.2,15.));
#3352=CARTESIAN_POINT('Origin',(45.5,0.,15.));
#3353=CARTESIAN_POINT('',(0.,0.,0.));
#3354=CARTESIAN_POINT('Origin',(-4.2,19.45,30.0000001490116));
#3355=CARTESIAN_POINT('',(0.,19.45,30.0000001490116));
#3356=CARTESIAN_POINT('',(-4.2,19.45,30.0000001490116));
#3357=CARTESIAN_POINT('',(-2.1,19.45,30.0000001490116));
#3358=CARTESIAN_POINT('',(0.,19.45,34.0000001490116));
#3359=CARTESIAN_POINT('',(0.,19.45,30.0000001490116));
#3360=CARTESIAN_POINT('',(-4.2,19.45,34.0000001490116));
#3361=CARTESIAN_POINT('',(-4.2,19.45,34.0000001490116));
#3362=CARTESIAN_POINT('',(-4.2,19.45,30.0000001490116));
#3363=CARTESIAN_POINT('Origin',(-2.1,49.325,34.0000001490116));
#3364=CARTESIAN_POINT('',(0.,79.2,34.0000001490116));
#3365=CARTESIAN_POINT('',(0.,-4.2,34.0000001490116));
#3366=CARTESIAN_POINT('',(-4.2,79.2,34.0000001490116));
#3367=CARTESIAN_POINT('',(0.,79.2,34.0000001490116));
#3368=CARTESIAN_POINT('',(-4.2,79.2,34.0000001490116));
#3369=CARTESIAN_POINT('Origin',(0.,-4.2,30.0000001490116));
#3370=CARTESIAN_POINT('',(-4.2,-4.2,30.0000001490116));
#3371=CARTESIAN_POINT('',(-4.2,0.,30.0000001490116));
#3372=CARTESIAN_POINT('',(0.,-4.2,30.0000001490116));
#3373=CARTESIAN_POINT('',(0.,-4.2,30.0000001490116));
#3374=CARTESIAN_POINT('',(0.,0.,30.0000001490116));
#3375=CARTESIAN_POINT('Origin',(0.,-4.2,24.7000001490116));
#3376=CARTESIAN_POINT('',(0.,-4.2,24.7000001490116));
#3377=CARTESIAN_POINT('',(0.,-4.2,30.0000001490116));
#3378=CARTESIAN_POINT('',(-4.2,-4.2,24.7000001490116));
#3379=CARTESIAN_POINT('',(-4.2,-4.2,30.0000001490116));
#3380=CARTESIAN_POINT('',(0.,-4.2,24.7000001490116));
#3381=CARTESIAN_POINT('Origin',(0.,1.11022302462516E-15,24.7000001490116));
#3382=CARTESIAN_POINT('',(0.,1.11022302462516E-15,24.7000001490116));
#3383=CARTESIAN_POINT('',(0.,-4.2,24.7000001490116));
#3384=CARTESIAN_POINT('',(-4.2,0.,24.7000001490116));
#3385=CARTESIAN_POINT('',(-4.2,-4.2,24.7000001490116));
#3386=CARTESIAN_POINT('',(0.,1.11022302462516E-15,24.7000001490116));
#3387=CARTESIAN_POINT('Origin',(0.,1.22464680827168E-15,20.0000001490116));
#3388=CARTESIAN_POINT('',(0.,0.,20.0000001490116));
#3389=CARTESIAN_POINT('',(0.,1.83697019872103E-15,30.));
#3390=CARTESIAN_POINT('',(-4.2,0.,20.0000001490116));
#3391=CARTESIAN_POINT('',(-4.2,1.83697019872103E-15,30.));
#3392=CARTESIAN_POINT('',(0.,0.,20.0000001490116));
#3393=CARTESIAN_POINT('Origin',(0.,-4.2,20.0000001490116));
#3394=CARTESIAN_POINT('',(0.,-4.2,20.0000001490116));
#3395=CARTESIAN_POINT('',(0.,0.,20.0000001490116));
#3396=CARTESIAN_POINT('',(-4.2,-4.2,20.0000001490116));
#3397=CARTESIAN_POINT('',(-4.2,0.,20.0000001490116));
#3398=CARTESIAN_POINT('',(0.,-4.2,20.0000001490116));
#3399=CARTESIAN_POINT('Origin',(0.,-4.2,14.7000001490116));
#3400=CARTESIAN_POINT('',(0.,-4.2,14.7000001490116));
#3401=CARTESIAN_POINT('',(0.,-4.2,20.0000001490116));
#3402=CARTESIAN_POINT('',(-4.2,-4.2,14.7000001490116));
#3403=CARTESIAN_POINT('',(-4.2,-4.2,20.0000001490116));
#3404=CARTESIAN_POINT('',(0.,-4.2,14.7000001490116));
#3405=CARTESIAN_POINT('Origin',(0.,1.11022302462516E-15,14.7000001490116));
#3406=CARTESIAN_POINT('',(0.,1.11022302462516E-15,14.7000001490116));
#3407=CARTESIAN_POINT('',(0.,-4.2,14.7000001490116));
#3408=CARTESIAN_POINT('',(-4.2,0.,14.7000001490116));
#3409=CARTESIAN_POINT('',(-4.2,-4.2,14.7000001490116));
#3410=CARTESIAN_POINT('',(0.,1.11022302462516E-15,14.7000001490116));
#3411=CARTESIAN_POINT('Origin',(0.,6.12323408698006E-16,10.0000001490116));
#3412=CARTESIAN_POINT('',(0.,0.,10.0000001490116));
#3413=CARTESIAN_POINT('',(0.,1.83697019872103E-15,30.));
#3414=CARTESIAN_POINT('',(-4.2,0.,10.0000001490116));
#3415=CARTESIAN_POINT('',(-4.2,1.83697019872103E-15,30.));
#3416=CARTESIAN_POINT('',(0.,0.,10.0000001490116));
#3417=CARTESIAN_POINT('Origin',(0.,-4.2,10.0000001490116));
#3418=CARTESIAN_POINT('',(0.,-4.2,10.0000001490116));
#3419=CARTESIAN_POINT('',(0.,0.,10.0000001490116));
#3420=CARTESIAN_POINT('',(-4.2,-4.2,10.0000001490116));
#3421=CARTESIAN_POINT('',(-4.2,0.,10.0000001490116));
#3422=CARTESIAN_POINT('',(0.,-4.2,10.0000001490116));
#3423=CARTESIAN_POINT('Origin',(0.,-4.2,4.70000014901161));
#3424=CARTESIAN_POINT('',(0.,-4.2,4.70000014901161));
#3425=CARTESIAN_POINT('',(0.,-4.2,10.0000001490116));
#3426=CARTESIAN_POINT('',(-4.2,-4.2,4.70000014901161));
#3427=CARTESIAN_POINT('',(-4.2,-4.2,10.0000001490116));
#3428=CARTESIAN_POINT('',(0.,-4.2,4.70000014901161));
#3429=CARTESIAN_POINT('Origin',(0.,1.11022302462516E-15,4.70000014901161));
#3430=CARTESIAN_POINT('',(0.,1.11022302462516E-15,4.70000014901161));
#3431=CARTESIAN_POINT('',(0.,-4.2,4.70000014901161));
#3432=CARTESIAN_POINT('',(-4.2,0.,4.70000014901161));
#3433=CARTESIAN_POINT('',(-4.2,-4.2,4.70000014901161));
#3434=CARTESIAN_POINT('',(0.,1.11022302462516E-15,4.70000014901161));
#3435=CARTESIAN_POINT('Origin',(0.,0.,0.));
#3436=CARTESIAN_POINT('',(0.,0.,0.));
#3437=CARTESIAN_POINT('',(0.,1.83697019872103E-15,30.));
#3438=CARTESIAN_POINT('',(-4.2,0.,0.));
#3439=CARTESIAN_POINT('',(-4.2,1.83697019872103E-15,30.));
#3440=CARTESIAN_POINT('',(0.,0.,0.));
#3441=CARTESIAN_POINT('Origin',(0.,75.,0.));
#3442=CARTESIAN_POINT('',(0.,75.,0.));
#3443=CARTESIAN_POINT('',(0.,0.,0.));
#3444=CARTESIAN_POINT('',(-4.2,75.,0.));
#3445=CARTESIAN_POINT('',(-4.2,0.,0.));
#3446=CARTESIAN_POINT('',(0.,75.,0.));
#3447=CARTESIAN_POINT('Origin',(0.,75.,4.70000014901161));
#3448=CARTESIAN_POINT('',(0.,75.,4.70000014901161));
#3449=CARTESIAN_POINT('',(0.,75.,0.));
#3450=CARTESIAN_POINT('',(-4.2,75.,4.70000014901161));
#3451=CARTESIAN_POINT('',(-4.2,75.,0.));
#3452=CARTESIAN_POINT('',(0.,75.,4.70000014901161));
#3453=CARTESIAN_POINT('Origin',(0.,79.2,4.70000014901161));
#3454=CARTESIAN_POINT('',(0.,79.2,4.70000014901161));
#3455=CARTESIAN_POINT('',(0.,79.2,4.70000014901161));
#3456=CARTESIAN_POINT('',(-4.2,79.2,4.70000014901161));
#3457=CARTESIAN_POINT('',(-4.2,79.2,4.70000014901161));
#3458=CARTESIAN_POINT('',(0.,79.2,4.70000014901161));
#3459=CARTESIAN_POINT('Origin',(0.,79.2,10.0000001490116));
#3460=CARTESIAN_POINT('',(0.,79.2,10.0000001490116));
#3461=CARTESIAN_POINT('',(0.,79.2,10.0000001490116));
#3462=CARTESIAN_POINT('',(-4.2,79.2,10.0000001490116));
#3463=CARTESIAN_POINT('',(-4.2,79.2,10.0000001490116));
#3464=CARTESIAN_POINT('',(0.,79.2,10.0000001490116));
#3465=CARTESIAN_POINT('Origin',(0.,75.,10.0000001490116));
#3466=CARTESIAN_POINT('',(0.,75.,10.0000001490116));
#3467=CARTESIAN_POINT('',(0.,75.,10.0000001490116));
#3468=CARTESIAN_POINT('',(-4.2,75.,10.0000001490116));
#3469=CARTESIAN_POINT('',(-4.2,75.,10.0000001490116));
#3470=CARTESIAN_POINT('',(0.,75.,10.0000001490116));
#3471=CARTESIAN_POINT('Origin',(0.,75.,14.7000001490116));
#3472=CARTESIAN_POINT('',(0.,75.,14.7000001490116));
#3473=CARTESIAN_POINT('',(0.,75.,0.));
#3474=CARTESIAN_POINT('',(-4.2,75.,14.7000001490116));
#3475=CARTESIAN_POINT('',(-4.2,75.,0.));
#3476=CARTESIAN_POINT('',(0.,75.,14.7000001490116));
#3477=CARTESIAN_POINT('Origin',(0.,79.2,14.7000001490116));
#3478=CARTESIAN_POINT('',(0.,79.2,14.7000001490116));
#3479=CARTESIAN_POINT('',(0.,79.2,14.7000001490116));
#3480=CARTESIAN_POINT('',(-4.2,79.2,14.7000001490116));
#3481=CARTESIAN_POINT('',(-4.2,79.2,14.7000001490116));
#3482=CARTESIAN_POINT('',(0.,79.2,14.7000001490116));
#3483=CARTESIAN_POINT('Origin',(0.,79.2,20.0000001490116));
#3484=CARTESIAN_POINT('',(0.,79.2,20.0000001490116));
#3485=CARTESIAN_POINT('',(0.,79.2,20.0000001490116));
#3486=CARTESIAN_POINT('',(-4.2,79.2,20.0000001490116));
#3487=CARTESIAN_POINT('',(-4.2,79.2,20.0000001490116));
#3488=CARTESIAN_POINT('',(0.,79.2,20.0000001490116));
#3489=CARTESIAN_POINT('Origin',(0.,75.,20.0000001490116));
#3490=CARTESIAN_POINT('',(0.,75.,20.0000001490116));
#3491=CARTESIAN_POINT('',(0.,75.,20.0000001490116));
#3492=CARTESIAN_POINT('',(-4.2,75.,20.0000001490116));
#3493=CARTESIAN_POINT('',(-4.2,75.,20.0000001490116));
#3494=CARTESIAN_POINT('',(0.,75.,20.0000001490116));
#3495=CARTESIAN_POINT('Origin',(0.,75.,24.7000001490116));
#3496=CARTESIAN_POINT('',(0.,75.,24.7000001490116));
#3497=CARTESIAN_POINT('',(0.,75.,0.));
#3498=CARTESIAN_POINT('',(-4.2,75.,24.7000001490116));
#3499=CARTESIAN_POINT('',(-4.2,75.,0.));
#3500=CARTESIAN_POINT('',(0.,75.,24.7000001490116));
#3501=CARTESIAN_POINT('Origin',(0.,79.2,24.7000001490116));
#3502=CARTESIAN_POINT('',(0.,79.2,24.7000001490116));
#3503=CARTESIAN_POINT('',(0.,79.2,24.7000001490116));
#3504=CARTESIAN_POINT('',(-4.2,79.2,24.7000001490116));
#3505=CARTESIAN_POINT('',(-4.2,79.2,24.7000001490116));
#3506=CARTESIAN_POINT('',(0.,79.2,24.7000001490116));
#3507=CARTESIAN_POINT('Origin',(0.,79.2,30.0000001490116));
#3508=CARTESIAN_POINT('',(0.,79.2,30.0000001490116));
#3509=CARTESIAN_POINT('',(-4.2,79.2,30.0000001490116));
#3510=CARTESIAN_POINT('Origin',(-4.2,37.5,15.0000000745058));
#3511=CARTESIAN_POINT('Origin',(0.,37.5,15.0000000745058));
#3512=CARTESIAN_POINT('',(0.,0.,0.));
#3513=CARTESIAN_POINT('Origin',(0.,43.45,-30.0000001490116));
#3514=CARTESIAN_POINT('',(-4.2,43.45,-30.0000001490116));
#3515=CARTESIAN_POINT('',(0.,43.45,-30.0000001490116));
#3516=CARTESIAN_POINT('',(0.,43.45,-30.0000001490116));
#3517=CARTESIAN_POINT('',(-4.2,43.45,-34.0000001490116));
#3518=CARTESIAN_POINT('',(-4.2,43.45,-30.0000001490116));
#3519=CARTESIAN_POINT('',(0.,43.45,-34.0000001490116));
#3520=CARTESIAN_POINT('',(0.,43.45,-34.0000001490116));
#3521=CARTESIAN_POINT('',(0.,43.45,-30.0000001490116));
#3522=CARTESIAN_POINT('Origin',(-2.10000000000001,61.325,-34.0000001490116));
#3523=CARTESIAN_POINT('',(-4.2,79.2,-34.0000001490116));
#3524=CARTESIAN_POINT('',(-4.2,-4.2,-34.0000001490116));
#3525=CARTESIAN_POINT('',(0.,79.2,-34.0000001490116));
#3526=CARTESIAN_POINT('',(-4.2,79.2,-34.0000001490116));
#3527=CARTESIAN_POINT('',(0.,79.2,-34.0000001490116));
#3528=CARTESIAN_POINT('Origin',(0.,-4.2,-30.0000001490116));
#3529=CARTESIAN_POINT('',(0.,-4.2,-30.0000001490116));
#3530=CARTESIAN_POINT('',(0.,0.,-30.0000001490116));
#3531=CARTESIAN_POINT('',(-4.2,-4.2,-30.0000001490116));
#3532=CARTESIAN_POINT('',(0.,-4.2,-30.0000001490116));
#3533=CARTESIAN_POINT('',(-4.2,0.,-30.0000001490116));
#3534=CARTESIAN_POINT('Origin',(0.,-4.2,-24.7000001490116));
#3535=CARTESIAN_POINT('',(0.,-4.2,-24.7000001490116));
#3536=CARTESIAN_POINT('',(0.,-4.2,-30.0000001490116));
#3537=CARTESIAN_POINT('',(-4.2,-4.2,-24.7000001490116));
#3538=CARTESIAN_POINT('',(0.,-4.2,-24.7000001490116));
#3539=CARTESIAN_POINT('',(-4.2,-4.2,-30.0000001490116));
#3540=CARTESIAN_POINT('Origin',(0.,1.11022302462516E-15,-24.7000001490116));
#3541=CARTESIAN_POINT('',(0.,1.11022302462516E-15,-24.7000001490116));
#3542=CARTESIAN_POINT('',(0.,-4.2,-24.7000001490116));
#3543=CARTESIAN_POINT('',(-4.2,0.,-24.7000001490116));
#3544=CARTESIAN_POINT('',(0.,1.11022302462516E-15,-24.7000001490116));
#3545=CARTESIAN_POINT('',(-4.2,-4.2,-24.7000001490116));
#3546=CARTESIAN_POINT('Origin',(0.,1.22464680827168E-15,-20.0000001490116));
#3547=CARTESIAN_POINT('',(0.,0.,-20.0000001490116));
#3548=CARTESIAN_POINT('',(0.,1.83697019872103E-15,-30.));
#3549=CARTESIAN_POINT('',(-4.2,0.,-20.0000001490116));
#3550=CARTESIAN_POINT('',(0.,0.,-20.0000001490116));
#3551=CARTESIAN_POINT('',(-4.2,1.83697019872103E-15,-30.));
#3552=CARTESIAN_POINT('Origin',(0.,-4.2,-20.0000001490116));
#3553=CARTESIAN_POINT('',(0.,-4.2,-20.0000001490116));
#3554=CARTESIAN_POINT('',(0.,0.,-20.0000001490116));
#3555=CARTESIAN_POINT('',(-4.2,-4.2,-20.0000001490116));
#3556=CARTESIAN_POINT('',(0.,-4.2,-20.0000001490116));
#3557=CARTESIAN_POINT('',(-4.2,0.,-20.0000001490116));
#3558=CARTESIAN_POINT('Origin',(0.,-4.2,-14.7000001490116));
#3559=CARTESIAN_POINT('',(0.,-4.2,-14.7000001490116));
#3560=CARTESIAN_POINT('',(0.,-4.2,-20.0000001490116));
#3561=CARTESIAN_POINT('',(-4.2,-4.2,-14.7000001490116));
#3562=CARTESIAN_POINT('',(0.,-4.2,-14.7000001490116));
#3563=CARTESIAN_POINT('',(-4.2,-4.2,-20.0000001490116));
#3564=CARTESIAN_POINT('Origin',(0.,1.11022302462516E-15,-14.7000001490116));
#3565=CARTESIAN_POINT('',(0.,1.11022302462516E-15,-14.7000001490116));
#3566=CARTESIAN_POINT('',(0.,-4.2,-14.7000001490116));
#3567=CARTESIAN_POINT('',(-4.2,0.,-14.7000001490116));
#3568=CARTESIAN_POINT('',(0.,1.11022302462516E-15,-14.7000001490116));
#3569=CARTESIAN_POINT('',(-4.2,-4.2,-14.7000001490116));
#3570=CARTESIAN_POINT('Origin',(0.,6.12323408698006E-16,-10.0000001490116));
#3571=CARTESIAN_POINT('',(0.,0.,-10.0000001490116));
#3572=CARTESIAN_POINT('',(0.,1.83697019872103E-15,-30.));
#3573=CARTESIAN_POINT('',(-4.2,0.,-10.0000001490116));
#3574=CARTESIAN_POINT('',(0.,0.,-10.0000001490116));
#3575=CARTESIAN_POINT('',(-4.2,1.83697019872103E-15,-30.));
#3576=CARTESIAN_POINT('Origin',(0.,-4.2,-10.0000001490116));
#3577=CARTESIAN_POINT('',(0.,-4.2,-10.0000001490116));
#3578=CARTESIAN_POINT('',(0.,0.,-10.0000001490116));
#3579=CARTESIAN_POINT('',(-4.2,-4.2,-10.0000001490116));
#3580=CARTESIAN_POINT('',(0.,-4.2,-10.0000001490116));
#3581=CARTESIAN_POINT('',(-4.2,0.,-10.0000001490116));
#3582=CARTESIAN_POINT('Origin',(0.,-4.2,-4.70000014901161));
#3583=CARTESIAN_POINT('',(0.,-4.2,-4.70000014901161));
#3584=CARTESIAN_POINT('',(0.,-4.2,-10.0000001490116));
#3585=CARTESIAN_POINT('',(-4.2,-4.2,-4.70000014901161));
#3586=CARTESIAN_POINT('',(0.,-4.2,-4.70000014901161));
#3587=CARTESIAN_POINT('',(-4.2,-4.2,-10.0000001490116));
#3588=CARTESIAN_POINT('Origin',(0.,1.11022302462516E-15,-4.70000014901161));
#3589=CARTESIAN_POINT('',(0.,1.11022302462516E-15,-4.70000014901161));
#3590=CARTESIAN_POINT('',(0.,-4.2,-4.70000014901161));
#3591=CARTESIAN_POINT('',(-4.2,0.,-4.70000014901161));
#3592=CARTESIAN_POINT('',(0.,1.11022302462516E-15,-4.70000014901161));
#3593=CARTESIAN_POINT('',(-4.2,-4.2,-4.70000014901161));
#3594=CARTESIAN_POINT('Origin',(0.,0.,0.));
#3595=CARTESIAN_POINT('',(0.,0.,0.));
#3596=CARTESIAN_POINT('',(0.,1.83697019872103E-15,-30.));
#3597=CARTESIAN_POINT('',(-4.2,0.,0.));
#3598=CARTESIAN_POINT('',(0.,0.,0.));
#3599=CARTESIAN_POINT('',(-4.2,1.83697019872103E-15,-30.));
#3600=CARTESIAN_POINT('Origin',(0.,75.,0.));
#3601=CARTESIAN_POINT('',(0.,75.,0.));
#3602=CARTESIAN_POINT('',(0.,0.,0.));
#3603=CARTESIAN_POINT('',(-4.2,75.,0.));
#3604=CARTESIAN_POINT('',(0.,75.,0.));
#3605=CARTESIAN_POINT('',(-4.2,0.,0.));
#3606=CARTESIAN_POINT('Origin',(0.,75.,-4.70000014901161));
#3607=CARTESIAN_POINT('',(0.,75.,-4.70000014901161));
#3608=CARTESIAN_POINT('',(0.,75.,0.));
#3609=CARTESIAN_POINT('',(-4.2,75.,-4.70000014901161));
#3610=CARTESIAN_POINT('',(0.,75.,-4.70000014901161));
#3611=CARTESIAN_POINT('',(-4.2,75.,0.));
#3612=CARTESIAN_POINT('Origin',(0.,79.2,-4.70000014901161));
#3613=CARTESIAN_POINT('',(0.,79.2,-4.70000014901161));
#3614=CARTESIAN_POINT('',(0.,79.2,-4.70000014901161));
#3615=CARTESIAN_POINT('',(-4.2,79.2,-4.70000014901161));
#3616=CARTESIAN_POINT('',(0.,79.2,-4.70000014901161));
#3617=CARTESIAN_POINT('',(-4.2,79.2,-4.70000014901161));
#3618=CARTESIAN_POINT('Origin',(0.,79.2,-10.0000001490116));
#3619=CARTESIAN_POINT('',(0.,79.2,-10.0000001490116));
#3620=CARTESIAN_POINT('',(0.,79.2,-10.0000001490116));
#3621=CARTESIAN_POINT('',(-4.2,79.2,-10.0000001490116));
#3622=CARTESIAN_POINT('',(0.,79.2,-10.0000001490116));
#3623=CARTESIAN_POINT('',(-4.2,79.2,-10.0000001490116));
#3624=CARTESIAN_POINT('Origin',(0.,75.,-10.0000001490116));
#3625=CARTESIAN_POINT('',(0.,75.,-10.0000001490116));
#3626=CARTESIAN_POINT('',(0.,75.,-10.0000001490116));
#3627=CARTESIAN_POINT('',(-4.2,75.,-10.0000001490116));
#3628=CARTESIAN_POINT('',(0.,75.,-10.0000001490116));
#3629=CARTESIAN_POINT('',(-4.2,75.,-10.0000001490116));
#3630=CARTESIAN_POINT('Origin',(0.,75.,-14.7000001490116));
#3631=CARTESIAN_POINT('',(0.,75.,-14.7000001490116));
#3632=CARTESIAN_POINT('',(0.,75.,0.));
#3633=CARTESIAN_POINT('',(-4.2,75.,-14.7000001490116));
#3634=CARTESIAN_POINT('',(0.,75.,-14.7000001490116));
#3635=CARTESIAN_POINT('',(-4.2,75.,0.));
#3636=CARTESIAN_POINT('Origin',(0.,79.2,-14.7000001490116));
#3637=CARTESIAN_POINT('',(0.,79.2,-14.7000001490116));
#3638=CARTESIAN_POINT('',(0.,79.2,-14.7000001490116));
#3639=CARTESIAN_POINT('',(-4.2,79.2,-14.7000001490116));
#3640=CARTESIAN_POINT('',(0.,79.2,-14.7000001490116));
#3641=CARTESIAN_POINT('',(-4.2,79.2,-14.7000001490116));
#3642=CARTESIAN_POINT('Origin',(0.,79.2,-20.0000001490116));
#3643=CARTESIAN_POINT('',(0.,79.2,-20.0000001490116));
#3644=CARTESIAN_POINT('',(0.,79.2,-20.0000001490116));
#3645=CARTESIAN_POINT('',(-4.2,79.2,-20.0000001490116));
#3646=CARTESIAN_POINT('',(0.,79.2,-20.0000001490116));
#3647=CARTESIAN_POINT('',(-4.2,79.2,-20.0000001490116));
#3648=CARTESIAN_POINT('Origin',(0.,75.,-20.0000001490116));
#3649=CARTESIAN_POINT('',(0.,75.,-20.0000001490116));
#3650=CARTESIAN_POINT('',(0.,75.,-20.0000001490116));
#3651=CARTESIAN_POINT('',(-4.2,75.,-20.0000001490116));
#3652=CARTESIAN_POINT('',(0.,75.,-20.0000001490116));
#3653=CARTESIAN_POINT('',(-4.2,75.,-20.0000001490116));
#3654=CARTESIAN_POINT('Origin',(0.,75.,-24.7000001490116));
#3655=CARTESIAN_POINT('',(0.,75.,-24.7000001490116));
#3656=CARTESIAN_POINT('',(0.,75.,0.));
#3657=CARTESIAN_POINT('',(-4.2,75.,-24.7000001490116));
#3658=CARTESIAN_POINT('',(0.,75.,-24.7000001490116));
#3659=CARTESIAN_POINT('',(-4.2,75.,0.));
#3660=CARTESIAN_POINT('Origin',(0.,79.2,-24.7000001490116));
#3661=CARTESIAN_POINT('',(0.,79.2,-24.7000001490116));
#3662=CARTESIAN_POINT('',(0.,79.2,-24.7000001490116));
#3663=CARTESIAN_POINT('',(-4.2,79.2,-24.7000001490116));
#3664=CARTESIAN_POINT('',(0.,79.2,-24.7000001490116));
#3665=CARTESIAN_POINT('',(-4.2,79.2,-24.7000001490116));
#3666=CARTESIAN_POINT('Origin',(0.,79.2,-30.0000001490116));
#3667=CARTESIAN_POINT('',(0.,79.2,-30.0000001490116));
#3668=CARTESIAN_POINT('',(-4.2,79.2,-30.0000001490116));
#3669=CARTESIAN_POINT('Origin',(-4.2,37.5,-15.0000000745058));
#3670=CARTESIAN_POINT('Origin',(0.,37.5,-15.0000000745058));
#3671=CARTESIAN_POINT('',(0.,0.,0.));
#3672=CARTESIAN_POINT('Origin',(91.,0.,-34.));
#3673=CARTESIAN_POINT('',(1.11022302462516E-15,0.,-34.));
#3674=CARTESIAN_POINT('',(91.,0.,-34.));
#3675=CARTESIAN_POINT('',(1.11022302462516E-15,0.,-34.));
#3676=CARTESIAN_POINT('',(91.,-4.2,-34.));
#3677=CARTESIAN_POINT('',(91.,0.,-34.));
#3678=CARTESIAN_POINT('',(0.,-4.2,-34.));
#3679=CARTESIAN_POINT('',(1.11022302462516E-15,-4.2,-34.));
#3680=CARTESIAN_POINT('',(1.11022302462516E-15,0.,-34.));
#3681=CARTESIAN_POINT('Origin',(91.,0.,-5.3));
#3682=CARTESIAN_POINT('',(91.,0.,-10.));
#3683=CARTESIAN_POINT('',(91.,0.,-5.3));
#3684=CARTESIAN_POINT('',(91.,0.,-30.));
#3685=CARTESIAN_POINT('',(91.,-4.2,-5.3));
#3686=CARTESIAN_POINT('',(91.,0.,-5.3));
#3687=CARTESIAN_POINT('',(91.,-4.2,-10.));
#3688=CARTESIAN_POINT('',(91.,-4.2,-30.));
#3689=CARTESIAN_POINT('',(91.,0.,-10.));
#3690=CARTESIAN_POINT('Origin',(95.2,0.,-5.3));
#3691=CARTESIAN_POINT('',(95.2,0.,-5.3));
#3692=CARTESIAN_POINT('',(95.2,0.,-5.3));
#3693=CARTESIAN_POINT('',(95.2,-4.2,-5.3));
#3694=CARTESIAN_POINT('',(95.2,0.,-5.3));
#3695=CARTESIAN_POINT('',(95.2,-4.2,-5.3));
#3696=CARTESIAN_POINT('Origin',(95.2,0.,0.));
#3697=CARTESIAN_POINT('',(95.2,0.,0.));
#3698=CARTESIAN_POINT('',(95.2,0.,0.));
#3699=CARTESIAN_POINT('',(95.2,-4.2,0.));
#3700=CARTESIAN_POINT('',(95.2,0.,0.));
#3701=CARTESIAN_POINT('',(95.2,-4.2,0.));
#3702=CARTESIAN_POINT('Origin',(-4.2,0.,1.11022302462516E-15));
#3703=CARTESIAN_POINT('',(-4.2,0.,1.11022302462516E-15));
#3704=CARTESIAN_POINT('',(1.11022302462516E-15,0.,1.11022302462516E-15));
#3705=CARTESIAN_POINT('',(-4.2,-4.2,2.22044604925031E-15));
#3706=CARTESIAN_POINT('',(-4.2,0.,1.11022302462516E-15));
#3707=CARTESIAN_POINT('',(1.11022302462516E-15,-4.2,1.11022302462516E-15));
#3708=CARTESIAN_POINT('Origin',(-4.2,0.,-5.3));
#3709=CARTESIAN_POINT('',(-4.2,0.,-5.3));
#3710=CARTESIAN_POINT('',(-4.2,0.,1.11022302462516E-15));
#3711=CARTESIAN_POINT('',(-4.2,-4.2,-5.3));
#3712=CARTESIAN_POINT('',(-4.2,0.,-5.3));
#3713=CARTESIAN_POINT('',(-4.2,-4.2,1.11022302462516E-15));
#3714=CARTESIAN_POINT('Origin',(1.66533453693773E-15,0.,-5.3));
#3715=CARTESIAN_POINT('',(1.66533453693773E-15,0.,-5.3));
#3716=CARTESIAN_POINT('',(-4.2,0.,-5.3));
#3717=CARTESIAN_POINT('',(0.,-4.2,-5.3));
#3718=CARTESIAN_POINT('',(1.66533453693773E-15,0.,-5.3));
#3719=CARTESIAN_POINT('',(-4.2,-4.2,-5.3));
#3720=CARTESIAN_POINT('Origin',(1.11022302462516E-15,0.,-10.));
#3721=CARTESIAN_POINT('',(1.11022302462516E-15,0.,-10.));
#3722=CARTESIAN_POINT('',(1.11022302462516E-15,0.,1.11022302462516E-15));
#3723=CARTESIAN_POINT('',(0.,-4.2,-10.));
#3724=CARTESIAN_POINT('',(1.11022302462516E-15,0.,-10.));
#3725=CARTESIAN_POINT('',(1.11022302462516E-15,-4.2,1.11022302462516E-15));
#3726=CARTESIAN_POINT('Origin',(-4.2,0.,-10.));
#3727=CARTESIAN_POINT('',(-4.2,0.,-10.));
#3728=CARTESIAN_POINT('',(1.11022302462516E-15,0.,-10.));
#3729=CARTESIAN_POINT('',(-4.2,-4.2,-10.));
#3730=CARTESIAN_POINT('',(-4.2,0.,-10.));
#3731=CARTESIAN_POINT('',(1.11022302462516E-15,-4.2,-10.));
#3732=CARTESIAN_POINT('Origin',(-4.2,0.,-15.3));
#3733=CARTESIAN_POINT('',(-4.2,0.,-15.3));
#3734=CARTESIAN_POINT('',(-4.2,0.,-10.));
#3735=CARTESIAN_POINT('',(-4.2,-4.2,-15.3));
#3736=CARTESIAN_POINT('',(-4.2,0.,-15.3));
#3737=CARTESIAN_POINT('',(-4.2,-4.2,-10.));
#3738=CARTESIAN_POINT('Origin',(1.66533453693773E-15,0.,-15.3));
#3739=CARTESIAN_POINT('',(1.66533453693773E-15,0.,-15.3));
#3740=CARTESIAN_POINT('',(-4.2,0.,-15.3));
#3741=CARTESIAN_POINT('',(0.,-4.2,-15.3));
#3742=CARTESIAN_POINT('',(1.66533453693773E-15,0.,-15.3));
#3743=CARTESIAN_POINT('',(-4.2,-4.2,-15.3));
#3744=CARTESIAN_POINT('Origin',(1.11022302462516E-15,0.,-20.));
#3745=CARTESIAN_POINT('',(1.11022302462516E-15,0.,-20.));
#3746=CARTESIAN_POINT('',(1.11022302462516E-15,0.,1.11022302462516E-15));
#3747=CARTESIAN_POINT('',(0.,-4.2,-20.));
#3748=CARTESIAN_POINT('',(1.11022302462516E-15,0.,-20.));
#3749=CARTESIAN_POINT('',(1.11022302462516E-15,-4.2,1.11022302462516E-15));
#3750=CARTESIAN_POINT('Origin',(-4.2,0.,-20.));
#3751=CARTESIAN_POINT('',(-4.2,0.,-20.));
#3752=CARTESIAN_POINT('',(1.11022302462516E-15,0.,-20.));
#3753=CARTESIAN_POINT('',(-4.2,-4.2,-20.));
#3754=CARTESIAN_POINT('',(-4.2,0.,-20.));
#3755=CARTESIAN_POINT('',(1.11022302462516E-15,-4.2,-20.));
#3756=CARTESIAN_POINT('Origin',(-4.2,0.,-25.3));
#3757=CARTESIAN_POINT('',(-4.2,0.,-25.3));
#3758=CARTESIAN_POINT('',(-4.2,0.,-20.));
#3759=CARTESIAN_POINT('',(-4.2,-4.2,-25.3));
#3760=CARTESIAN_POINT('',(-4.2,0.,-25.3));
#3761=CARTESIAN_POINT('',(-4.2,-4.2,-20.));
#3762=CARTESIAN_POINT('Origin',(1.66533453693773E-15,0.,-25.3));
#3763=CARTESIAN_POINT('',(1.66533453693773E-15,0.,-25.3));
#3764=CARTESIAN_POINT('',(-4.2,0.,-25.3));
#3765=CARTESIAN_POINT('',(0.,-4.2,-25.3));
#3766=CARTESIAN_POINT('',(1.66533453693773E-15,0.,-25.3));
#3767=CARTESIAN_POINT('',(-4.2,-4.2,-25.3));
#3768=CARTESIAN_POINT('Origin',(1.11022302462516E-15,0.,-30.));
#3769=CARTESIAN_POINT('',(1.11022302462516E-15,0.,1.11022302462516E-15));
#3770=CARTESIAN_POINT('',(1.11022302462516E-15,-4.2,1.11022302462516E-15));
#3771=CARTESIAN_POINT('Origin',(91.,0.,-25.3));
#3772=CARTESIAN_POINT('',(91.,0.,-25.3));
#3773=CARTESIAN_POINT('',(91.,0.,-30.));
#3774=CARTESIAN_POINT('',(91.,-4.2,-25.3));
#3775=CARTESIAN_POINT('',(91.,0.,-25.3));
#3776=CARTESIAN_POINT('',(91.,-4.2,-30.));
#3777=CARTESIAN_POINT('Origin',(95.2,0.,-25.3));
#3778=CARTESIAN_POINT('',(95.2,0.,-25.3));
#3779=CARTESIAN_POINT('',(95.2,0.,-25.3));
#3780=CARTESIAN_POINT('',(95.2,-4.2,-25.3));
#3781=CARTESIAN_POINT('',(95.2,0.,-25.3));
#3782=CARTESIAN_POINT('',(95.2,-4.2,-25.3));
#3783=CARTESIAN_POINT('Origin',(95.2,0.,-20.));
#3784=CARTESIAN_POINT('',(95.2,0.,-20.));
#3785=CARTESIAN_POINT('',(95.2,0.,-20.));
#3786=CARTESIAN_POINT('',(95.2,-4.2,-20.));
#3787=CARTESIAN_POINT('',(95.2,0.,-20.));
#3788=CARTESIAN_POINT('',(95.2,-4.2,-20.));
#3789=CARTESIAN_POINT('Origin',(91.,0.,-20.));
#3790=CARTESIAN_POINT('',(91.,0.,-20.));
#3791=CARTESIAN_POINT('',(91.,0.,-20.));
#3792=CARTESIAN_POINT('',(91.,-4.2,-20.));
#3793=CARTESIAN_POINT('',(91.,0.,-20.));
#3794=CARTESIAN_POINT('',(91.,-4.2,-20.));
#3795=CARTESIAN_POINT('Origin',(91.,0.,-15.3));
#3796=CARTESIAN_POINT('',(91.,0.,-15.3));
#3797=CARTESIAN_POINT('',(91.,0.,-30.));
#3798=CARTESIAN_POINT('',(91.,-4.2,-15.3));
#3799=CARTESIAN_POINT('',(91.,0.,-15.3));
#3800=CARTESIAN_POINT('',(91.,-4.2,-30.));
#3801=CARTESIAN_POINT('Origin',(95.2,0.,-15.3));
#3802=CARTESIAN_POINT('',(95.2,0.,-15.3));
#3803=CARTESIAN_POINT('',(95.2,0.,-15.3));
#3804=CARTESIAN_POINT('',(95.2,-4.2,-15.3));
#3805=CARTESIAN_POINT('',(95.2,0.,-15.3));
#3806=CARTESIAN_POINT('',(95.2,-4.2,-15.3));
#3807=CARTESIAN_POINT('Origin',(95.2,0.,-10.));
#3808=CARTESIAN_POINT('',(95.2,0.,-10.));
#3809=CARTESIAN_POINT('',(95.2,0.,-10.));
#3810=CARTESIAN_POINT('',(95.2,-4.2,-10.));
#3811=CARTESIAN_POINT('',(95.2,0.,-10.));
#3812=CARTESIAN_POINT('',(95.2,-4.2,-10.));
#3813=CARTESIAN_POINT('Origin',(91.,0.,-10.));
#3814=CARTESIAN_POINT('',(91.,0.,-10.));
#3815=CARTESIAN_POINT('',(91.,-4.2,-10.));
#3816=CARTESIAN_POINT('Origin',(45.5,-4.2,-15.));
#3817=CARTESIAN_POINT('Origin',(45.5,0.,-15.));
#3818=CARTESIAN_POINT('',(0.,0.,0.));
#3819=CARTESIAN_POINT('Origin',(-4.2,79.2,34.0000001490116));
#3820=CARTESIAN_POINT('',(-4.2,23.7,34.0000001490116));
#3821=CARTESIAN_POINT('',(-4.2,79.2,34.0000001490116));
#3822=CARTESIAN_POINT('',(-4.2,19.2,34.0000001490116));
#3823=CARTESIAN_POINT('',(-4.2,23.7,38.2000001490116));
#3824=CARTESIAN_POINT('',(-4.2,23.7,34.0000001490116));
#3825=CARTESIAN_POINT('',(-4.2,79.2,38.2000001490116));
#3826=CARTESIAN_POINT('',(-4.2,19.2,38.2000001490116));
#3827=CARTESIAN_POINT('',(-4.2,79.2,34.0000001490116));
#3828=CARTESIAN_POINT('Origin',(95.2,79.2,34.0000001490116));
#3829=CARTESIAN_POINT('',(95.2,79.2,34.0000001490116));
#3830=CARTESIAN_POINT('',(-4.2,79.2,34.0000001490116));
#3831=CARTESIAN_POINT('',(95.2,79.2,38.2000001490116));
#3832=CARTESIAN_POINT('',(-4.2,79.2,38.2000001490116));
#3833=CARTESIAN_POINT('',(95.2,79.2,34.0000001490116));
#3834=CARTESIAN_POINT('Origin',(95.2,19.2,34.0000001490116));
#3835=CARTESIAN_POINT('',(95.2,23.7,34.0000001490116));
#3836=CARTESIAN_POINT('',(95.2,79.2,34.0000001490116));
#3837=CARTESIAN_POINT('',(95.2,23.7,38.2000001490116));
#3838=CARTESIAN_POINT('',(95.2,79.2,38.2000001490116));
#3839=CARTESIAN_POINT('',(95.2,23.7,34.0000001490116));
#3840=CARTESIAN_POINT('Origin',(-4.2,23.7,34.0000001490116));
#3841=CARTESIAN_POINT('',(20.65,23.7,34.0000001490116));
#3842=CARTESIAN_POINT('',(20.65,23.7,38.2000001490116));
#3843=CARTESIAN_POINT('Origin',(45.5,49.2,38.2000001490116));
#3844=CARTESIAN_POINT('Origin',(45.5,49.2,34.0000001490116));
#3845=CARTESIAN_POINT('',(0.,0.,0.));
#3846=CARTESIAN_POINT('',(0.,0.,0.));
#3847=CARTESIAN_POINT('',(0.,0.,0.));
#3848=CARTESIAN_POINT('',(91.,0.,0.));
#3849=CARTESIAN_POINT('',(0.,75.,0.));
#3850=CARTESIAN_POINT('',(-8.88178419700125E-15,-4.2,-1.49011603056692E-7));
#3851=CARTESIAN_POINT('Origin',(0.,0.,0.));
#3852=UNCERTAINTY_MEASURE_WITH_UNIT(LENGTH_MEASURE(0.01),#3868,
'DISTANCE_ACCURACY_VALUE',
'Maximum model space distance between geometric entities at asserted c
onnectivities');
#3853=UNCERTAINTY_MEASURE_WITH_UNIT(LENGTH_MEASURE(0.01),#3868,
'DISTANCE_ACCURACY_VALUE',
'Maximum model space distance between geometric entities at asserted c
onnectivities');
#3854=UNCERTAINTY_MEASURE_WITH_UNIT(LENGTH_MEASURE(0.01),#3868,
'DISTANCE_ACCURACY_VALUE',
'Maximum model space distance between geometric entities at asserted c
onnectivities');
#3855=UNCERTAINTY_MEASURE_WITH_UNIT(LENGTH_MEASURE(0.01),#3868,
'DISTANCE_ACCURACY_VALUE',
'Maximum model space distance between geometric entities at asserted c
onnectivities');
#3856=UNCERTAINTY_MEASURE_WITH_UNIT(LENGTH_MEASURE(0.01),#3868,
'DISTANCE_ACCURACY_VALUE',
'Maximum model space distance between geometric entities at asserted c
onnectivities');
#3857=UNCERTAINTY_MEASURE_WITH_UNIT(LENGTH_MEASURE(0.01),#3868,
'DISTANCE_ACCURACY_VALUE',
'Maximum model space distance between geometric entities at asserted c
onnectivities');
#3858=UNCERTAINTY_MEASURE_WITH_UNIT(LENGTH_MEASURE(0.01),#3868,
'DISTANCE_ACCURACY_VALUE',
'Maximum model space distance between geometric entities at asserted c
onnectivities');
#3859=UNCERTAINTY_MEASURE_WITH_UNIT(LENGTH_MEASURE(0.01),#3868,
'DISTANCE_ACCURACY_VALUE',
'Maximum model space distance between geometric entities at asserted c
onnectivities');
#3860=(
GEOMETRIC_REPRESENTATION_CONTEXT(3)
GLOBAL_UNCERTAINTY_ASSIGNED_CONTEXT((#3852))
GLOBAL_UNIT_ASSIGNED_CONTEXT((#3868,#3870,#3871))
REPRESENTATION_CONTEXT('','3D')
);
#3861=(
GEOMETRIC_REPRESENTATION_CONTEXT(3)
GLOBAL_UNCERTAINTY_ASSIGNED_CONTEXT((#3853))
GLOBAL_UNIT_ASSIGNED_CONTEXT((#3868,#3870,#3871))
REPRESENTATION_CONTEXT('','3D')
);
#3862=(
GEOMETRIC_REPRESENTATION_CONTEXT(3)
GLOBAL_UNCERTAINTY_ASSIGNED_CONTEXT((#3854))
GLOBAL_UNIT_ASSIGNED_CONTEXT((#3868,#3870,#3871))
REPRESENTATION_CONTEXT('','3D')
);
#3863=(
GEOMETRIC_REPRESENTATION_CONTEXT(3)
GLOBAL_UNCERTAINTY_ASSIGNED_CONTEXT((#3855))
GLOBAL_UNIT_ASSIGNED_CONTEXT((#3868,#3870,#3871))
REPRESENTATION_CONTEXT('','3D')
);
#3864=(
GEOMETRIC_REPRESENTATION_CONTEXT(3)
GLOBAL_UNCERTAINTY_ASSIGNED_CONTEXT((#3856))
GLOBAL_UNIT_ASSIGNED_CONTEXT((#3868,#3870,#3871))
REPRESENTATION_CONTEXT('','3D')
);
#3865=(
GEOMETRIC_REPRESENTATION_CONTEXT(3)
GLOBAL_UNCERTAINTY_ASSIGNED_CONTEXT((#3857))
GLOBAL_UNIT_ASSIGNED_CONTEXT((#3868,#3870,#3871))
REPRESENTATION_CONTEXT('','3D')
);
#3866=(
GEOMETRIC_REPRESENTATION_CONTEXT(3)
GLOBAL_UNCERTAINTY_ASSIGNED_CONTEXT((#3858))
GLOBAL_UNIT_ASSIGNED_CONTEXT((#3868,#3870,#3871))
REPRESENTATION_CONTEXT('','3D')
);
#3867=(
GEOMETRIC_REPRESENTATION_CONTEXT(3)
GLOBAL_UNCERTAINTY_ASSIGNED_CONTEXT((#3859))
GLOBAL_UNIT_ASSIGNED_CONTEXT((#3868,#3870,#3871))
REPRESENTATION_CONTEXT('','3D')
);
#3868=(
LENGTH_UNIT()
NAMED_UNIT(*)
SI_UNIT(.MILLI.,.METRE.)
);
#3869=(
LENGTH_UNIT()
NAMED_UNIT(*)
SI_UNIT($,.METRE.)
);
#3870=(
NAMED_UNIT(*)
PLANE_ANGLE_UNIT()
SI_UNIT($,.RADIAN.)
);
#3871=(
NAMED_UNIT(*)
SI_UNIT($,.STERADIAN.)
SOLID_ANGLE_UNIT()
);
#3872=SHAPE_DEFINITION_REPRESENTATION(#3879,#3892);
#3873=SHAPE_DEFINITION_REPRESENTATION(#3880,#3893);
#3874=SHAPE_DEFINITION_REPRESENTATION(#3881,#3894);
#3875=SHAPE_DEFINITION_REPRESENTATION(#3882,#3895);
#3876=SHAPE_DEFINITION_REPRESENTATION(#3883,#3896);
#3877=SHAPE_DEFINITION_REPRESENTATION(#3884,#3897);
#3878=SHAPE_DEFINITION_REPRESENTATION(#3885,#3898);
#3879=PRODUCT_DEFINITION_SHAPE('',$,#3900);
#3880=PRODUCT_DEFINITION_SHAPE('',$,#3901);
#3881=PRODUCT_DEFINITION_SHAPE('',$,#3902);
#3882=PRODUCT_DEFINITION_SHAPE('',$,#3903);
#3883=PRODUCT_DEFINITION_SHAPE('',$,#3904);
#3884=PRODUCT_DEFINITION_SHAPE('',$,#3905);
#3885=PRODUCT_DEFINITION_SHAPE('',$,#3906);
#3886=PRODUCT_DEFINITION_SHAPE($,$,#32);
#3887=PRODUCT_DEFINITION_SHAPE($,$,#33);
#3888=PRODUCT_DEFINITION_SHAPE($,$,#34);
#3889=PRODUCT_DEFINITION_SHAPE($,$,#35);
#3890=PRODUCT_DEFINITION_SHAPE($,$,#36);
#3891=PRODUCT_DEFINITION_SHAPE($,$,#37);
#3892=SHAPE_REPRESENTATION('',(#2452,#2579,#2580,#2581,#2582,#2583,#2584),
#3860);
#3893=SHAPE_REPRESENTATION('',(#2453),#3861);
#3894=SHAPE_REPRESENTATION('',(#2460),#3862);
#3895=SHAPE_REPRESENTATION('',(#2487),#3863);
#3896=SHAPE_REPRESENTATION('',(#2516),#3864);
#3897=SHAPE_REPRESENTATION('',(#2545),#3865);
#3898=SHAPE_REPRESENTATION('',(#2572),#3866);
#3899=PRODUCT_DEFINITION_CONTEXT('part definition',#3922,'design');
#3900=PRODUCT_DEFINITION('UselessBoxCardboard','UselessBoxCardboard v7',
#3907,#3899);
#3901=PRODUCT_DEFINITION('bottom panel','bottom panel',#3908,#3899);
#3902=PRODUCT_DEFINITION('front panel','front panel',#3909,#3899);
#3903=PRODUCT_DEFINITION('left panel','left panel',#3910,#3899);
#3904=PRODUCT_DEFINITION('right panel','right panel',#3911,#3899);
#3905=PRODUCT_DEFINITION('back panel','back panel',#3912,#3899);
#3906=PRODUCT_DEFINITION('lid','lid',#3913,#3899);
#3907=PRODUCT_DEFINITION_FORMATION('',$,#3924);
#3908=PRODUCT_DEFINITION_FORMATION('',$,#3925);
#3909=PRODUCT_DEFINITION_FORMATION('',$,#3926);
#3910=PRODUCT_DEFINITION_FORMATION('',$,#3927);
#3911=PRODUCT_DEFINITION_FORMATION('',$,#3928);
#3912=PRODUCT_DEFINITION_FORMATION('',$,#3929);
#3913=PRODUCT_DEFINITION_FORMATION('',$,#3930);
#3914=PRODUCT_RELATED_PRODUCT_CATEGORY('UselessBoxCardboard v7',
'UselessBoxCardboard v7',(#3924));
#3915=PRODUCT_RELATED_PRODUCT_CATEGORY('bottom panel','bottom panel',(#3925));
#3916=PRODUCT_RELATED_PRODUCT_CATEGORY('front panel','front panel',(#3926));
#3917=PRODUCT_RELATED_PRODUCT_CATEGORY('left panel','left panel',(#3927));
#3918=PRODUCT_RELATED_PRODUCT_CATEGORY('right panel','right panel',(#3928));
#3919=PRODUCT_RELATED_PRODUCT_CATEGORY('back panel','back panel',(#3929));
#3920=PRODUCT_RELATED_PRODUCT_CATEGORY('lid','lid',(#3930));
#3921=APPLICATION_PROTOCOL_DEFINITION('international standard',
'automotive_design',2009,#3922);
#3922=APPLICATION_CONTEXT(
'Core Data for Automotive Mechanical Design Process');
#3923=PRODUCT_CONTEXT('part definition',#3922,'mechanical');
#3924=PRODUCT('UselessBoxCardboard','UselessBoxCardboard v7',$,(#3923));
#3925=PRODUCT('bottom panel','bottom panel',$,(#3923));
#3926=PRODUCT('front panel','front panel',$,(#3923));
#3927=PRODUCT('left panel','left panel',$,(#3923));
#3928=PRODUCT('right panel','right panel',$,(#3923));
#3929=PRODUCT('back panel','back panel',$,(#3923));
#3930=PRODUCT('lid','lid',$,(#3923));
#3931=PRESENTATION_STYLE_ASSIGNMENT((#3937));
#3932=PRESENTATION_STYLE_ASSIGNMENT((#3938));
#3933=PRESENTATION_STYLE_ASSIGNMENT((#3939));
#3934=PRESENTATION_STYLE_ASSIGNMENT((#3940));
#3935=PRESENTATION_STYLE_ASSIGNMENT((#3941));
#3936=PRESENTATION_STYLE_ASSIGNMENT((NULL_STYLE(.NULL.)));
#3937=SURFACE_STYLE_USAGE(.BOTH.,#3942);
#3938=SURFACE_STYLE_USAGE(.BOTH.,#3943);
#3939=SURFACE_STYLE_USAGE(.BOTH.,#3944);
#3940=SURFACE_STYLE_USAGE(.BOTH.,#3945);
#3941=SURFACE_STYLE_USAGE(.BOTH.,#3946);
#3942=SURFACE_SIDE_STYLE('',(#3947));
#3943=SURFACE_SIDE_STYLE('',(#3948));
#3944=SURFACE_SIDE_STYLE('',(#3949));
#3945=SURFACE_SIDE_STYLE('',(#3950));
#3946=SURFACE_SIDE_STYLE('',(#3951));
#3947=SURFACE_STYLE_FILL_AREA(#3952);
#3948=SURFACE_STYLE_FILL_AREA(#3953);
#3949=SURFACE_STYLE_FILL_AREA(#3954);
#3950=SURFACE_STYLE_FILL_AREA(#3955);
#3951=SURFACE_STYLE_FILL_AREA(#3956);
#3952=FILL_AREA_STYLE('Steel - Satin',(#3957));
#3953=FILL_AREA_STYLE('Plastic - Matte (Red)',(#3958));
#3954=FILL_AREA_STYLE('Plastic - Matte (White)',(#3959));
#3955=FILL_AREA_STYLE('Plastic - Matte (Blue)',(#3960));
#3956=FILL_AREA_STYLE('Plastic - Matte (Green)',(#3961));
#3957=FILL_AREA_STYLE_COLOUR('Steel - Satin',#3962);
#3958=FILL_AREA_STYLE_COLOUR('Plastic - Matte (Red)',#3963);
#3959=FILL_AREA_STYLE_COLOUR('Plastic - Matte (White)',#3964);
#3960=FILL_AREA_STYLE_COLOUR('Plastic - Matte (Blue)',#3965);
#3961=FILL_AREA_STYLE_COLOUR('Plastic - Matte (Green)',#3966);
#3962=COLOUR_RGB('Steel - Satin',0.627450980392157,0.627450980392157,0.627450980392157);
#3963=COLOUR_RGB('Plastic - Matte (Red)',0.768627450980392,0.207843137254902,
0.152941176470588);
#3964=COLOUR_RGB('Plastic - Matte (White)',0.964705882352941,0.964705882352941,
0.952941176470588);
#3965=COLOUR_RGB('Plastic - Matte (Blue)',0.188235294117647,0.231372549019608,
0.588235294117647);
#3966=COLOUR_RGB('Plastic - Matte (Green)',0.266666666666667,0.588235294117647,
0.282352941176471);
ENDSEC;
END-ISO-10303-21;
